order_id,customer_id,order_date,product_category,product_name,unit_price,quantity,region,payment_method,customer_age,delivery_days,rating,revenue
3636,CUST0881,2025-10-25,Sports,Dumbbell Set,5955.92,1,West,Credit Card,25.0,3.0,5.0,5955.92
3912,CUST0438,2024-07-23,Beauty,Hair Dryer,460.35,1,East,Credit Card,16.0,5.0,5.0,460.35
1581,CUST0898,2025-10-24,Home & Kitchen,Coffee Maker,2820.58,1,north,UPI,31.0,2.0,4.0,2820.58
3330,CUST0246,2025-05-03,Fashion,Running Shoes,5091.47,1,North,Credit Card,35.0,2.0,5.0,5091.47
3375,CUST0179,2024-05-23,Fashion,Denim Jacket,3767.89,1,north,UPI,37.0,2.0,3.0,3767.89
1825,CUST0166,2024-08-22,Electronics,Smartwatch,5369.09,1,west,NET BANKING,28.0,1.0,5.0,5369.09
3727,CUST0191,2024-04-30,Fashion,Running Shoes,4498.64,1,West,Debit Card,26.0,7.0,5.0,4498.64
1126,CUST0401,2024-10-27,Fashion,Running Shoes,4578.8,3,East,UPI,40.0,6.0,5.0,13736.4
1671,CUST0479,2024-11-12,Electronics,Smartwatch,2684.52,2,Central,UPI,27.0,3.0,4.0,5369.04
2764,CUST0250,2024-06-11,Electronics,Smartwatch,1276.25,1,north,UPI,16.0,1.0,3.0,1276.25
2083,CUST0860,2025-02-22,Beauty,Lip Balm Set,5449.38,5,North,Net Banking,20.0,3.0,3.0,27246.9
3816,CUST0200,2025-04-16,Electronics,Power Bank,5152.37,1,Central,UPI,20.0,10.0,,5152.37
1985,CUST0723,2024-06-27,Fashion,Denim Jacket,2414.71,1,Central,Net Banking,27.0,4.0,5.0,2414.71
2594,CUST0864,2024-02-20,Electronics,Smartwatch,479.18,1,West,Debit Card,32.0,5.0,4.0,479.18
1225,CUST0183,2025-12-04,Fashion,Sunglasses,3149.11,1,Central,UPI,30.0,1.0,5.0,3149.11
3462,CUST0304,2024-03-27,Electronics,Smartwatch,3040.32,1,West,UPI,45.0,6.0,5.0,3040.32
3528,CUST0257,2024-04-12,Home & Kitchen,Storage Boxes,4954.2,1,Central,UPI,22.0,4.0,5.0,4954.2
2597,CUST0270,2025-05-16,Sports,Football,1790.51,1,,Credit Card,,,,1790.51
3107,CUST0821,2024-06-09,Sports,Resistance Bands,3360.17,1,West,CREDIT CARD,23.0,2.0,5.0,3360.17
2889,CUST0203,2025-10-16,Home & Kitchen,Storage Boxes,4314.69,1,East,UPI,34.0,4.0,5.0,4314.69
2464,CUST0443,2024-09-19,Home & Kitchen,Storage Boxes,3539.52,2,central,UPI,48.0,5.0,4.0,7079.04
3269,CUST0005,2025-04-07,Sports,Cricket Bat,5733.68,1,West,Debit Card,47.0,1.0,4.0,5733.68
1357,CUST0473,2024-09-29,Home & Kitchen,Wall Clock,1869.6,1,Central,Credit Card,38.0,5.0,4.0,1869.6
2715,CUST0309,2025-07-14,Electronics,Power Bank,326.34,2,South,Net Banking,25.0,5.0,3.0,652.68
1761,CUST0550,2024-10-05,Electronics,Power Bank,1456.04,2,Central,Cash on Delivery,34.0,4.0,5.0,2912.08
2184,CUST0645,2024-09-02,Electronics,Phone Case,2441.61,1,West,Cash on Delivery,31.0,2.0,3.0,2441.61
3053,CUST0112,2024-04-14,Electronics,Power Bank,4800.6,1,West,UPI,45.0,2.0,5.0,4800.6
3618,CUST0164,2024-08-20,Beauty,Hair Dryer,2386.2,1,West,Cash on Delivery,34.0,4.0,4.0,2386.2
3824,CUST0562,2024-11-19,Electronics,Smartwatch,5020.44,1,Central,Net Banking,37.0,4.0,4.0,5020.44
1341,CUST0375,2024-07-11,Home & Kitchen,Storage Boxes,1199.23,2,West,Debit Card,49.0,5.0,3.0,2398.46
2326,CUST0681,2025-03-28,Home & Kitchen,Storage Boxes,4243.65,1,east,Cash on Delivery,37.0,1.0,5.0,4243.65
1469,CUST0840,2024-12-28,Fashion,Denim Jacket,1712.39,1,west,Net Banking,28.0,7.0,3.0,1712.39
3064,CUST0272,2025-09-11,Fashion,Leather Wallet,769.36,1,Central,Credit Card,27.0,3.0,5.0,769.36
2398,CUST0499,2024-07-29,Electronics,Wireless Earbuds,5256.31,1,North,Net Banking,53.0,2.0,5.0,5256.31
3986,CUST0716,2025-11-09,Electronics,Bluetooth Speaker,187.01,1,Central,Cash on Delivery,33.0,3.0,5.0,187.01
2730,CUST0249,2024-03-11,Fashion,Denim Jacket,1233.28,1,central,Cash on Delivery,16.0,4.0,5.0,1233.28
2421,CUST0295,2024-01-03,Beauty,Face Serum,1928.81,1,Central,Cash on Delivery,32.0,3.0,5.0,1928.81
3434,CUST0242,2024-02-18,Fashion,Denim Jacket,2162.85,2,South,Debit Card,43.0,2.0,2.0,4325.7
1378,CUST0751,2025-01-22,Home & Kitchen,LED Desk Lamp,3438.8,2,East,NET BANKING,49.0,1.0,4.0,6877.6
3670,CUST0541,2024-12-15,Fashion,Running Shoes,2535.82,1,East,Net Banking,17.0,7.0,5.0,2535.82
3238,CUST0133,2025-12-06,Beauty,Lip Balm Set,4463.64,2,East,Net Banking,33.0,3.0,2.0,8927.28
1503,CUST0279,2025-06-25,Fashion,Sunglasses,2295.77,1,central,UPI,46.0,2.0,5.0,2295.77
2348,CUST0877,2024-12-01,Home & Kitchen,LED Desk Lamp,3070.7,1,Central,UPI,25.0,7.0,3.0,3070.7
2754,CUST0863,2025-12-25,Electronics,Smartwatch,750.93,1,North,Debit Card,39.0,4.0,4.0,750.93
2496,CUST0205,2025-11-01,Sports,Resistance Bands,1993.98,2,east,UPI,25.0,3.0,3.0,3987.96
3431,CUST0560,2024-12-07,Beauty,Sunscreen SPF50,4319.37,2,west,DEBIT CARD,30.0,3.0,5.0,8638.74
3205,CUST0748,2024-07-01,Electronics,Smartwatch,249.04,2,Central,Cash on Delivery,28.0,3.0,5.0,498.08
3514,CUST0221,2025-10-22,Fashion,Leather Wallet,154.38,1,East,Cash on Delivery,28.0,2.0,5.0,154.38
2743,CUST0212,2024-10-07,Electronics,Bluetooth Speaker,509.23,2,North,UPI,16.0,10.0,5.0,1018.46
2676,CUST0767,2025-05-29,Home & Kitchen,Coffee Maker,4841.39,1,East,Net Banking,43.0,7.0,3.0,4841.39
3930,CUST0737,2025-02-16,Sports,Dumbbell Set,1175.8,2,South,UPI,23.0,3.0,,2351.6
1096,CUST0507,2024-11-07,Home & Kitchen,Wall Clock,1407.4,1,east,Net Banking,42.0,2.0,4.0,1407.4
1667,CUST0104,2024-01-14,Home & Kitchen,LED Desk Lamp,3192.68,1,West,Credit Card,23.0,3.0,5.0,3192.68
3383,CUST0780,2025-04-01,Sports,Cricket Bat,1555.82,1,south,Net Banking,27.0,4.0,4.0,1555.82
2124,CUST0770,2025-10-13,Fashion,Leather Wallet,1745.16,1,South,UPI,31.0,6.0,5.0,1745.16
1593,CUST0214,2025-10-10,Sports,Football,746.07,1,North,Debit Card,35.0,6.0,5.0,746.07
2211,CUST0428,2024-07-13,Electronics,Wireless Earbuds,4704.54,2,West,Credit Card,44.0,4.0,4.0,9409.08
2232,CUST0655,2025-11-29,Home & Kitchen,Non-stick Pan,1331.34,2,North,UPI,37.0,4.0,4.0,2662.68
3686,CUST0295,2025-09-01,Beauty,Face Serum,3309.08,1,Central,UPI,29.0,6.0,4.0,3309.08
1122,CUST0208,2025-06-10,Fashion,Denim Jacket,4513.15,1,South,Net Banking,31.0,6.0,5.0,4513.15
2391,CUST0865,2024-01-24,Fashion,Cotton T-Shirt,1008.67,3,Central,UPI,23.0,4.0,4.0,3026.01
2436,CUST0266,2025-08-04,Home & Kitchen,Coffee Maker,1167.27,1,north,Net Banking,40.0,6.0,5.0,1167.27
1620,CUST0808,2024-10-28,Electronics,Bluetooth Speaker,253.63,2,central,Credit Card,30.0,1.0,5.0,507.26
2193,CUST0092,2024-04-25,Fashion,Leather Wallet,1257.73,1,South,Net Banking,48.0,1.0,3.0,1257.73
2705,CUST0302,2024-04-12,Beauty,Lip Balm Set,3375.32,1,South,Credit Card,29.0,6.0,4.0,3375.32
3716,CUST0844,2024-03-28,Beauty,Face Serum,3725.25,1,Central,UPI,37.0,6.0,4.0,3725.25
3590,CUST0794,2024-06-16,Fashion,Leather Wallet,4366.0,1,East,UPI,19.0,1.0,5.0,4366.0
2645,CUST0034,2025-12-11,Sports,Dumbbell Set,3456.57,1,East,Credit Card,26.0,6.0,5.0,3456.57
2470,CUST0417,2024-02-29,Home & Kitchen,Storage Boxes,1089.02,1,South,UPI,24.0,2.0,5.0,1089.02
3931,CUST0376,2025-01-14,Electronics,Smartwatch,4712.0,2,East,Credit Card,38.0,2.0,4.0,9424.0
3285,CUST0694,2024-04-23,Sports,Dumbbell Set,4275.96,1,North,Credit Card,22.0,4.0,5.0,4275.96
2309,CUST0215,2025-07-31,Electronics,Wireless Earbuds,4395.69,1,West,UPI,23.0,4.0,4.0,4395.69
3843,CUST0112,2024-05-03,Electronics,Bluetooth Speaker,1651.54,2,East,Credit Card,19.0,6.0,5.0,3303.08
3190,CUST0527,2025-09-09,Electronics,Smartwatch,3900.35,1,West,Cash on Delivery,29.0,1.0,5.0,3900.35
3255,CUST0368,2025-01-07,Fashion,Leather Wallet,1353.41,1,East,Net Banking,29.0,5.0,4.0,1353.41
3574,CUST0157,2025-09-30,Sports,Dumbbell Set,3759.77,2,North,Credit Card,27.0,4.0,5.0,7519.54
2532,CUST0412,2024-01-09,Fashion,Running Shoes,4925.77,2,North,UPI,36.0,1.0,5.0,9851.54
2958,CUST0178,2025-10-17,Beauty,Hair Dryer,1420.22,1,,UPI,,,,1420.22
3749,CUST0771,2024-06-27,Beauty,Face Serum,2760.43,2,West,Debit Card,33.0,6.0,5.0,5520.86
2152,CUST0828,2025-05-15,Sports,Resistance Bands,3710.82,3,West,Net Banking,34.0,10.0,4.0,11132.46
3395,CUST0006,2024-08-14,Sports,Dumbbell Set,2790.28,1,East,Net Banking,20.0,5.0,4.0,2790.28
1650,CUST0892,2024-12-06,Sports,Yoga Mat,3638.9,1,south,UPI,53.0,5.0,4.0,3638.9
1848,CUST0045,2025-09-08,Sports,Yoga Mat,3151.5,1,West,Debit Card,25.0,5.0,1.0,3151.5
2722,CUST0855,2025-06-27,Fashion,Running Shoes,2717.26,3,South,CREDIT CARD,30.0,3.0,5.0,8151.78
3977,CUST0005,2025-01-25,Electronics,Bluetooth Speaker,5146.99,2,West,Net Banking,36.0,7.0,4.0,10293.98
3706,CUST0145,2025-11-03,Home & Kitchen,Coffee Maker,467.07,1,west,Credit Card,25.0,4.0,4.0,467.07
3281,CUST0297,2025-07-14,Fashion,Running Shoes,4548.56,1,west,Debit Card,46.0,5.0,5.0,4548.56
3838,CUST0878,2024-11-22,Fashion,Running Shoes,2984.54,2,west,Net Banking,23.0,3.0,4.0,5969.08
1960,CUST0010,2025-01-25,Fashion,Cotton T-Shirt,1407.78,2,West,Credit Card,25.0,5.0,4.0,2815.56
2486,CUST0274,2024-07-17,Electronics,Smartwatch,1532.51,1,central,UPI,31.0,1.0,3.0,1532.51
3425,CUST0368,2025-08-23,Sports,Dumbbell Set,1386.49,1,West,UPI,42.0,3.0,5.0,1386.49
2055,CUST0081,2025-12-18,Electronics,Power Bank,2749.7,1,East,Debit Card,39.0,1.0,5.0,2749.7
2691,CUST0191,2024-11-07,Fashion,Running Shoes,4542.36,1,West,Net Banking,38.0,3.0,4.0,4542.36
3201,CUST0824,2025-08-11,Beauty,Sunscreen SPF50,2439.63,1,East,Net Banking,34.0,4.0,5.0,2439.63
3566,CUST0534,2024-09-29,Electronics,Bluetooth Speaker,5762.45,2,North,Debit Card,33.0,2.0,4.0,11524.9
3939,CUST0293,2025-07-09,Sports,Dumbbell Set,1400.46,2,central,UPI,44.0,3.0,5.0,2800.92
2418,CUST0713,2024-09-04,Electronics,Smartwatch,2654.55,5,South,UPI,21.0,3.0,5.0,13272.75
3791,CUST0254,2025-01-11,Fashion,Denim Jacket,2315.54,1,West,UPI,32.0,6.0,3.0,2315.54
1207,CUST0887,2025-11-18,Sports,Football,1039.81,1,North,Credit Card,25.0,6.0,5.0,1039.81
1893,CUST0816,2024-09-30,Electronics,Power Bank,1652.46,1,South,Cash on Delivery,31.0,4.0,5.0,1652.46
1929,CUST0603,2025-08-21,Sports,Resistance Bands,701.31,1,east,Debit Card,40.0,3.0,3.0,701.31
1639,CUST0234,2025-01-30,Electronics,Wireless Earbuds,534.92,2,North,UPI,26.0,3.0,5.0,1069.84
3722,CUST0806,2024-11-29,Electronics,Wireless Earbuds,2278.61,1,West,Credit Card,31.0,3.0,5.0,2278.61
3511,CUST0209,2024-03-19,Home & Kitchen,Storage Boxes,1978.3,1,central,UPI,28.0,5.0,3.0,1978.3
1281,CUST0282,2025-02-04,Electronics,Wireless Earbuds,1016.84,1,central,Credit Card,28.0,4.0,4.0,1016.84
1417,CUST0467,2025-06-06,Sports,Dumbbell Set,2314.64,1,North,UPI,26.0,4.0,4.0,2314.64
1741,CUST0200,2024-05-11,Home & Kitchen,Storage Boxes,5022.43,1,South,Credit Card,33.0,7.0,4.0,5022.43
1181,CUST0288,2024-07-01,Fashion,Denim Jacket,705.82,1,West,UPI,16.0,2.0,4.0,705.82
3809,CUST0695,2025-08-06,Fashion,Sunglasses,4546.96,1,South,Debit Card,16.0,4.0,3.0,4546.96
3874,CUST0518,2025-02-10,Fashion,Cotton T-Shirt,1411.89,1,North,UPI,40.0,3.0,5.0,1411.89
1427,CUST0426,2025-08-29,Sports,Football,4949.85,2,West,Cash on Delivery,16.0,5.0,4.0,9899.7
3086,CUST0451,2025-01-31,Fashion,Running Shoes,2477.01,1,East,Credit Card,19.0,2.0,4.0,2477.01
2388,CUST0017,2024-10-27,Electronics,Wireless Earbuds,3359.76,1,Central,Net Banking,36.0,1.0,4.0,3359.76
2618,CUST0768,2025-06-26,Electronics,Bluetooth Speaker,5092.95,1,West,UPI,32.0,2.0,3.0,5092.95
3153,CUST0701,2025-04-20,Fashion,Leather Wallet,5337.84,1,West,Credit Card,24.0,2.0,1.0,5337.84
3499,CUST0330,2025-01-22,Fashion,Denim Jacket,1481.86,1,South,UPI,37.0,4.0,5.0,1481.86
2864,CUST0466,2025-10-02,Fashion,Cotton T-Shirt,2322.02,1,West,Credit Card,24.0,3.0,5.0,2322.02
3506,CUST0098,2024-09-27,Electronics,Wireless Earbuds,3211.9,1,west,UPI,36.0,2.0,5.0,3211.9
3315,CUST0779,2024-08-19,Sports,Yoga Mat,3233.85,1,South,Credit Card,32.0,3.0,5.0,3233.85
3347,CUST0008,2024-07-07,Home & Kitchen,Coffee Maker,519.59,2,East,UPI,33.0,5.0,3.0,1039.18
1306,CUST0575,2024-06-18,Home & Kitchen,Non-stick Pan,4250.08,1,West,UPI,34.0,4.0,5.0,4250.08
2577,CUST0398,2024-10-19,Beauty,Face Serum,1555.44,3,central,DEBIT CARD,35.0,3.0,3.0,4666.32
2087,CUST0083,2025-10-28,Electronics,Phone Case,3492.48,1,East,Debit Card,23.0,4.0,5.0,3492.48
3798,CUST0550,2024-11-10,Electronics,Bluetooth Speaker,255.44,1,South,UPI,40.0,4.0,4.0,255.44
3249,CUST0689,2024-05-28,Beauty,Lip Balm Set,5518.88,1,West,Cash on Delivery,16.0,3.0,5.0,5518.88
2748,CUST0447,2025-03-31,Sports,Cricket Bat,1043.81,1,South,UPI,42.0,4.0,3.0,1043.81
3471,CUST0716,2024-08-07,Beauty,Face Serum,1444.13,1,North,Debit Card,28.0,6.0,4.0,1444.13
3737,CUST0150,2025-08-16,Sports,Yoga Mat,1152.2,2,south,Cash on Delivery,19.0,4.0,4.0,2304.4
1428,CUST0433,2024-03-25,Beauty,Face Serum,2572.73,3,West,UPI,41.0,3.0,5.0,7718.19
3835,CUST0283,2024-02-16,Electronics,Phone Case,501.3,1,West,UPI,22.0,2.0,5.0,501.3
2082,CUST0707,2025-02-19,Sports,Football,167.33,1,East,UPI,16.0,3.0,5.0,167.33
3567,CUST0308,2024-06-20,Beauty,Lip Balm Set,4606.83,3,East,Credit Card,26.0,3.0,4.0,13820.49
2241,CUST0286,2025-01-15,Home & Kitchen,Wall Clock,5305.75,1,West,Debit Card,25.0,4.0,5.0,5305.75
3619,CUST0342,2024-03-28,Electronics,Phone Case,978.25,2,North,UPI,34.0,6.0,4.0,1956.5
3513,CUST0807,2024-02-11,Electronics,Smartwatch,5168.69,2,east,UPI,32.0,4.0,5.0,10337.38
1431,CUST0327,2024-06-23,Beauty,Hair Dryer,3108.33,1,West,UPI,33.0,4.0,5.0,3108.33
2258,CUST0085,2025-04-15,Electronics,Smartwatch,3826.7,1,South,Debit Card,27.0,2.0,4.0,3826.7
2779,CUST0019,2025-07-25,Beauty,Face Serum,360.18,1,South,Credit Card,31.0,4.0,3.0,360.18
1297,CUST0084,2024-02-02,Home & Kitchen,Coffee Maker,1821.69,1,West,Cash on Delivery,21.0,1.0,4.0,1821.69
2545,CUST0876,2024-10-07,Home & Kitchen,Wall Clock,302.27,1,Central,Cash on Delivery,25.0,4.0,4.0,302.27
2468,CUST0160,2024-06-01,Home & Kitchen,Non-stick Pan,1797.04,1,south,Credit Card,34.0,7.0,4.0,1797.04
3359,CUST0108,2025-08-09,Beauty,Face Serum,3468.53,2,Central,Debit Card,33.0,5.0,4.0,6937.06
3133,CUST0409,2024-03-15,Sports,Dumbbell Set,4406.36,1,central,Net Banking,44.0,3.0,4.0,4406.36
3542,CUST0451,2024-09-29,Home & Kitchen,Non-stick Pan,878.94,2,North,Net Banking,39.0,3.0,5.0,1757.88
2228,CUST0778,2025-04-25,Beauty,Makeup Kit,3178.02,2,Central,Net Banking,48.0,4.0,3.0,6356.04
1319,CUST0499,2025-05-23,Sports,Cricket Bat,2576.2,2,Central,CREDIT CARD,35.0,3.0,5.0,5152.4
2214,CUST0202,2024-06-15,Electronics,Phone Case,1401.29,1,East,Net Banking,32.0,5.0,4.0,1401.29
3415,CUST0608,2024-11-06,Home & Kitchen,Coffee Maker,457.03,1,South,Debit Card,27.0,3.0,3.0,457.03
3559,CUST0131,2025-02-23,Electronics,Power Bank,5783.47,1,East,Cash on Delivery,32.0,2.0,4.0,5783.47
2456,CUST0141,2024-06-23,Fashion,Sunglasses,4114.04,1,East,Credit Card,19.0,4.0,4.0,4114.04
2865,CUST0193,2025-03-24,Sports,Resistance Bands,231.79,1,South,Debit Card,36.0,3.0,4.0,231.79
1946,CUST0680,2024-06-07,Beauty,Face Serum,1605.58,1,South,Net Banking,36.0,4.0,1.0,1605.58
1583,CUST0333,2024-11-18,Home & Kitchen,Coffee Maker,2664.59,1,Central,Net Banking,30.0,10.0,1.0,2664.59
2708,CUST0721,2025-11-01,Electronics,Phone Case,1700.32,1,North,Credit Card,31.0,5.0,3.0,1700.32
2377,CUST0562,2024-03-22,Beauty,Face Serum,4718.83,1,Central,UPI,30.0,4.0,5.0,4718.83
3074,CUST0136,2025-12-27,Sports,Dumbbell Set,4899.21,1,East,Cash on Delivery,35.0,6.0,2.0,4899.21
1363,CUST0293,2025-03-25,Electronics,Smartwatch,4057.03,3,South,Debit Card,38.0,4.0,4.0,12171.09
3889,CUST0234,2025-02-02,Beauty,Hair Dryer,5370.87,1,West,Credit Card,25.0,4.0,3.0,5370.87
3068,CUST0878,2024-05-30,Electronics,Smartwatch,5901.68,3,East,Credit Card,19.0,4.0,5.0,17705.04
2632,CUST0888,2025-03-13,Fashion,Running Shoes,2718.83,1,West,Debit Card,17.0,2.0,5.0,2718.83
3518,CUST0667,2024-04-02,Home & Kitchen,Storage Boxes,1306.79,1,West,UPI,32.0,4.0,4.0,1306.79
1805,CUST0059,2024-05-11,Electronics,Bluetooth Speaker,753.41,3,East,Debit Card,27.0,4.0,4.0,2260.23
3679,CUST0502,2025-12-05,Sports,Cricket Bat,4065.94,3,West,CREDIT CARD,41.0,6.0,5.0,12197.82
1515,CUST0728,2025-03-08,Beauty,Hair Dryer,1801.54,1,East,Credit Card,33.0,2.0,5.0,1801.54
1890,CUST0476,2025-03-29,Electronics,Smartwatch,757.08,2,East,Net Banking,31.0,1.0,5.0,1514.16
1260,CUST0100,2024-07-28,Sports,Resistance Bands,3379.61,1,east,Debit Card,42.0,4.0,4.0,3379.61
3654,CUST0288,2024-07-21,Fashion,Leather Wallet,4660.92,1,South,Credit Card,28.0,4.0,5.0,4660.92
2772,CUST0164,2024-04-26,Fashion,Leather Wallet,598.13,3,West,UPI,46.0,2.0,1.0,1794.39
3715,CUST0723,2024-09-17,Electronics,Bluetooth Speaker,2573.55,1,West,CREDIT CARD,38.0,2.0,2.0,2573.55
3057,CUST0179,2025-04-02,Electronics,Power Bank,1920.24,3,East,Debit Card,37.0,10.0,5.0,5760.72
1751,CUST0345,2025-10-08,Home & Kitchen,Non-stick Pan,3674.69,1,Central,Cash on Delivery,26.0,4.0,2.0,3674.69
2732,CUST0298,2025-01-15,Home & Kitchen,Wall Clock,1360.68,1,South,Debit Card,36.0,3.0,5.0,1360.68
3575,CUST0680,2024-01-28,Sports,Resistance Bands,1948.2,2,east,UPI,24.0,6.0,4.0,3896.4
1071,CUST0236,2024-11-14,Beauty,Face Serum,4136.79,2,North,NET BANKING,25.0,3.0,4.0,8273.58
2033,CUST0096,2024-06-10,Home & Kitchen,Wall Clock,4010.8,2,South,NET BANKING,21.0,2.0,5.0,8021.6
2931,CUST0733,2025-11-04,Fashion,Cotton T-Shirt,5361.27,2,South,CASH ON DELIVERY,16.0,2.0,4.0,10722.54
3821,CUST0637,2024-11-17,Electronics,Phone Case,687.75,1,South,Credit Card,27.0,7.0,4.0,687.75
1527,CUST0700,2025-10-25,Electronics,Smartwatch,4215.58,1,West,UPI,43.0,2.0,4.0,4215.58
1455,CUST0602,2025-03-14,Sports,Yoga Mat,3078.39,1,Central,UPI,22.0,3.0,5.0,3078.39
3308,CUST0849,2024-11-08,Electronics,Phone Case,3414.9,2,Central,Credit Card,31.0,2.0,5.0,6829.8
2319,CUST0571,2024-01-08,Electronics,Wireless Earbuds,5907.43,2,South,UPI,16.0,2.0,4.0,11814.86
1035,CUST0608,2024-09-10,Fashion,Cotton T-Shirt,2688.03,1,South,Cash on Delivery,45.0,1.0,4.0,2688.03
2611,CUST0674,2024-02-05,Beauty,Sunscreen SPF50,4810.6,1,Central,Cash on Delivery,43.0,3.0,5.0,4810.6
3243,CUST0173,2025-08-20,Electronics,Phone Case,3588.19,1,Central,UPI,16.0,4.0,5.0,3588.19
3171,CUST0598,2024-11-06,Sports,Yoga Mat,2443.6,1,West,UPI,41.0,3.0,4.0,2443.6
2671,CUST0116,2024-04-21,Sports,Cricket Bat,4798.88,2,South,UPI,40.0,3.0,5.0,9597.76
2189,CUST0555,2024-03-07,Fashion,Leather Wallet,4551.79,1,East,Debit Card,36.0,3.0,5.0,4551.79
1774,CUST0235,2024-05-23,Home & Kitchen,Coffee Maker,344.94,2,West,UPI,41.0,2.0,,689.88
3522,CUST0825,2024-05-05,Fashion,Denim Jacket,2390.61,1,North,Net Banking,35.0,3.0,1.0,2390.61
3097,CUST0599,2025-12-15,Fashion,Sunglasses,1567.32,1,East,Credit Card,36.0,5.0,,1567.32
3038,CUST0027,2025-04-03,Fashion,Running Shoes,2166.13,2,North,Debit Card,27.0,2.0,4.0,4332.26
3159,CUST0468,2024-12-24,Home & Kitchen,Non-stick Pan,3198.32,5,South,Debit Card,22.0,3.0,3.0,15991.6
1373,CUST0890,2024-01-30,Beauty,Hair Dryer,5201.27,1,Central,Net Banking,34.0,4.0,4.0,5201.27
1884,CUST0250,2024-06-18,Sports,Dumbbell Set,3437.59,1,East,Credit Card,34.0,3.0,5.0,3437.59
1119,CUST0285,2024-08-14,Sports,Football,3627.22,1,South,UPI,42.0,2.0,1.0,3627.22
2011,CUST0685,2024-03-02,Sports,Resistance Bands,4736.76,1,East,UPI,35.0,1.0,5.0,4736.76
2650,CUST0651,2024-08-12,Electronics,Smartwatch,4379.55,1,Central,Debit Card,38.0,4.0,4.0,4379.55
1846,CUST0707,2024-09-16,Fashion,Sunglasses,5414.47,1,West,UPI,36.0,2.0,4.0,5414.47
1975,CUST0456,2024-03-21,Beauty,Makeup Kit,645.66,1,Central,UPI,32.0,4.0,5.0,645.66
2685,CUST0701,2025-01-31,Fashion,Sunglasses,5607.73,2,West,Credit Card,38.0,1.0,5.0,11215.46
3783,CUST0173,2025-05-18,Beauty,Hair Dryer,3197.4,1,West,Cash on Delivery,36.0,2.0,1.0,3197.4
3726,CUST0776,2024-04-21,Fashion,Leather Wallet,4828.73,1,East,UPI,33.0,2.0,5.0,4828.73
2413,CUST0299,2024-02-19,Electronics,Wireless Earbuds,4273.29,1,Central,NET BANKING,26.0,2.0,4.0,4273.29
3414,CUST0689,2025-08-31,Sports,Yoga Mat,4586.7,1,East,Debit Card,30.0,5.0,4.0,4586.7
3720,CUST0843,2025-05-13,Home & Kitchen,Coffee Maker,523.05,1,South,Credit Card,42.0,4.0,5.0,523.05
3999,CUST0429,2024-01-21,Beauty,Sunscreen SPF50,2404.92,1,South,UPI,34.0,3.0,3.0,2404.92
2542,CUST0148,2024-06-27,Fashion,Denim Jacket,3258.68,1,East,Credit Card,48.0,7.0,4.0,3258.68
2284,CUST0260,2024-01-14,Electronics,Bluetooth Speaker,3182.68,1,south,UPI,37.0,2.0,4.0,3182.68
2674,CUST0802,2025-07-26,Sports,Yoga Mat,2191.76,3,West,Cash on Delivery,28.0,1.0,5.0,6575.28
2380,CUST0371,2024-03-31,Sports,Cricket Bat,4158.37,1,West,Net Banking,17.0,6.0,4.0,4158.37
3607,CUST0379,2024-10-23,Electronics,Phone Case,4477.93,1,East,Credit Card,26.0,3.0,5.0,4477.93
1451,CUST0587,2024-07-01,Home & Kitchen,LED Desk Lamp,914.7,1,South,UPI,36.0,2.0,4.0,914.7
3549,CUST0157,2025-12-01,Fashion,Leather Wallet,3617.46,2,South,Debit Card,38.0,3.0,4.0,7234.92
3440,CUST0317,2024-12-11,Electronics,Wireless Earbuds,5127.18,2,central,Cash on Delivery,33.0,6.0,4.0,10254.36
3873,CUST0711,2025-04-03,Beauty,Face Serum,2338.51,1,west,Credit Card,28.0,2.0,4.0,2338.51
1597,CUST0272,2025-12-08,Fashion,Leather Wallet,5873.24,2,north,UPI,33.0,2.0,4.0,11746.48
3934,CUST0783,2025-11-27,Sports,Dumbbell Set,3795.62,1,East,Credit Card,24.0,5.0,4.0,3795.62
2096,CUST0873,2024-02-05,Fashion,Cotton T-Shirt,2900.87,2,North,Cash on Delivery,29.0,2.0,5.0,5801.74
3685,CUST0176,2025-02-21,Sports,Resistance Bands,4133.72,3,Central,Debit Card,28.0,5.0,5.0,12401.16
3165,CUST0143,2025-12-21,Electronics,Wireless Earbuds,1857.33,1,East,Cash on Delivery,31.0,2.0,5.0,1857.33
1753,CUST0768,2025-09-03,Sports,Cricket Bat,389.57,1,Central,UPI,40.0,10.0,2.0,389.57
3147,CUST0310,2024-07-08,Electronics,Power Bank,5427.46,2,West,Credit Card,29.0,4.0,5.0,10854.92
2579,CUST0500,2025-11-19,Beauty,Lip Balm Set,5766.19,1,East,Credit Card,34.0,2.0,3.0,5766.19
3587,CUST0221,2025-05-19,Fashion,Running Shoes,4368.11,1,East,Cash on Delivery,16.0,2.0,4.0,4368.11
1204,CUST0709,2024-04-06,Fashion,Leather Wallet,2435.76,2,East,Credit Card,17.0,3.0,4.0,4871.52
3329,CUST0437,2025-11-13,Fashion,Leather Wallet,2154.42,1,central,Cash on Delivery,,4.0,,2154.42
2503,CUST0774,2024-08-19,Electronics,Power Bank,755.73,1,Central,Credit Card,42.0,3.0,1.0,755.73
3534,CUST0287,2025-01-04,Electronics,Phone Case,4536.43,1,Central,Debit Card,17.0,10.0,4.0,4536.43
2458,CUST0844,2025-01-22,Beauty,Hair Dryer,5764.55,3,East,Credit Card,41.0,4.0,4.0,17293.65
1187,CUST0132,2025-08-20,Home & Kitchen,Storage Boxes,5111.08,2,East,Cash on Delivery,39.0,4.0,5.0,10222.16
2633,CUST0380,2024-08-30,Beauty,Sunscreen SPF50,4020.22,1,South,Net Banking,45.0,5.0,1.0,4020.22
1717,CUST0431,2024-03-10,Beauty,Lip Balm Set,4929.45,1,west,Credit Card,42.0,1.0,2.0,4929.45
1441,CUST0101,2025-10-07,Electronics,Smartwatch,2083.78,2,North,UPI,20.0,3.0,3.0,4167.56
2128,CUST0259,2024-07-11,Electronics,Wireless Earbuds,2583.11,1,South,UPI,35.0,7.0,4.0,2583.11
2934,CUST0745,2025-02-21,Beauty,Hair Dryer,1061.14,-1,Central,Net Banking,46.0,1.0,4.0,1061.14
1387,CUST0314,2024-06-23,Electronics,Power Bank,2606.11,1,South,UPI,33.0,3.0,5.0,2606.11
3555,CUST0079,2025-11-30,Sports,Cricket Bat,1504.0,1,South,Cash on Delivery,24.0,5.0,4.0,1504.0
1376,CUST0415,2024-06-11,Fashion,Sunglasses,1444.25,1,East,Net Banking,35.0,5.0,5.0,1444.25
3985,CUST0565,2025-05-12,Fashion,Cotton T-Shirt,4290.57,2,Central,UPI,43.0,3.0,4.0,8581.14
3740,CUST0086,2025-01-04,Fashion,Leather Wallet,4952.54,1,North,Debit Card,26.0,5.0,5.0,4952.54
1413,CUST0435,2024-07-18,Beauty,Lip Balm Set,5786.36,1,East,Net Banking,54.0,3.0,3.0,5786.36
2252,CUST0878,2025-01-22,Home & Kitchen,Wall Clock,2121.02,2,Central,UPI,37.0,2.0,5.0,4242.04
1770,CUST0402,2024-12-13,Fashion,Leather Wallet,5149.23,1,North,Debit Card,24.0,1.0,3.0,5149.23
3613,CUST0296,2024-08-11,Electronics,Smartwatch,5761.72,1,,Cash on Delivery,,,,5761.72
2076,CUST0141,2024-10-20,Electronics,Phone Case,3661.18,1,West,UPI,39.0,4.0,2.0,3661.18
1714,CUST0899,2025-07-08,Sports,Dumbbell Set,204.47,1,West,Credit Card,25.0,1.0,,204.47
1859,CUST0598,2024-06-04,Electronics,Smartwatch,3185.78,1,West,UPI,32.0,3.0,4.0,3185.78
2160,CUST0845,2024-06-29,Electronics,Phone Case,4238.48,2,west,Debit Card,48.0,5.0,4.0,8476.96
2209,CUST0292,2024-04-24,Home & Kitchen,Non-stick Pan,801.19,1,north,Net Banking,36.0,5.0,5.0,801.19
2314,CUST0825,2024-07-24,Home & Kitchen,LED Desk Lamp,2044.52,1,south,UPI,40.0,10.0,5.0,2044.52
2125,CUST0458,2025-08-17,Fashion,Denim Jacket,4389.52,1,South,UPI,39.0,3.0,5.0,4389.52
1173,CUST0708,2024-08-29,Fashion,Denim Jacket,3831.4,1,Central,Credit Card,19.0,4.0,4.0,3831.4
1758,CUST0147,2024-11-26,Beauty,Sunscreen SPF50,1140.97,1,West,Net Banking,23.0,4.0,4.0,1140.97
3225,CUST0244,2024-09-09,Home & Kitchen,Storage Boxes,2630.58,1,Central,Net Banking,48.0,7.0,4.0,2630.58
3096,CUST0626,2024-07-24,Sports,Yoga Mat,792.2,1,West,Debit Card,19.0,3.0,3.0,792.2
3460,CUST0570,2025-06-11,Electronics,Smartwatch,2497.23,1,south,UPI,43.0,4.0,,2497.23
1415,CUST0629,2024-02-21,Sports,Cricket Bat,4421.8,1,West,CREDIT CARD,27.0,2.0,5.0,4421.8
1839,CUST0785,2024-03-08,Fashion,Denim Jacket,2645.29,1,East,DEBIT CARD,51.0,7.0,5.0,2645.29
1965,CUST0201,2025-10-03,Fashion,Leather Wallet,3027.36,2,North,Credit Card,25.0,2.0,5.0,6054.72
1191,CUST0763,2025-12-04,Beauty,Hair Dryer,3193.73,1,North,Credit Card,35.0,2.0,4.0,3193.73
1315,CUST0457,2025-06-30,Electronics,Power Bank,2191.01,1,North,UPI,34.0,3.0,4.0,2191.01
1401,CUST0237,2024-04-05,Fashion,Leather Wallet,1473.69,1,Central,Debit Card,37.0,4.0,3.0,1473.69
3076,CUST0149,2025-09-15,Beauty,Face Serum,445.24,1,Central,Credit Card,40.0,6.0,5.0,445.24
3970,CUST0180,2025-10-30,Fashion,Cotton T-Shirt,5587.51,1,Central,UPI,25.0,3.0,5.0,5587.51
3427,CUST0710,2024-07-25,Fashion,Sunglasses,4042.3,3,East,Net Banking,37.0,2.0,4.0,12126.9
2516,CUST0541,2025-03-31,Electronics,Wireless Earbuds,4981.3,1,East,Credit Card,33.0,4.0,3.0,4981.3
1003,CUST0244,2025-04-19,Fashion,Cotton T-Shirt,3729.34,1,East,Credit Card,23.0,3.0,5.0,3729.34
2930,CUST0111,2025-10-05,Electronics,Power Bank,2751.3,3,East,Debit Card,20.0,3.0,5.0,8253.9
2366,CUST0003,2024-03-21,Fashion,Cotton T-Shirt,4079.84,1,East,UPI,33.0,2.0,3.0,4079.84
1548,CUST0492,2025-09-06,Electronics,Phone Case,4642.08,2,,Net Banking,,,,9284.16
2546,CUST0080,2024-07-11,Electronics,Power Bank,791.31,1,West,Credit Card,38.0,3.0,5.0,791.31
2382,CUST0754,2024-03-17,Electronics,Power Bank,603.3,1,east,Credit Card,23.0,2.0,4.0,603.3
1362,CUST0856,2025-09-05,Beauty,Sunscreen SPF50,262.06,2,East,Credit Card,26.0,3.0,5.0,524.12
2257,CUST0322,2025-07-06,Electronics,Wireless Earbuds,1158.83,1,North,Credit Card,32.0,4.0,3.0,1158.83
3475,CUST0303,2025-01-25,Electronics,Phone Case,2495.05,1,West,Cash on Delivery,37.0,4.0,4.0,2495.05
1416,CUST0075,2025-08-22,Home & Kitchen,Wall Clock,5556.03,3,West,Debit Card,51.0,5.0,4.0,16668.09
2784,CUST0479,2024-12-18,Fashion,Running Shoes,1552.71,1,West,CREDIT CARD,28.0,2.0,5.0,1552.71
3155,CUST0638,2024-07-20,Beauty,Hair Dryer,1965.84,1,South,UPI,27.0,4.0,5.0,1965.84
1685,CUST0043,2024-05-22,Home & Kitchen,Storage Boxes,3462.99,2,South,UPI,28.0,6.0,1.0,6925.98
2117,CUST0561,2025-07-19,Electronics,Wireless Earbuds,1402.21,1,West,UPI,33.0,2.0,1.0,1402.21
2277,CUST0576,2025-03-25,Beauty,Makeup Kit,1603.81,1,North,Credit Card,30.0,2.0,4.0,1603.81
3302,CUST0259,2025-04-11,Electronics,Phone Case,5817.28,1,North,Net Banking,29.0,3.0,5.0,5817.28
3286,CUST0300,2025-04-15,Fashion,Denim Jacket,376.22,1,South,Net Banking,31.0,5.0,4.0,376.22
2634,CUST0133,2024-02-11,Home & Kitchen,Wall Clock,469.54,1,north,UPI,18.0,1.0,3.0,469.54
2652,CUST0285,2024-04-02,Home & Kitchen,Storage Boxes,4914.38,1,North,Credit Card,25.0,1.0,,4914.38
2590,CUST0700,2024-03-29,Home & Kitchen,Storage Boxes,2896.9,1,North,UPI,36.0,7.0,,2896.9
3502,CUST0813,2025-10-28,Beauty,Sunscreen SPF50,991.57,1,West,UPI,20.0,3.0,2.0,991.57
1420,CUST0644,2024-11-01,Electronics,Power Bank,2498.55,1,South,UPI,21.0,2.0,4.0,2498.55
3400,CUST0651,2024-02-08,Sports,Yoga Mat,2506.82,2,North,UPI,38.0,2.0,4.0,5013.64
2167,CUST0548,2025-11-22,Fashion,Leather Wallet,1557.13,1,West,Debit Card,18.0,5.0,4.0,1557.13
3885,CUST0113,2025-06-04,Beauty,Face Serum,2210.84,1,South,Credit Card,16.0,4.0,1.0,2210.84
3075,CUST0550,2024-04-10,Fashion,Sunglasses,5448.25,1,East,Debit Card,39.0,2.0,4.0,5448.25
1279,CUST0693,2025-02-07,Fashion,Running Shoes,4562.45,2,West,Credit Card,32.0,3.0,5.0,9124.9
1152,CUST0026,2024-06-20,Fashion,Cotton T-Shirt,403.96,1,Central,Net Banking,36.0,7.0,5.0,403.96
1858,CUST0353,2025-04-11,Fashion,Leather Wallet,1996.57,1,west,UPI,34.0,2.0,3.0,1996.57
2437,CUST0583,2025-05-24,Home & Kitchen,Storage Boxes,3269.96,1,,UPI,,,,3269.96
3700,CUST0865,2025-09-12,Sports,Cricket Bat,4557.92,5,Central,Net Banking,16.0,2.0,5.0,22789.6
2786,CUST0560,2024-06-16,Fashion,Leather Wallet,4540.51,1,,UPI,,,,4540.51
1445,CUST0634,2025-10-02,Home & Kitchen,Coffee Maker,2065.41,1,Central,Credit Card,36.0,3.0,4.0,2065.41
2806,CUST0756,2024-11-22,Fashion,Leather Wallet,2771.57,1,west,Net Banking,36.0,2.0,4.0,2771.57
2237,CUST0799,2025-11-25,Electronics,Power Bank,3854.82,2,Central,Credit Card,27.0,6.0,4.0,7709.64
1749,CUST0438,2025-09-28,Fashion,Denim Jacket,3202.89,1,South,Net Banking,,4.0,,3202.89
3826,CUST0698,2025-01-23,Electronics,Power Bank,5210.96,2,West,UPI,43.0,4.0,3.0,10421.92
2171,CUST0217,2025-01-12,Fashion,Sunglasses,5428.72,2,North,CASH ON DELIVERY,44.0,5.0,4.0,10857.44
3640,CUST0302,2025-04-09,Beauty,Hair Dryer,4307.16,1,Central,UPI,23.0,10.0,4.0,4307.16
2560,CUST0609,2025-05-15,Fashion,Leather Wallet,462.49,1,,Credit Card,,,,462.49
1143,CUST0147,2025-02-17,Sports,Dumbbell Set,3058.47,1,west,Debit Card,33.0,1.0,5.0,3058.47
1359,CUST0649,2025-04-11,Electronics,Wireless Earbuds,3748.51,2,North,Net Banking,36.0,1.0,2.0,7497.02
1677,CUST0419,2025-06-14,Fashion,Cotton T-Shirt,4915.21,1,North,Cash on Delivery,37.0,3.0,4.0,4915.21
1100,CUST0401,2024-03-29,Sports,Dumbbell Set,3932.99,1,,Credit Card,,,,3932.99
3769,CUST0585,2025-07-09,Fashion,Running Shoes,1574.07,1,North,Debit Card,38.0,10.0,5.0,1574.07
1486,CUST0696,2025-04-24,Sports,Dumbbell Set,3010.93,1,North,Credit Card,30.0,6.0,4.0,3010.93
2855,CUST0386,2025-12-12,Sports,Dumbbell Set,3924.82,1,East,Net Banking,34.0,4.0,,3924.82
2580,CUST0337,2024-02-15,Sports,Cricket Bat,4090.76,1,North,Cash on Delivery,47.0,3.0,4.0,4090.76
3110,CUST0598,2025-06-20,Electronics,Bluetooth Speaker,3243.13,2,south,CASH ON DELIVERY,52.0,1.0,2.0,6486.26
1833,CUST0044,2024-08-15,Electronics,Smartwatch,279.49,1,North,UPI,17.0,2.0,5.0,279.49
3592,CUST0136,2025-06-03,Sports,Cricket Bat,4661.41,1,north,Credit Card,32.0,3.0,5.0,4661.41
2135,CUST0151,2024-11-26,Fashion,Sunglasses,3321.9,2,South,Cash on Delivery,21.0,4.0,5.0,6643.8
1326,CUST0898,2025-07-27,Fashion,Running Shoes,2340.71,1,East,Credit Card,44.0,1.0,4.0,2340.71
3846,CUST0653,2025-03-26,Electronics,Wireless Earbuds,2623.41,1,West,UPI,26.0,10.0,2.0,2623.41
2079,CUST0142,2025-10-15,Electronics,Power Bank,4870.36,1,West,Debit Card,38.0,3.0,2.0,4870.36
1632,CUST0392,2024-08-23,Beauty,Sunscreen SPF50,2871.87,1,central,Cash on Delivery,27.0,2.0,4.0,2871.87
2628,CUST0607,2024-01-14,Home & Kitchen,LED Desk Lamp,3135.7,5,South,Credit Card,38.0,3.0,2.0,15678.5
3215,CUST0180,2025-05-18,Fashion,Leather Wallet,4213.56,1,North,Debit Card,47.0,4.0,5.0,4213.56
3338,CUST0729,2025-06-20,Fashion,Cotton T-Shirt,2357.74,2,East,Credit Card,25.0,3.0,,4715.48
2476,CUST0727,2025-01-14,Home & Kitchen,LED Desk Lamp,3288.24,1,Central,Net Banking,27.0,7.0,5.0,3288.24
3041,CUST0668,2024-06-04,Sports,Yoga Mat,869.12,1,Central,CREDIT CARD,33.0,10.0,4.0,869.12
1037,CUST0898,2025-11-21,Home & Kitchen,Non-stick Pan,4950.74,1,West,UPI,36.0,2.0,4.0,4950.74
1738,CUST0882,2024-04-21,Fashion,Cotton T-Shirt,2479.76,1,Central,Credit Card,32.0,4.0,1.0,2479.76
2233,CUST0765,2024-08-18,Electronics,Bluetooth Speaker,5140.7,1,East,Net Banking,32.0,2.0,4.0,5140.7
1837,CUST0172,2025-12-30,Sports,Resistance Bands,3207.05,2,West,Debit Card,28.0,3.0,3.0,6414.1
2454,CUST0373,2024-06-25,Electronics,Bluetooth Speaker,2123.88,1,East,Credit Card,36.0,7.0,4.0,2123.88
2287,CUST0064,2024-07-10,Sports,Football,3447.16,2,East,UPI,35.0,4.0,4.0,6894.32
3224,CUST0493,2024-12-18,Beauty,Face Serum,3975.44,2,East,Debit Card,25.0,2.0,4.0,7950.88
1752,CUST0722,2024-09-24,Electronics,Power Bank,1069.83,1,West,UPI,31.0,3.0,5.0,1069.83
1434,CUST0068,2024-04-01,Home & Kitchen,Non-stick Pan,3904.64,1,West,Credit Card,40.0,3.0,4.0,3904.64
3955,CUST0851,2024-01-09,Electronics,Phone Case,3542.95,1,East,Credit Card,42.0,2.0,4.0,3542.95
1843,CUST0804,2024-11-12,Home & Kitchen,Storage Boxes,1819.36,3,east,Credit Card,39.0,5.0,3.0,5458.08
3752,CUST0541,2024-09-04,Electronics,Bluetooth Speaker,2515.3,2,Central,Net Banking,41.0,2.0,3.0,5030.6
2041,CUST0603,2024-01-28,Sports,Resistance Bands,3275.01,1,East,Credit Card,30.0,3.0,5.0,3275.01
1421,CUST0811,2024-09-16,Electronics,Bluetooth Speaker,3381.34,1,South,Credit Card,33.0,3.0,5.0,3381.34
1706,CUST0390,2025-02-15,Beauty,Face Serum,5779.84,2,,UPI,,,,11559.68
3888,CUST0873,2025-10-22,Home & Kitchen,LED Desk Lamp,4322.96,1,central,UPI,34.0,2.0,3.0,4322.96
1644,CUST0010,2025-07-26,Beauty,Makeup Kit,1721.3,1,East,UPI,21.0,1.0,4.0,1721.3
3701,CUST0341,2024-09-26,Electronics,Power Bank,3273.95,2,North,Credit Card,35.0,1.0,4.0,6547.9
1540,CUST0066,2024-07-02,Fashion,Sunglasses,3349.25,2,Central,Credit Card,23.0,3.0,1.0,6698.5
2583,CUST0523,2025-08-04,Fashion,Denim Jacket,1961.48,1,East,Debit Card,33.0,2.0,5.0,1961.48
2423,CUST0301,2024-08-25,Home & Kitchen,Storage Boxes,2711.13,1,East,Credit Card,36.0,2.0,5.0,2711.13
1072,CUST0840,2025-01-10,Fashion,Sunglasses,5946.94,1,West,Net Banking,53.0,3.0,5.0,5946.94
3796,CUST0898,2025-11-27,Beauty,Face Serum,5351.21,1,West,UPI,27.0,4.0,5.0,5351.21
1771,CUST0862,2024-02-28,Fashion,Sunglasses,1632.94,3,South,Credit Card,33.0,3.0,4.0,4898.82
1563,CUST0466,2024-11-20,Fashion,Cotton T-Shirt,977.09,1,West,UPI,21.0,1.0,3.0,977.09
1733,CUST0186,2025-11-23,Fashion,Running Shoes,2301.09,1,east,UPI,41.0,4.0,4.0,2301.09
3072,CUST0546,2025-07-26,Electronics,Power Bank,1992.59,1,West,Credit Card,36.0,1.0,1.0,1992.59
2993,CUST0559,2024-02-01,Sports,Dumbbell Set,1520.77,1,north,UPI,38.0,1.0,2.0,1520.77
2477,CUST0748,2025-03-02,Sports,Yoga Mat,5078.34,1,West,Credit Card,34.0,4.0,4.0,5078.34
1179,CUST0767,2024-11-24,Beauty,Face Serum,2384.35,1,South,Credit Card,34.0,5.0,5.0,2384.35
1457,CUST0123,2024-02-04,Electronics,Phone Case,5257.3,1,west,UPI,32.0,3.0,5.0,5257.3
1834,CUST0056,2025-08-14,Home & Kitchen,Non-stick Pan,1779.02,2,Central,Cash on Delivery,26.0,4.0,5.0,3558.04
2599,CUST0124,2024-05-22,Sports,Dumbbell Set,859.18,1,North,Credit Card,35.0,2.0,4.0,859.18
2376,CUST0832,2025-12-27,Electronics,Bluetooth Speaker,5381.23,1,East,UPI,25.0,10.0,,5381.23
2223,CUST0728,2025-04-18,Electronics,Wireless Earbuds,523.95,2,West,UPI,40.0,3.0,4.0,1047.9
2427,CUST0328,2024-03-05,Electronics,Wireless Earbuds,2918.31,3,South,Net Banking,19.0,2.0,3.0,8754.93
3500,CUST0451,2024-11-10,Electronics,Wireless Earbuds,5413.49,1,central,UPI,30.0,4.0,3.0,5413.49
1841,CUST0008,2024-04-08,Sports,Dumbbell Set,2825.3,2,South,Credit Card,16.0,2.0,4.0,5650.6
1088,CUST0775,2025-03-27,Beauty,Lip Balm Set,5674.8,1,South,UPI,16.0,3.0,4.0,5674.8
2110,CUST0640,2025-06-24,Fashion,Cotton T-Shirt,3822.24,1,East,Credit Card,40.0,3.0,4.0,3822.24
1475,CUST0211,2024-01-02,Fashion,Running Shoes,1130.26,1,Central,Credit Card,45.0,4.0,5.0,1130.26
1692,CUST0051,2024-01-13,Sports,Yoga Mat,609.44,1,North,UPI,24.0,4.0,4.0,609.44
2488,CUST0836,2025-07-06,Electronics,Power Bank,4069.07,1,west,UPI,20.0,3.0,3.0,4069.07
1880,CUST0752,2025-10-01,Electronics,Bluetooth Speaker,640.25,1,North,Debit Card,38.0,3.0,5.0,640.25
2168,CUST0618,2024-06-13,Sports,Resistance Bands,914.15,1,South,Net Banking,35.0,2.0,5.0,914.15
3535,CUST0086,2024-05-13,Fashion,Cotton T-Shirt,4182.26,1,South,Cash on Delivery,17.0,4.0,4.0,4182.26
1747,CUST0637,2024-01-31,Home & Kitchen,Non-stick Pan,3076.79,2,West,Credit Card,38.0,2.0,5.0,6153.58
3069,CUST0258,2025-02-25,Electronics,Bluetooth Speaker,5963.74,1,East,Credit Card,35.0,1.0,3.0,5963.74
1638,CUST0295,2025-05-13,Home & Kitchen,Wall Clock,2524.0,3,West,Credit Card,33.0,2.0,4.0,7572.0
1978,CUST0691,2024-12-09,Fashion,Cotton T-Shirt,3395.62,1,Central,UPI,33.0,4.0,4.0,3395.62
2424,CUST0061,2024-05-17,Home & Kitchen,Coffee Maker,3408.26,1,South,CREDIT CARD,43.0,2.0,4.0,3408.26
1588,CUST0174,2025-01-27,Electronics,Power Bank,5654.13,1,North,UPI,26.0,4.0,4.0,5654.13
2352,CUST0671,2025-09-15,Electronics,Power Bank,1852.11,2,South,Credit Card,41.0,3.0,2.0,3704.22
3061,CUST0311,2024-09-26,Home & Kitchen,LED Desk Lamp,751.88,1,Central,Credit Card,29.0,5.0,5.0,751.88
3788,CUST0405,2025-09-28,Fashion,Cotton T-Shirt,2020.84,1,Central,Credit Card,33.0,2.0,4.0,2020.84
3113,CUST0172,2024-03-27,Home & Kitchen,Non-stick Pan,4379.4,1,Central,Credit Card,27.0,3.0,4.0,4379.4
1768,CUST0234,2024-10-28,Fashion,Running Shoes,5556.68,1,West,Cash on Delivery,32.0,4.0,4.0,5556.68
3206,CUST0726,2025-10-25,Electronics,Bluetooth Speaker,5288.9,1,East,Credit Card,35.0,3.0,4.0,5288.9
1524,CUST0497,2025-03-11,Fashion,Leather Wallet,824.87,2,east,UPI,46.0,3.0,5.0,1649.74
2682,CUST0561,2024-02-16,Beauty,Makeup Kit,2050.52,1,East,Net Banking,22.0,3.0,4.0,2050.52
1227,CUST0324,2024-04-18,Fashion,Sunglasses,3706.25,1,West,DEBIT CARD,27.0,2.0,2.0,3706.25
3428,CUST0831,2025-09-25,Fashion,Leather Wallet,979.92,2,West,UPI,43.0,7.0,5.0,1959.84
1604,CUST0395,2024-05-18,Electronics,Power Bank,4731.49,1,East,CASH ON DELIVERY,30.0,3.0,4.0,4731.49
3666,CUST0459,2025-11-20,Sports,Yoga Mat,4791.29,2,South,Credit Card,34.0,4.0,1.0,9582.58
3552,CUST0525,2025-02-08,Beauty,Makeup Kit,5670.11,1,South,Net Banking,30.0,3.0,5.0,5670.11
3221,CUST0528,2024-07-22,Home & Kitchen,Storage Boxes,2632.96,2,East,Net Banking,30.0,3.0,3.0,5265.92
1653,CUST0823,2024-06-18,Electronics,Phone Case,4498.27,1,north,Cash on Delivery,33.0,7.0,5.0,4498.27
2316,CUST0880,2025-05-30,Beauty,Makeup Kit,1482.1,1,North,Net Banking,36.0,3.0,3.0,1482.1
2039,CUST0885,2025-05-20,Beauty,Lip Balm Set,3242.48,1,North,Net Banking,24.0,5.0,4.0,3242.48
3743,CUST0174,2025-11-22,Fashion,Cotton T-Shirt,5806.18,1,South,Credit Card,31.0,4.0,5.0,5806.18
2964,CUST0086,2024-02-05,Electronics,Wireless Earbuds,662.71,1,East,UPI,30.0,3.0,5.0,662.71
2069,CUST0516,2024-11-03,Beauty,Sunscreen SPF50,3919.54,2,West,Debit Card,37.0,6.0,5.0,7839.08
2548,CUST0760,2024-05-31,Sports,Resistance Bands,4947.16,1,Central,Cash on Delivery,37.0,1.0,5.0,4947.16
2136,CUST0320,2024-04-21,Sports,Resistance Bands,949.25,1,South,UPI,,7.0,,949.25
1430,CUST0520,2024-01-29,Electronics,Phone Case,2412.24,1,East,Net Banking,46.0,3.0,4.0,2412.24
2846,CUST0872,2025-07-29,Sports,Resistance Bands,5903.39,1,Central,Cash on Delivery,27.0,2.0,4.0,5903.39
1339,CUST0694,2025-07-15,Fashion,Sunglasses,3949.63,2,south,Credit Card,38.0,1.0,4.0,7899.26
1027,CUST0538,2025-09-30,Electronics,Bluetooth Speaker,3182.23,2,Central,UPI,39.0,4.0,4.0,6364.46
2521,CUST0230,2025-08-13,Home & Kitchen,Wall Clock,1948.13,1,,UPI,,,,1948.13
1743,CUST0639,2024-04-24,Beauty,Lip Balm Set,4368.78,1,South,UPI,38.0,2.0,5.0,4368.78
1025,CUST0253,2025-05-26,Electronics,Wireless Earbuds,1186.1,3,North,UPI,30.0,7.0,5.0,3558.3
2194,CUST0547,2024-04-26,Home & Kitchen,Wall Clock,3731.08,1,Central,UPI,42.0,2.0,4.0,3731.08
3936,CUST0427,2025-01-23,Home & Kitchen,Non-stick Pan,5128.11,2,North,Net Banking,36.0,4.0,1.0,10256.22
3812,CUST0878,2024-03-04,Fashion,Cotton T-Shirt,653.21,1,Central,Credit Card,31.0,4.0,4.0,653.21
1001,CUST0131,2024-09-27,Fashion,Sunglasses,4432.16,1,West,UPI,29.0,1.0,5.0,4432.16
2145,CUST0664,2024-06-04,Home & Kitchen,Coffee Maker,3084.53,1,,Net Banking,,,,3084.53
1569,CUST0708,2024-09-26,Sports,Cricket Bat,5881.85,2,North,UPI,39.0,2.0,1.0,11763.7
1705,CUST0800,2024-09-25,Home & Kitchen,Non-stick Pan,4679.37,1,Central,UPI,54.0,1.0,5.0,4679.37
1061,CUST0257,2024-03-13,Fashion,Denim Jacket,689.9,1,north,UPI,33.0,2.0,4.0,689.9
2785,CUST0788,2024-12-22,Sports,Yoga Mat,1924.9,1,Central,Credit Card,19.0,4.0,4.0,1924.9
2190,CUST0814,2024-09-05,Fashion,Running Shoes,1506.29,1,South,Debit Card,21.0,4.0,4.0,1506.29
3150,CUST0281,2025-09-20,Fashion,Cotton T-Shirt,2776.25,1,South,Net Banking,49.0,3.0,5.0,2776.25
3875,CUST0788,2024-12-28,Fashion,Leather Wallet,3004.74,2,north,Net Banking,33.0,4.0,5.0,6009.48
3493,CUST0343,2025-10-25,Electronics,Phone Case,2076.69,1,West,Credit Card,28.0,5.0,5.0,2076.69
1736,CUST0790,2025-06-24,Electronics,Smartwatch,5993.59,1,East,Cash on Delivery,35.0,3.0,3.0,5993.59
1721,CUST0848,2024-12-31,Home & Kitchen,Non-stick Pan,1757.02,2,South,Credit Card,27.0,5.0,2.0,3514.04
1562,CUST0592,2024-11-28,Sports,Football,1914.28,1,North,Credit Card,25.0,3.0,3.0,1914.28
2417,CUST0854,2025-07-20,Fashion,Leather Wallet,987.51,3,South,Credit Card,29.0,2.0,4.0,2962.53
3497,CUST0749,2025-04-24,Electronics,Power Bank,3795.25,1,West,UPI,16.0,4.0,4.0,3795.25
1691,CUST0763,2025-01-10,Beauty,Face Serum,2354.34,1,South,Debit Card,25.0,5.0,4.0,2354.34
1641,CUST0871,2025-01-30,Electronics,Wireless Earbuds,328.18,1,North,UPI,35.0,4.0,3.0,328.18
3294,CUST0108,2024-12-29,Fashion,Denim Jacket,4240.3,1,East,Credit Card,23.0,4.0,4.0,4240.3
3140,CUST0750,2024-08-12,Home & Kitchen,Storage Boxes,5361.87,1,Central,Debit Card,37.0,3.0,5.0,5361.87
1424,CUST0607,2025-08-21,Home & Kitchen,LED Desk Lamp,2055.26,1,East,Credit Card,26.0,4.0,5.0,2055.26
1242,CUST0524,2024-09-02,Fashion,Leather Wallet,914.32,2,west,Credit Card,38.0,2.0,5.0,1828.64
3604,CUST0479,2025-09-04,Beauty,Makeup Kit,4987.24,2,East,UPI,22.0,2.0,4.0,9974.48
3333,CUST0575,2025-08-20,Sports,Cricket Bat,5235.69,1,east,UPI,37.0,4.0,5.0,5235.69
1718,CUST0257,2024-10-14,Sports,Dumbbell Set,3903.24,1,Central,UPI,24.0,3.0,5.0,3903.24
1132,CUST0817,2024-02-28,Electronics,Wireless Earbuds,3954.41,1,north,Net Banking,26.0,4.0,2.0,3954.41
1675,CUST0880,2024-12-19,Home & Kitchen,LED Desk Lamp,649.64,2,West,UPI,28.0,3.0,4.0,1299.28
3703,CUST0593,2025-07-09,Fashion,Denim Jacket,5720.06,1,east,Credit Card,46.0,4.0,4.0,5720.06
3892,CUST0724,2025-03-13,Home & Kitchen,Storage Boxes,1657.77,1,North,Cash on Delivery,16.0,4.0,5.0,1657.77
1195,CUST0876,2025-08-04,Sports,Football,3842.35,1,Central,UPI,29.0,7.0,4.0,3842.35
3209,CUST0598,2024-11-29,Fashion,Denim Jacket,5162.79,2,East,Cash on Delivery,16.0,2.0,5.0,10325.58
2725,CUST0328,2024-06-16,Electronics,Phone Case,2359.2,3,East,UPI,30.0,3.0,5.0,7077.6
2828,CUST0222,2025-01-07,Electronics,Smartwatch,4318.83,1,South,Net Banking,29.0,2.0,5.0,4318.83
3235,CUST0734,2024-08-11,Sports,Football,508.27,2,north,Debit Card,22.0,3.0,4.0,1016.54
3157,CUST0132,2025-06-19,Beauty,Lip Balm Set,4724.31,1,,UPI,,,,4724.31
1171,CUST0645,2025-02-23,Fashion,Leather Wallet,3233.19,1,Central,Credit Card,19.0,3.0,4.0,3233.19
2142,CUST0352,2025-07-10,Beauty,Face Serum,2863.43,2,Central,CREDIT CARD,19.0,3.0,3.0,5726.86
2904,CUST0673,2025-01-31,Sports,Resistance Bands,3061.71,1,Central,Credit Card,37.0,3.0,5.0,3061.71
2429,CUST0736,2025-07-25,Sports,Dumbbell Set,5194.17,1,Central,UPI,39.0,10.0,4.0,5194.17
3389,CUST0382,2025-09-17,Electronics,Bluetooth Speaker,4835.64,1,Central,Credit Card,,2.0,,4835.64
2367,CUST0839,2024-03-19,Electronics,Smartwatch,1782.5,1,East,UPI,22.0,4.0,4.0,1782.5
1537,CUST0180,2024-11-19,Fashion,Sunglasses,4517.63,1,South,UPI,22.0,2.0,5.0,4517.63
1220,CUST0174,2024-02-04,Sports,Football,5001.33,2,West,Cash on Delivery,42.0,4.0,4.0,10002.66
3941,CUST0210,2025-07-20,Electronics,Power Bank,2338.21,1,South,Debit Card,36.0,3.0,5.0,2338.21
2403,CUST0507,2024-06-21,Electronics,Wireless Earbuds,3455.35,1,West,UPI,34.0,5.0,5.0,3455.35
3284,CUST0212,2025-04-22,Beauty,Face Serum,4297.2,2,West,Net Banking,16.0,3.0,4.0,8594.4
3055,CUST0542,2025-01-31,Electronics,Bluetooth Speaker,886.04,1,North,Credit Card,16.0,5.0,3.0,886.04
2588,CUST0103,2025-10-27,Sports,Cricket Bat,5296.29,3,West,Credit Card,21.0,3.0,4.0,15888.87
3278,CUST0543,2024-01-24,Fashion,Sunglasses,4624.6,1,west,UPI,33.0,4.0,4.0,4624.6
1892,CUST0736,2025-06-15,Home & Kitchen,Wall Clock,3195.34,1,West,UPI,42.0,4.0,5.0,3195.34
2602,CUST0133,2025-05-11,Sports,Football,2102.65,2,South,Debit Card,30.0,2.0,3.0,4205.3
1268,CUST0529,2025-09-22,Home & Kitchen,Non-stick Pan,4743.36,5,West,Net Banking,33.0,3.0,5.0,23716.8
3879,CUST0139,2024-08-19,Electronics,Power Bank,1939.88,2,South,Net Banking,24.0,3.0,4.0,3879.76
1896,CUST0358,2025-10-25,Fashion,Running Shoes,4483.56,2,North,DEBIT CARD,16.0,5.0,5.0,8967.12
1872,CUST0503,2024-11-04,Fashion,Cotton T-Shirt,2156.81,1,Central,UPI,20.0,4.0,4.0,2156.81
3867,CUST0458,2025-02-16,Home & Kitchen,LED Desk Lamp,4589.93,1,North,Credit Card,39.0,4.0,4.0,4589.93
1700,CUST0743,2025-07-30,Sports,Football,893.55,1,South,Debit Card,28.0,4.0,5.0,893.55
3967,CUST0632,2024-11-24,Electronics,Phone Case,3146.18,1,Central,Debit Card,42.0,2.0,5.0,3146.18
2643,CUST0337,2024-02-23,Electronics,Power Bank,4987.33,1,Central,Credit Card,41.0,4.0,4.0,4987.33
1808,CUST0122,2024-08-22,Electronics,Wireless Earbuds,553.59,5,North,Cash on Delivery,19.0,2.0,3.0,2767.95
3811,CUST0268,2024-10-11,Electronics,Bluetooth Speaker,5701.82,1,West,Credit Card,47.0,3.0,3.0,5701.82
3691,CUST0296,2025-07-09,Beauty,Face Serum,3669.87,1,Central,Credit Card,31.0,4.0,5.0,3669.87
2544,CUST0210,2025-05-10,Fashion,Leather Wallet,4029.7,1,East,Net Banking,31.0,3.0,4.0,4029.7
3760,CUST0869,2025-08-11,Beauty,Face Serum,1303.41,1,West,UPI,40.0,6.0,4.0,1303.41
2181,CUST0667,2025-07-18,Electronics,Smartwatch,5018.52,2,East,UPI,34.0,3.0,5.0,10037.04
3288,CUST0879,2024-04-14,Sports,Football,4667.81,1,Central,Cash on Delivery,33.0,4.0,5.0,4667.81
1659,CUST0371,2024-10-11,Electronics,Bluetooth Speaker,3329.38,1,South,Debit Card,26.0,4.0,5.0,3329.38
1254,CUST0591,2025-09-22,Beauty,Hair Dryer,1077.95,2,north,Debit Card,22.0,5.0,5.0,2155.9
1670,CUST0796,2025-06-23,Fashion,Cotton T-Shirt,5775.43,1,Central,Credit Card,42.0,1.0,4.0,5775.43
3916,CUST0251,2025-06-12,Home & Kitchen,Wall Clock,608.38,1,North,Credit Card,36.0,4.0,4.0,608.38
1296,CUST0846,2024-04-22,Home & Kitchen,Storage Boxes,265.8,1,North,Credit Card,27.0,2.0,4.0,265.8
1799,CUST0398,2024-11-26,Home & Kitchen,LED Desk Lamp,2023.09,2,south,Cash on Delivery,45.0,2.0,4.0,4046.18
3019,CUST0400,2024-09-05,Fashion,Running Shoes,3490.47,1,east,UPI,18.0,4.0,4.0,3490.47
3468,CUST0832,2025-08-21,Fashion,Leather Wallet,582.22,1,Central,UPI,30.0,6.0,5.0,582.22
2003,CUST0861,2025-03-16,Electronics,Phone Case,847.49,1,Central,Credit Card,46.0,1.0,4.0,847.49
1514,CUST0294,2025-01-02,Fashion,Denim Jacket,5730.58,2,South,Credit Card,27.0,4.0,5.0,11461.16
3895,CUST0142,2025-08-29,Sports,Cricket Bat,4034.94,3,Central,UPI,39.0,4.0,5.0,12104.82
3236,CUST0898,2024-11-13,Electronics,Bluetooth Speaker,5739.3,2,East,UPI,41.0,2.0,4.0,11478.6
3089,CUST0882,2025-03-13,Beauty,Face Serum,2624.89,1,South,Credit Card,27.0,4.0,4.0,2624.89
1665,CUST0617,2025-09-14,Home & Kitchen,Storage Boxes,5958.07,1,West,Credit Card,36.0,3.0,3.0,5958.07
1329,CUST0520,2025-07-29,Home & Kitchen,Wall Clock,4679.67,2,East,UPI,46.0,3.0,4.0,9359.34
1271,CUST0574,2025-08-18,Electronics,Power Bank,3840.89,1,central,Debit Card,17.0,3.0,5.0,3840.89
1533,CUST0894,2024-05-01,Fashion,Leather Wallet,4750.04,1,Central,DEBIT CARD,31.0,1.0,4.0,4750.04
1302,CUST0452,2024-03-13,Beauty,Lip Balm Set,4283.78,1,,UPI,,,,4283.78
1366,CUST0802,2025-05-06,Fashion,Leather Wallet,1114.58,1,Central,Credit Card,27.0,4.0,4.0,1114.58
2235,CUST0813,2025-03-02,Beauty,Hair Dryer,4869.28,1,East,Cash on Delivery,36.0,3.0,5.0,4869.28
3264,CUST0010,2025-11-05,Sports,Resistance Bands,2481.82,1,Central,Net Banking,32.0,3.0,5.0,2481.82
1673,CUST0053,2024-02-12,Beauty,Sunscreen SPF50,4655.84,2,South,UPI,22.0,7.0,4.0,9311.68
1804,CUST0089,2024-09-22,Beauty,Lip Balm Set,2337.54,3,East,UPI,33.0,1.0,4.0,7012.62
1528,CUST0827,2024-07-29,Beauty,Lip Balm Set,2127.19,2,south,UPI,26.0,2.0,,4254.38
2684,CUST0352,2025-05-27,Home & Kitchen,Non-stick Pan,5498.0,1,West,UPI,55.0,2.0,,5498.0
3083,CUST0042,2024-09-23,Electronics,Phone Case,5482.7,1,South,Credit Card,52.0,4.0,2.0,5482.7
3396,CUST0493,2025-02-02,Sports,Football,3111.29,1,South,Debit Card,35.0,2.0,3.0,3111.29
1111,CUST0602,2024-11-27,Electronics,Bluetooth Speaker,357.22,1,,Debit Card,,,,357.22
2390,CUST0596,2024-05-28,Electronics,Bluetooth Speaker,151.41,2,west,UPI,34.0,3.0,4.0,302.82
2873,CUST0023,2025-03-23,Electronics,Phone Case,870.67,1,central,UPI,43.0,6.0,3.0,870.67
2771,CUST0213,2024-01-13,Sports,Yoga Mat,2654.59,1,North,Debit Card,33.0,1.0,4.0,2654.59
3744,CUST0844,2024-10-07,Fashion,Sunglasses,958.64,2,East,Credit Card,44.0,4.0,5.0,1917.28
2746,CUST0494,2025-12-04,Sports,Football,4238.81,1,north,UPI,31.0,2.0,3.0,4238.81
1192,CUST0559,2024-04-27,Beauty,Face Serum,3909.01,1,East,Debit Card,26.0,4.0,5.0,3909.01
1663,CUST0589,2024-08-01,Electronics,Bluetooth Speaker,2123.55,1,West,Debit Card,18.0,7.0,4.0,2123.55
1080,CUST0567,2025-02-10,Beauty,Lip Balm Set,868.44,1,north,UPI,38.0,2.0,3.0,868.44
3966,CUST0619,2024-06-28,Electronics,Smartwatch,4085.37,1,South,UPI,41.0,1.0,5.0,4085.37
1375,CUST0849,2025-11-24,Electronics,Bluetooth Speaker,5401.8,2,Central,UPI,27.0,1.0,4.0,10803.6
3073,CUST0357,2024-09-26,Electronics,Bluetooth Speaker,3937.16,1,West,UPI,16.0,2.0,4.0,3937.16
2782,CUST0270,2025-08-12,Home & Kitchen,Wall Clock,4794.87,1,West,Net Banking,16.0,5.0,5.0,4794.87
1292,CUST0419,2025-04-18,Fashion,Cotton T-Shirt,1103.76,2,East,Net Banking,21.0,4.0,,2207.52
2339,CUST0877,2024-02-15,Home & Kitchen,Coffee Maker,744.2,1,Central,UPI,44.0,2.0,5.0,744.2
2809,CUST0620,2024-02-14,Electronics,Bluetooth Speaker,4258.51,2,Central,Net Banking,36.0,2.0,2.0,8517.02
3058,CUST0134,2024-01-30,Beauty,Face Serum,2162.48,2,Central,UPI,17.0,4.0,2.0,4324.96
2071,CUST0840,2025-02-02,Home & Kitchen,Wall Clock,2275.85,1,Central,NET BANKING,36.0,4.0,5.0,2275.85
3696,CUST0179,2025-01-14,Fashion,Cotton T-Shirt,379.8,3,North,UPI,30.0,1.0,4.0,1139.4
3466,CUST0292,2024-04-27,Fashion,Cotton T-Shirt,4137.26,1,East,Debit Card,20.0,5.0,5.0,4137.26
2091,CUST0166,2025-11-14,Fashion,Running Shoes,1746.57,1,West,Cash on Delivery,46.0,5.0,5.0,1746.57
3694,CUST0333,2025-02-13,Fashion,Cotton T-Shirt,4527.17,1,North,UPI,27.0,3.0,3.0,4527.17
1585,CUST0541,2024-12-16,Fashion,Leather Wallet,1520.8,1,east,Credit Card,20.0,1.0,5.0,1520.8
3321,CUST0196,2025-06-23,Sports,Resistance Bands,4293.87,2,North,Credit Card,36.0,4.0,4.0,8587.74
2999,CUST0550,2024-12-10,Sports,Football,1038.54,1,Central,UPI,23.0,2.0,4.0,1038.54
3020,CUST0792,2025-07-01,Beauty,Sunscreen SPF50,1400.66,1,South,CASH ON DELIVERY,23.0,2.0,5.0,1400.66
3220,CUST0550,2025-03-16,Home & Kitchen,Coffee Maker,3828.54,2,West,Debit Card,25.0,2.0,4.0,7657.08
1180,CUST0522,2025-11-06,Sports,Resistance Bands,1863.01,3,West,UPI,23.0,4.0,4.0,5589.03
2097,CUST0387,2024-11-02,Beauty,Lip Balm Set,5754.2,1,Central,Net Banking,30.0,7.0,4.0,5754.2
2550,CUST0385,2025-03-18,Electronics,Power Bank,4230.5,1,South,CREDIT CARD,40.0,7.0,4.0,4230.5
2921,CUST0641,2025-07-04,Beauty,Lip Balm Set,3723.93,2,North,Debit Card,37.0,3.0,4.0,7447.86
1489,CUST0140,2025-06-21,Electronics,Wireless Earbuds,307.18,1,west,Credit Card,32.0,3.0,5.0,307.18
2727,CUST0685,2024-09-14,Sports,Cricket Bat,2806.35,1,East,Credit Card,32.0,3.0,5.0,2806.35
2365,CUST0673,2024-01-09,Home & Kitchen,Storage Boxes,3884.97,3,West,Credit Card,21.0,2.0,5.0,11654.91
1052,CUST0385,2024-03-03,Fashion,Denim Jacket,2448.99,2,North,Credit Card,33.0,4.0,2.0,4897.98
3197,CUST0471,2025-04-05,Fashion,Sunglasses,3559.18,2,West,UPI,45.0,2.0,2.0,7118.36
2662,CUST0644,2024-09-22,Electronics,Phone Case,774.28,1,east,Net Banking,46.0,4.0,,774.28
1633,CUST0221,2024-03-26,Beauty,Sunscreen SPF50,4448.36,1,North,CASH ON DELIVERY,24.0,4.0,5.0,4448.36
1735,CUST0122,2025-02-20,Electronics,Bluetooth Speaker,2137.01,2,central,Net Banking,17.0,4.0,3.0,4274.02
1064,CUST0537,2025-09-22,Fashion,Cotton T-Shirt,2357.11,1,south,Credit Card,36.0,3.0,3.0,2357.11
2471,CUST0320,2025-05-14,Fashion,Sunglasses,821.07,3,North,Net Banking,35.0,3.0,5.0,2463.21
1869,CUST0374,2024-01-20,Beauty,Hair Dryer,2510.76,1,West,UPI,22.0,3.0,5.0,2510.76
1211,CUST0651,2025-11-05,Beauty,Face Serum,980.54,1,North,NET BANKING,46.0,4.0,5.0,980.54
2947,CUST0529,2025-04-08,Home & Kitchen,Storage Boxes,2704.29,1,West,Net Banking,25.0,1.0,,2704.29
1803,CUST0637,2025-04-30,Beauty,Sunscreen SPF50,5829.79,1,East,UPI,28.0,3.0,5.0,5829.79
2515,CUST0804,2024-02-07,Fashion,Denim Jacket,4067.52,1,west,Credit Card,18.0,4.0,4.0,4067.52
3704,CUST0850,2024-04-19,Sports,Dumbbell Set,922.34,2,North,UPI,35.0,3.0,,1844.68
1962,CUST0825,2024-10-11,Beauty,Makeup Kit,3184.04,2,west,Net Banking,18.0,2.0,3.0,6368.08
1842,CUST0293,2025-06-16,Fashion,Leather Wallet,4128.27,1,North,Credit Card,19.0,6.0,1.0,4128.27
3642,CUST0836,2024-10-31,Fashion,Cotton T-Shirt,2061.52,2,South,UPI,23.0,4.0,3.0,4123.04
2078,CUST0843,2024-06-28,Beauty,Face Serum,3989.0,1,central,Net Banking,17.0,3.0,4.0,3989.0
1340,CUST0833,2024-10-03,Fashion,Running Shoes,3845.11,1,South,Credit Card,46.0,4.0,5.0,3845.11
2767,CUST0178,2024-09-13,Sports,Yoga Mat,2858.18,1,West,Debit Card,32.0,7.0,3.0,2858.18
1730,CUST0607,2025-09-10,Home & Kitchen,Storage Boxes,4903.78,1,north,UPI,29.0,1.0,5.0,4903.78
3781,CUST0488,2024-01-20,Fashion,Running Shoes,3734.1,1,east,Credit Card,29.0,2.0,5.0,3734.1
3805,CUST0230,2025-01-21,Sports,Football,5760.51,1,South,CREDIT CARD,38.0,2.0,4.0,5760.51
3682,CUST0440,2025-10-18,Fashion,Running Shoes,3862.91,3,West,Debit Card,19.0,4.0,5.0,11588.73
2983,CUST0738,2024-07-17,Fashion,Sunglasses,4807.48,1,West,CASH ON DELIVERY,18.0,1.0,4.0,4807.48
3600,CUST0105,2024-11-02,Fashion,Running Shoes,2616.68,1,North,Cash on Delivery,39.0,4.0,,2616.68
3844,CUST0689,2024-07-01,Home & Kitchen,Coffee Maker,3849.21,1,West,Cash on Delivery,37.0,2.0,5.0,3849.21
3735,CUST0575,2025-06-04,Sports,Resistance Bands,403.62,2,North,Debit Card,23.0,3.0,5.0,807.24
2446,CUST0631,2025-04-12,Electronics,Smartwatch,3171.6,1,East,UPI,25.0,3.0,4.0,3171.6
1856,CUST0516,2025-11-08,Sports,Cricket Bat,1154.45,1,South,UPI,37.0,1.0,2.0,1154.45
2891,CUST0864,2024-06-22,Electronics,Bluetooth Speaker,4785.61,1,west,UPI,39.0,4.0,4.0,4785.61
2276,CUST0502,2024-07-19,Fashion,Denim Jacket,5119.83,1,central,Net Banking,33.0,3.0,5.0,5119.83
3850,CUST0096,2024-06-03,Fashion,Leather Wallet,2442.03,1,West,UPI,32.0,4.0,4.0,2442.03
3406,CUST0214,2024-12-08,Sports,Dumbbell Set,4071.9,1,West,DEBIT CARD,50.0,3.0,3.0,4071.9
2293,CUST0407,2024-05-26,Fashion,Denim Jacket,5159.36,2,West,DEBIT CARD,39.0,3.0,,10318.72
1355,CUST0487,2025-11-29,Beauty,Lip Balm Set,2124.26,2,Central,Net Banking,16.0,10.0,1.0,4248.52
3797,CUST0027,2025-01-15,Home & Kitchen,Non-stick Pan,2125.29,1,West,Net Banking,27.0,2.0,,2125.29
1878,CUST0898,2024-08-18,Sports,Football,3651.6,1,Central,Cash on Delivery,40.0,1.0,5.0,3651.6
1737,CUST0710,2024-05-21,Fashion,Cotton T-Shirt,5423.46,1,north,Net Banking,32.0,5.0,5.0,5423.46
3504,CUST0230,2025-10-12,Sports,Cricket Bat,3298.41,1,East,Debit Card,38.0,4.0,3.0,3298.41
2658,CUST0826,2025-10-10,Fashion,Sunglasses,3359.9,2,Central,Credit Card,31.0,3.0,5.0,6719.8
3144,CUST0343,2025-09-28,Beauty,Makeup Kit,1359.58,1,North,UPI,37.0,3.0,4.0,1359.58
3266,CUST0477,2025-12-11,Home & Kitchen,Non-stick Pan,1869.77,1,East,UPI,37.0,2.0,4.0,1869.77
1059,CUST0051,2025-01-08,Home & Kitchen,Coffee Maker,4231.36,1,South,Debit Card,25.0,6.0,4.0,4231.36
3883,CUST0727,2025-02-27,Home & Kitchen,Storage Boxes,2734.81,1,North,Credit Card,44.0,4.0,4.0,2734.81
3067,CUST0720,2024-12-05,Home & Kitchen,Coffee Maker,5341.79,1,South,Net Banking,39.0,4.0,5.0,5341.79
3231,CUST0369,2025-09-09,Fashion,Cotton T-Shirt,792.71,3,West,NET BANKING,25.0,3.0,4.0,2378.13
2052,CUST0513,2024-09-05,Fashion,Leather Wallet,2747.08,2,North,Credit Card,32.0,5.0,4.0,5494.16
1215,CUST0281,2025-08-25,Home & Kitchen,Coffee Maker,2430.09,1,East,Credit Card,26.0,2.0,4.0,2430.09
3770,CUST0138,2024-06-06,Fashion,Sunglasses,3699.16,1,South,Credit Card,29.0,7.0,1.0,3699.16
3652,CUST0808,2025-07-10,Sports,Resistance Bands,838.23,1,South,UPI,44.0,2.0,3.0,838.23
3320,CUST0179,2025-07-31,Sports,Resistance Bands,1964.94,1,south,Credit Card,33.0,3.0,5.0,1964.94
2869,CUST0200,2024-10-10,Electronics,Wireless Earbuds,3112.81,2,South,CASH ON DELIVERY,36.0,4.0,3.0,6225.62
3780,CUST0190,2025-04-12,Electronics,Power Bank,610.9,2,South,UPI,16.0,6.0,5.0,1221.8
2803,CUST0589,2024-11-24,Home & Kitchen,Coffee Maker,4195.84,1,North,Credit Card,32.0,1.0,3.0,4195.84
1934,CUST0168,2024-10-29,Sports,Resistance Bands,3667.7,1,North,CREDIT CARD,17.0,2.0,3.0,3667.7
1454,CUST0215,2025-07-07,Home & Kitchen,Coffee Maker,3343.65,2,West,UPI,32.0,6.0,5.0,6687.3
3091,CUST0523,2025-05-18,Fashion,Denim Jacket,3106.06,2,South,Cash on Delivery,41.0,3.0,5.0,6212.12
3272,CUST0014,2025-10-28,Home & Kitchen,Non-stick Pan,5813.83,2,East,Debit Card,35.0,2.0,5.0,11627.66
3291,CUST0626,2024-02-09,Sports,Dumbbell Set,3250.96,1,East,Debit Card,27.0,2.0,3.0,3250.96
1214,CUST0646,2025-10-15,Fashion,Leather Wallet,5436.11,1,South,Debit Card,41.0,5.0,2.0,5436.11
2158,CUST0805,2024-06-10,Electronics,Phone Case,2541.74,1,south,Credit Card,23.0,3.0,2.0,2541.74
3561,CUST0403,2025-11-11,Electronics,Power Bank,4406.89,1,West,Net Banking,37.0,3.0,3.0,4406.89
1944,CUST0808,2025-11-14,Fashion,Leather Wallet,1082.43,1,South,Credit Card,23.0,3.0,4.0,1082.43
1342,CUST0805,2024-10-22,Electronics,Phone Case,4846.44,3,central,UPI,27.0,3.0,4.0,14539.32
1148,CUST0304,2024-11-23,Fashion,Denim Jacket,3186.63,1,West,UPI,26.0,1.0,4.0,3186.63
2182,CUST0561,2024-07-05,Fashion,Leather Wallet,3356.5,1,North,Credit Card,33.0,6.0,3.0,3356.5
3456,CUST0681,2025-10-01,Beauty,Hair Dryer,5357.61,3,east,Debit Card,19.0,1.0,,16072.83
2062,CUST0198,2025-06-12,Beauty,Hair Dryer,1291.77,1,central,Debit Card,29.0,5.0,3.0,1291.77
1695,CUST0483,2025-12-02,Home & Kitchen,LED Desk Lamp,608.21,1,Central,Credit Card,37.0,2.0,4.0,608.21
1218,CUST0598,2024-11-29,Beauty,Makeup Kit,4497.68,1,North,UPI,48.0,6.0,5.0,4497.68
2981,CUST0502,2024-03-18,Beauty,Sunscreen SPF50,2647.03,1,south,Net Banking,22.0,4.0,4.0,2647.03
1453,CUST0732,2024-07-01,Fashion,Running Shoes,987.49,1,East,UPI,30.0,5.0,5.0,987.49
1864,CUST0475,2024-11-20,Electronics,Smartwatch,872.9,1,North,UPI,48.0,4.0,3.0,872.9
2147,CUST0259,2024-01-16,Beauty,Makeup Kit,906.1,1,East,UPI,33.0,6.0,5.0,906.1
2229,CUST0769,2024-08-29,Electronics,Phone Case,1927.82,1,North,UPI,,2.0,,1927.82
1652,CUST0716,2025-12-28,Fashion,Running Shoes,812.4,1,West,Cash on Delivery,33.0,3.0,4.0,812.4
3213,CUST0328,2024-08-22,Home & Kitchen,LED Desk Lamp,1016.63,5,South,Credit Card,40.0,3.0,,5083.15
3062,CUST0014,2025-07-02,Fashion,Denim Jacket,5603.91,1,North,UPI,35.0,7.0,4.0,5603.91
2654,CUST0685,2025-07-12,Electronics,Phone Case,591.28,2,central,Net Banking,26.0,3.0,1.0,1182.56
3357,CUST0217,2024-01-31,Beauty,Hair Dryer,1096.97,1,South,Credit Card,37.0,2.0,4.0,1096.97
1855,CUST0264,2025-03-23,Fashion,Leather Wallet,5397.42,1,Central,Credit Card,31.0,10.0,1.0,5397.42
2386,CUST0106,2024-06-18,Fashion,Sunglasses,1266.03,1,Central,Credit Card,52.0,3.0,4.0,1266.03
3130,CUST0275,2024-05-06,Fashion,Cotton T-Shirt,1600.48,1,South,UPI,23.0,4.0,3.0,1600.48
1994,CUST0468,2025-11-29,Home & Kitchen,Coffee Maker,832.13,1,north,Net Banking,35.0,1.0,5.0,832.13
2105,CUST0713,2024-07-19,Fashion,Sunglasses,330.1,2,South,UPI,47.0,10.0,,660.2
3424,CUST0437,2024-07-09,Fashion,Cotton T-Shirt,5746.15,2,East,Debit Card,41.0,7.0,5.0,11492.3
1940,CUST0799,2024-07-27,Beauty,Hair Dryer,2361.11,1,East,UPI,16.0,1.0,5.0,2361.11
1986,CUST0317,2025-10-07,Home & Kitchen,Non-stick Pan,5166.29,1,South,UPI,22.0,3.0,5.0,5166.29
3046,CUST0196,2025-03-31,Fashion,Sunglasses,4501.01,1,South,Debit Card,45.0,3.0,5.0,4501.01
3135,CUST0856,2024-04-14,Electronics,Bluetooth Speaker,3490.52,1,South,NET BANKING,36.0,6.0,4.0,3490.52
3034,CUST0368,2024-01-11,Beauty,Makeup Kit,3164.94,1,South,Net Banking,36.0,6.0,4.0,3164.94
2527,CUST0525,2025-09-20,Beauty,Hair Dryer,4689.89,1,West,Credit Card,32.0,1.0,5.0,4689.89
1151,CUST0036,2025-10-05,Fashion,Sunglasses,4965.57,1,Central,UPI,27.0,2.0,5.0,4965.57
3374,CUST0798,2025-08-21,Beauty,Sunscreen SPF50,4173.59,1,north,UPI,21.0,2.0,5.0,4173.59
1993,CUST0346,2024-08-07,Sports,Dumbbell Set,1367.44,1,North,UPI,36.0,3.0,5.0,1367.44
2295,CUST0813,2025-08-02,Electronics,Power Bank,2657.59,2,East,Net Banking,26.0,4.0,5.0,5315.18
3368,CUST0630,2025-05-11,Fashion,Denim Jacket,2758.86,1,North,Credit Card,34.0,4.0,5.0,2758.86
1485,CUST0686,2025-09-11,Fashion,Running Shoes,440.19,1,North,Debit Card,18.0,4.0,5.0,440.19
2794,CUST0089,2025-04-23,Fashion,Sunglasses,2866.35,1,East,Credit Card,31.0,4.0,5.0,2866.35
2030,CUST0193,2024-01-23,Sports,Dumbbell Set,3471.87,1,West,Cash on Delivery,51.0,2.0,5.0,3471.87
2264,CUST0027,2024-02-18,Home & Kitchen,Wall Clock,1100.39,1,North,UPI,17.0,3.0,3.0,1100.39
2848,CUST0479,2025-03-19,Beauty,Hair Dryer,5728.95,1,South,Credit Card,26.0,4.0,5.0,5728.95
1963,CUST0387,2024-03-15,Home & Kitchen,Storage Boxes,4526.75,1,Central,Debit Card,38.0,4.0,5.0,4526.75
3509,CUST0572,2025-07-23,Home & Kitchen,LED Desk Lamp,4274.0,2,South,Credit Card,24.0,4.0,5.0,8548.0
2706,CUST0439,2025-06-10,Fashion,Leather Wallet,5771.05,2,North,Credit Card,16.0,4.0,4.0,11542.1
1570,CUST0649,2024-04-01,Fashion,Cotton T-Shirt,1535.27,1,Central,Cash on Delivery,33.0,5.0,5.0,1535.27
1708,CUST0238,2024-01-13,Electronics,Power Bank,4934.43,1,South,Cash on Delivery,40.0,5.0,4.0,4934.43
2224,CUST0074,2024-05-08,Fashion,Leather Wallet,4970.31,2,East,Cash on Delivery,32.0,4.0,4.0,9940.62
1518,CUST0300,2025-02-06,Fashion,Sunglasses,1933.68,1,West,Cash on Delivery,35.0,2.0,4.0,1933.68
3632,CUST0847,2024-04-21,Sports,Resistance Bands,5023.69,2,East,UPI,38.0,2.0,5.0,10047.38
2926,CUST0890,2025-11-04,Fashion,Cotton T-Shirt,4134.75,1,Central,Cash on Delivery,20.0,5.0,1.0,4134.75
1865,CUST0235,2025-02-23,Fashion,Running Shoes,2402.55,2,North,UPI,46.0,2.0,5.0,4805.1
2940,CUST0279,2025-01-29,Beauty,Sunscreen SPF50,1888.32,1,west,Credit Card,29.0,4.0,4.0,1888.32
2304,CUST0703,2025-06-10,Beauty,Hair Dryer,3122.72,1,North,UPI,31.0,2.0,1.0,3122.72
1193,CUST0877,2024-05-16,Beauty,Lip Balm Set,5709.33,1,,Debit Card,,,,5709.33
3290,CUST0097,2025-09-24,Home & Kitchen,Coffee Maker,2923.78,1,South,UPI,16.0,2.0,5.0,2923.78
3974,CUST0568,2024-07-06,Home & Kitchen,LED Desk Lamp,1294.78,1,Central,Cash on Delivery,16.0,2.0,3.0,1294.78
3712,CUST0456,2024-02-18,Home & Kitchen,LED Desk Lamp,2541.89,2,central,Cash on Delivery,43.0,2.0,1.0,5083.78
1073,CUST0089,2024-09-26,Beauty,Makeup Kit,4827.29,2,north,NET BANKING,26.0,4.0,5.0,9654.58
2253,CUST0742,2025-10-07,Beauty,Makeup Kit,3199.43,2,East,UPI,22.0,4.0,4.0,6398.86
1090,CUST0506,2025-06-15,Fashion,Leather Wallet,3801.27,1,West,UPI,40.0,4.0,4.0,3801.27
3746,CUST0261,2025-03-28,Home & Kitchen,Coffee Maker,5125.37,1,East,UPI,24.0,5.0,5.0,5125.37
1018,CUST0779,2024-05-27,Fashion,Running Shoes,3924.26,1,South,Net Banking,26.0,4.0,4.0,3924.26
3247,CUST0175,2025-11-02,Sports,Yoga Mat,3235.16,1,East,Credit Card,29.0,4.0,5.0,3235.16
3280,CUST0446,2025-04-22,Home & Kitchen,Storage Boxes,4772.48,1,South,Credit Card,33.0,2.0,3.0,4772.48
2006,CUST0461,2024-02-21,Fashion,Cotton T-Shirt,2516.94,1,East,UPI,30.0,6.0,4.0,2516.94
1116,CUST0326,2024-02-15,Electronics,Power Bank,2059.64,1,Central,Net Banking,24.0,2.0,4.0,2059.64
2472,CUST0202,2024-07-23,Fashion,Cotton T-Shirt,4091.81,1,West,UPI,30.0,4.0,2.0,4091.81
2651,CUST0063,2025-02-17,Fashion,Leather Wallet,5740.58,2,West,CREDIT CARD,24.0,2.0,4.0,11481.16
2040,CUST0236,2025-06-21,Beauty,Face Serum,1127.72,1,Central,Debit Card,42.0,5.0,4.0,1127.72
2288,CUST0485,2025-07-20,Sports,Yoga Mat,1933.87,1,North,NET BANKING,46.0,3.0,3.0,1933.87
1263,CUST0884,2025-11-07,Home & Kitchen,Wall Clock,5479.75,2,North,Cash on Delivery,33.0,1.0,5.0,10959.5
1525,CUST0837,2025-05-23,Sports,Yoga Mat,4892.5,3,West,Debit Card,32.0,1.0,4.0,14677.5
3121,CUST0548,2025-04-18,Home & Kitchen,Wall Clock,272.76,1,East,Cash on Delivery,19.0,1.0,5.0,272.76
3087,CUST0351,2025-10-16,Fashion,Sunglasses,5837.27,1,North,Debit Card,34.0,4.0,5.0,5837.27
1702,CUST0393,2025-09-22,Beauty,Makeup Kit,764.82,1,West,Net Banking,23.0,2.0,5.0,764.82
1299,CUST0689,2024-07-20,Electronics,Power Bank,1199.28,3,North,UPI,29.0,4.0,5.0,3597.84
3458,CUST0673,2025-10-27,Fashion,Leather Wallet,2323.55,5,East,Credit Card,16.0,2.0,4.0,11617.75
2085,CUST0762,2025-11-20,Sports,Dumbbell Set,3524.92,1,West,Debit Card,28.0,7.0,4.0,3524.92
2839,CUST0093,2024-06-18,Electronics,Smartwatch,4536.02,2,Central,Cash on Delivery,31.0,2.0,5.0,9072.04
2419,CUST0066,2024-02-16,Beauty,Hair Dryer,2857.56,5,South,Net Banking,35.0,4.0,5.0,14287.8
1513,CUST0746,2024-04-14,Electronics,Bluetooth Speaker,3619.38,1,West,UPI,28.0,2.0,5.0,3619.38
1038,CUST0196,2024-02-04,Electronics,Bluetooth Speaker,2118.84,1,South,UPI,41.0,3.0,5.0,2118.84
3416,CUST0565,2025-03-08,Fashion,Leather Wallet,1078.13,1,East,Cash on Delivery,35.0,2.0,3.0,1078.13
1728,CUST0566,2024-12-02,Home & Kitchen,Non-stick Pan,610.38,1,North,Debit Card,34.0,3.0,4.0,610.38
3003,CUST0060,2025-04-13,Electronics,Smartwatch,5083.07,1,Central,DEBIT CARD,34.0,4.0,3.0,5083.07
1399,CUST0171,2024-11-16,Sports,Football,3964.74,2,East,CASH ON DELIVERY,36.0,3.0,2.0,7929.48
3423,CUST0168,2025-01-29,Electronics,Bluetooth Speaker,5745.41,1,West,CREDIT CARD,34.0,3.0,5.0,5745.41
3991,CUST0063,2025-01-14,Fashion,Denim Jacket,3032.66,2,Central,Cash on Delivery,19.0,2.0,5.0,6065.32
2197,CUST0856,2024-11-25,Sports,Dumbbell Set,2917.26,2,North,Cash on Delivery,38.0,3.0,4.0,5834.52
2445,CUST0293,2025-02-24,Beauty,Makeup Kit,3031.31,1,West,Credit Card,16.0,7.0,3.0,3031.31
2697,CUST0839,2024-06-11,Fashion,Leather Wallet,1940.19,1,North,Credit Card,24.0,3.0,2.0,1940.19
1972,CUST0435,2024-03-19,Fashion,Leather Wallet,3872.78,2,East,Cash on Delivery,25.0,4.0,3.0,7745.56
2230,CUST0608,2025-09-22,Beauty,Makeup Kit,2605.52,1,West,Net Banking,22.0,5.0,4.0,2605.52
1396,CUST0159,2024-10-26,Fashion,Denim Jacket,625.19,5,East,UPI,40.0,2.0,5.0,3125.95
1095,CUST0055,2024-12-28,Fashion,Denim Jacket,1228.57,1,East,Cash on Delivery,29.0,6.0,5.0,1228.57
3334,CUST0854,2024-05-08,Electronics,Power Bank,1288.06,1,South,Net Banking,31.0,6.0,3.0,1288.06
3785,CUST0258,2025-08-06,Electronics,Phone Case,215.58,1,East,Cash on Delivery,29.0,3.0,5.0,215.58
2074,CUST0078,2024-07-22,Sports,Yoga Mat,782.65,1,East,UPI,40.0,1.0,5.0,782.65
3461,CUST0509,2025-12-14,Electronics,Phone Case,3172.55,2,South,Cash on Delivery,22.0,6.0,2.0,6345.1
1930,CUST0020,2024-05-17,Beauty,Face Serum,223.68,1,West,UPI,24.0,2.0,2.0,223.68
2525,CUST0788,2024-06-16,Fashion,Denim Jacket,5933.64,1,South,Cash on Delivery,31.0,6.0,1.0,5933.64
3837,CUST0797,2025-10-28,Electronics,Wireless Earbuds,608.01,1,South,UPI,37.0,4.0,5.0,608.01
3651,CUST0544,2025-11-11,Sports,Yoga Mat,2395.14,1,East,UPI,27.0,2.0,4.0,2395.14
3890,CUST0768,2025-06-26,Sports,Dumbbell Set,330.78,1,North,Net Banking,35.0,5.0,5.0,330.78
3520,CUST0773,2025-09-26,Home & Kitchen,Storage Boxes,4831.99,1,West,UPI,30.0,4.0,4.0,4831.99
1197,CUST0203,2024-08-15,Electronics,Power Bank,346.64,1,South,Debit Card,16.0,3.0,5.0,346.64
1408,CUST0645,2025-04-20,Electronics,Smartwatch,1638.72,1,East,Net Banking,34.0,3.0,5.0,1638.72
1662,CUST0165,2024-02-17,Electronics,Smartwatch,2711.02,1,Central,Net Banking,21.0,2.0,5.0,2711.02
1579,CUST0216,2024-01-18,Electronics,Smartwatch,1344.9,1,South,Credit Card,16.0,4.0,5.0,1344.9
2263,CUST0636,2024-09-02,Electronics,Bluetooth Speaker,5399.1,1,East,Credit Card,34.0,5.0,2.0,5399.1
3860,CUST0593,2024-08-30,Sports,Yoga Mat,3659.48,1,South,Net Banking,26.0,3.0,5.0,3659.48
3310,CUST0446,2025-01-01,Electronics,Phone Case,3946.86,5,west,UPI,28.0,4.0,3.0,19734.3
1318,CUST0382,2024-08-21,Electronics,Wireless Earbuds,3705.35,1,east,UPI,16.0,1.0,4.0,3705.35
2587,CUST0159,2025-06-05,Fashion,Leather Wallet,992.52,2,West,UPI,31.0,4.0,,1985.04
2337,CUST0107,2025-04-01,Sports,Dumbbell Set,4252.2,1,Central,Net Banking,22.0,7.0,5.0,4252.2
2610,CUST0026,2024-08-02,Fashion,Cotton T-Shirt,5189.45,2,Central,UPI,21.0,3.0,4.0,10378.9
2114,CUST0207,2024-05-01,Sports,Resistance Bands,4613.9,1,Central,UPI,50.0,2.0,5.0,4613.9
1820,CUST0323,2025-12-20,Beauty,Lip Balm Set,2597.93,1,Central,Net Banking,37.0,3.0,4.0,2597.93
2768,CUST0489,2025-08-30,Beauty,Hair Dryer,5310.02,1,North,UPI,30.0,7.0,4.0,5310.02
2059,CUST0568,2024-12-31,Fashion,Running Shoes,3297.77,1,South,Net Banking,33.0,2.0,5.0,3297.77
1545,CUST0224,2024-11-09,Beauty,Makeup Kit,3785.88,1,West,DEBIT CARD,40.0,2.0,4.0,3785.88
2539,CUST0130,2024-02-13,Electronics,Bluetooth Speaker,3992.24,1,West,UPI,40.0,2.0,4.0,3992.24
2313,CUST0771,2025-10-21,Home & Kitchen,Wall Clock,3411.48,3,South,Cash on Delivery,29.0,2.0,4.0,10234.44
3585,CUST0500,2025-02-26,Fashion,Denim Jacket,4207.85,1,Central,Credit Card,38.0,2.0,4.0,4207.85
1547,CUST0447,2025-03-17,Sports,Yoga Mat,588.52,1,South,Net Banking,16.0,1.0,3.0,588.52
2907,CUST0884,2024-09-19,Electronics,Bluetooth Speaker,5679.98,1,North,Debit Card,24.0,2.0,3.0,5679.98
2123,CUST0298,2025-01-21,Electronics,Smartwatch,1577.95,2,South,Credit Card,34.0,3.0,5.0,3155.9
2219,CUST0672,2025-02-26,Fashion,Denim Jacket,1320.1,3,South,NET BANKING,40.0,7.0,,3960.3
2410,CUST0299,2024-05-03,Fashion,Cotton T-Shirt,2620.76,1,east,Credit Card,34.0,3.0,3.0,2620.76
3757,CUST0368,2025-06-03,Sports,Resistance Bands,1273.79,1,West,Credit Card,36.0,10.0,5.0,1273.79
3695,CUST0643,2025-07-23,Fashion,Denim Jacket,1403.91,1,north,Credit Card,28.0,3.0,4.0,1403.91
1636,CUST0703,2025-01-28,Home & Kitchen,Non-stick Pan,2997.49,2,East,Cash on Delivery,33.0,6.0,4.0,5994.98
2943,CUST0759,2024-01-01,Electronics,Wireless Earbuds,3756.28,2,East,Cash on Delivery,32.0,3.0,4.0,7512.56
1591,CUST0468,2025-07-13,Sports,Football,1069.64,3,East,Debit Card,24.0,4.0,4.0,3208.92
3992,CUST0359,2024-08-12,Fashion,Running Shoes,1800.43,2,south,Net Banking,17.0,1.0,2.0,3600.86
2359,CUST0525,2025-05-03,Beauty,Makeup Kit,978.38,1,West,UPI,38.0,3.0,1.0,978.38
3163,CUST0539,2025-01-29,Fashion,Denim Jacket,3969.31,1,Central,UPI,25.0,5.0,4.0,3969.31
1109,CUST0120,2025-05-20,Electronics,Wireless Earbuds,4710.57,1,East,UPI,44.0,4.0,3.0,4710.57
1719,CUST0577,2024-02-07,Sports,Yoga Mat,445.17,1,North,Cash on Delivery,32.0,5.0,5.0,445.17
2435,CUST0613,2025-07-02,Home & Kitchen,Wall Clock,2108.91,2,South,Credit Card,20.0,3.0,5.0,4217.82
3671,CUST0073,2025-01-26,Electronics,Smartwatch,1251.21,-1,East,UPI,34.0,1.0,3.0,2502.42
2644,CUST0277,2024-06-28,Home & Kitchen,Storage Boxes,2247.42,1,Central,Credit Card,27.0,3.0,2.0,2247.42
3923,CUST0064,2025-07-03,Sports,Dumbbell Set,3732.54,1,Central,Net Banking,30.0,4.0,,3732.54
3226,CUST0858,2024-11-15,Fashion,Leather Wallet,854.32,5,North,Net Banking,30.0,3.0,4.0,4271.6
3612,CUST0189,2024-07-31,Beauty,Lip Balm Set,5887.72,1,Central,CREDIT CARD,36.0,2.0,3.0,5887.72
1891,CUST0758,2024-02-11,Fashion,Leather Wallet,5254.56,1,West,Debit Card,27.0,2.0,2.0,5254.56
1713,CUST0625,2024-02-16,Sports,Cricket Bat,5684.54,1,North,Credit Card,28.0,6.0,5.0,5684.54
1288,CUST0162,2024-11-05,Sports,Resistance Bands,3605.23,1,South,UPI,38.0,1.0,4.0,3605.23
2037,CUST0881,2025-01-08,Fashion,Cotton T-Shirt,442.61,1,East,UPI,20.0,4.0,5.0,442.61
2397,CUST0655,2025-04-27,Electronics,Phone Case,2194.14,2,East,UPI,16.0,3.0,5.0,4388.28
3656,CUST0167,2025-05-12,Fashion,Leather Wallet,5350.15,1,South,CREDIT CARD,23.0,6.0,5.0,5350.15
2721,CUST0454,2025-07-11,Sports,Yoga Mat,281.99,1,East,UPI,35.0,10.0,4.0,281.99
3465,CUST0813,2025-02-02,Beauty,Face Serum,1155.42,3,west,UPI,27.0,3.0,5.0,3466.26
2245,CUST0788,2024-02-02,Electronics,Phone Case,1772.65,1,North,Credit Card,16.0,5.0,4.0,1772.65
3451,CUST0745,2025-07-07,Electronics,Bluetooth Speaker,708.39,2,North,Debit Card,36.0,3.0,4.0,1416.78
1745,CUST0440,2024-10-01,Electronics,Bluetooth Speaker,3606.86,5,east,Credit Card,25.0,5.0,5.0,18034.3
2172,CUST0602,2024-06-09,Beauty,Makeup Kit,4767.41,1,South,DEBIT CARD,16.0,1.0,1.0,4767.41
3669,CUST0779,2025-06-23,Beauty,Makeup Kit,3851.91,2,Central,Cash on Delivery,17.0,2.0,4.0,7703.82
2814,CUST0244,2024-09-01,Beauty,Sunscreen SPF50,3288.98,1,North,UPI,37.0,1.0,2.0,3288.98
1201,CUST0294,2025-05-31,Fashion,Cotton T-Shirt,5682.33,2,West,UPI,27.0,3.0,5.0,11364.66
2880,CUST0411,2025-08-16,Beauty,Makeup Kit,5886.58,1,East,UPI,32.0,4.0,5.0,5886.58
2491,CUST0213,2025-10-12,Fashion,Cotton T-Shirt,4627.78,2,Central,UPI,,4.0,,9255.56
3196,CUST0126,2025-04-09,Electronics,Wireless Earbuds,4810.28,1,South,Cash on Delivery,32.0,5.0,4.0,4810.28
1898,CUST0582,2025-10-25,Electronics,Bluetooth Speaker,5261.86,1,west,Net Banking,22.0,3.0,5.0,5261.86
2354,CUST0146,2024-08-25,Sports,Cricket Bat,5381.29,1,east,Net Banking,33.0,3.0,3.0,5381.29
2831,CUST0686,2025-12-24,Electronics,Power Bank,962.22,2,north,Net Banking,39.0,4.0,4.0,1924.44
1526,CUST0285,2024-03-21,Sports,Resistance Bands,5313.3,1,West,Net Banking,37.0,1.0,,5313.3
2375,CUST0293,2024-07-31,Fashion,Sunglasses,5614.76,1,Central,UPI,29.0,4.0,5.0,5614.76
2683,CUST0032,2025-06-22,Beauty,Sunscreen SPF50,975.0,3,Central,UPI,34.0,3.0,3.0,2925.0
3139,CUST0063,2024-03-31,Beauty,Hair Dryer,2148.79,1,South,UPI,22.0,3.0,4.0,2148.79
1507,CUST0011,2024-06-17,Sports,Resistance Bands,918.03,1,Central,Credit Card,38.0,3.0,3.0,918.03
1480,CUST0130,2024-02-25,Home & Kitchen,Storage Boxes,3581.09,1,East,Net Banking,35.0,5.0,5.0,3581.09
1688,CUST0866,2025-07-17,Electronics,Wireless Earbuds,4661.77,1,North,Net Banking,21.0,2.0,4.0,4661.77
2565,CUST0316,2024-10-26,Fashion,Sunglasses,2060.01,3,West,UPI,21.0,5.0,3.0,6180.03
2294,CUST0536,2024-07-23,Electronics,Phone Case,5195.63,2,central,UPI,27.0,2.0,5.0,10391.26
1397,CUST0016,2024-07-07,Home & Kitchen,Non-stick Pan,3881.73,5,North,Credit Card,28.0,3.0,,19408.65
3207,CUST0330,2024-07-13,Electronics,Smartwatch,1799.72,2,East,Credit Card,27.0,3.0,3.0,3599.44
2396,CUST0336,2025-02-09,Home & Kitchen,Storage Boxes,318.49,1,south,UPI,20.0,3.0,4.0,318.49
3681,CUST0189,2025-01-11,Home & Kitchen,Non-stick Pan,749.59,1,West,Credit Card,43.0,2.0,,749.59
3927,CUST0891,2025-10-05,Fashion,Running Shoes,1791.94,2,Central,Cash on Delivery,34.0,5.0,5.0,3583.88
3865,CUST0342,2024-08-29,Sports,Resistance Bands,5852.89,1,east,Debit Card,33.0,1.0,5.0,5852.89
2292,CUST0308,2025-03-19,Sports,Dumbbell Set,738.26,1,east,Net Banking,45.0,10.0,4.0,738.26
1603,CUST0706,2024-12-29,Sports,Cricket Bat,255.47,1,East,Credit Card,38.0,4.0,5.0,255.47
1241,CUST0267,2024-06-13,Fashion,Denim Jacket,4425.29,1,east,Cash on Delivery,36.0,6.0,3.0,4425.29
1936,CUST0534,2024-05-11,Beauty,Hair Dryer,1663.29,2,Central,Credit Card,29.0,4.0,4.0,3326.58
1449,CUST0130,2024-09-23,Electronics,Power Bank,1440.81,1,North,Net Banking,32.0,4.0,4.0,1440.81
1796,CUST0794,2024-04-14,Electronics,Power Bank,207.6,1,South,UPI,17.0,5.0,3.0,207.6
3463,CUST0768,2025-12-19,Electronics,Bluetooth Speaker,283.5,1,South,UPI,32.0,4.0,4.0,283.5
1014,CUST0608,2025-10-10,Electronics,Smartwatch,2986.26,1,East,UPI,29.0,2.0,4.0,2986.26
3962,CUST0177,2024-01-04,Fashion,Running Shoes,2874.96,1,Central,Credit Card,35.0,3.0,5.0,2874.96
3819,CUST0221,2025-10-08,Sports,Dumbbell Set,5956.71,2,West,UPI,23.0,2.0,2.0,11913.42
2492,CUST0103,2025-12-08,Home & Kitchen,Coffee Maker,2730.05,1,South,Credit Card,27.0,2.0,5.0,2730.05
3583,CUST0618,2024-08-02,Electronics,Wireless Earbuds,3771.26,1,West,Credit Card,40.0,5.0,,3771.26
3529,CUST0044,2024-08-03,Fashion,Sunglasses,3268.21,2,North,UPI,21.0,5.0,4.0,6536.42
1377,CUST0571,2024-02-29,Fashion,Running Shoes,844.07,3,West,UPI,35.0,1.0,4.0,2532.21
2203,CUST0627,2025-04-18,Fashion,Cotton T-Shirt,1223.84,1,central,Net Banking,34.0,5.0,4.0,1223.84
1264,CUST0465,2025-02-12,Electronics,Smartwatch,5786.47,1,west,UPI,32.0,4.0,4.0,5786.47
1616,CUST0774,2024-12-04,Electronics,Bluetooth Speaker,5131.49,1,South,UPI,29.0,10.0,5.0,5131.49
1504,CUST0182,2024-05-19,Electronics,Wireless Earbuds,5559.15,1,Central,UPI,39.0,3.0,5.0,5559.15
1058,CUST0883,2025-05-22,Sports,Dumbbell Set,537.48,1,East,CREDIT CARD,31.0,4.0,4.0,537.48
3024,CUST0504,2025-09-27,Sports,Football,738.11,1,West,Net Banking,44.0,5.0,5.0,738.11
3443,CUST0423,2025-09-14,Sports,Yoga Mat,297.62,1,West,UPI,32.0,3.0,4.0,297.62
2479,CUST0219,2024-08-16,Electronics,Smartwatch,5348.36,1,North,Net Banking,25.0,3.0,3.0,5348.36
2635,CUST0678,2025-01-26,Beauty,Sunscreen SPF50,2506.94,1,South,Credit Card,19.0,6.0,3.0,2506.94
3675,CUST0084,2024-06-01,Electronics,Power Bank,4069.33,1,central,Cash on Delivery,45.0,1.0,4.0,4069.33
1233,CUST0196,2025-07-13,Electronics,Smartwatch,222.01,1,West,Credit Card,31.0,3.0,4.0,222.01
3088,CUST0418,2024-03-11,Sports,Yoga Mat,5581.54,1,,DEBIT CARD,,,,5581.54
2596,CUST0499,2024-08-07,Electronics,Power Bank,1800.75,1,North,UPI,18.0,3.0,4.0,1800.75
2636,CUST0646,2025-05-02,Electronics,Bluetooth Speaker,395.34,1,North,Net Banking,32.0,10.0,5.0,395.34
2068,CUST0336,2024-03-10,Home & Kitchen,Wall Clock,3225.26,3,West,UPI,33.0,4.0,5.0,9675.78
3517,CUST0159,2025-03-22,Home & Kitchen,Non-stick Pan,4749.21,1,west,UPI,42.0,3.0,4.0,4749.21
2099,CUST0245,2025-02-03,Beauty,Face Serum,4559.75,1,,Net Banking,,,,4559.75
2540,CUST0434,2024-09-06,Beauty,Sunscreen SPF50,2146.66,3,South,UPI,43.0,4.0,5.0,6439.98
2058,CUST0048,2025-02-15,Electronics,Power Bank,930.11,1,North,Cash on Delivery,28.0,1.0,2.0,930.11
1786,CUST0775,2024-07-29,Electronics,Bluetooth Speaker,5386.34,5,East,UPI,28.0,4.0,3.0,26931.7
3069,CUST0258,2025-02-25,Electronics,Bluetooth Speaker,5963.74,1,East,Credit Card,35.0,1.0,3.0,5963.74
1174,CUST0625,2025-08-16,Sports,Football,2934.71,1,Central,Cash on Delivery,25.0,3.0,4.0,2934.71
1142,CUST0119,2024-12-06,Beauty,Sunscreen SPF50,699.32,1,South,Debit Card,30.0,3.0,5.0,699.32
1205,CUST0468,2025-08-08,Sports,Football,700.11,1,south,UPI,24.0,3.0,5.0,700.11
3037,CUST0424,2025-10-31,Fashion,Denim Jacket,3701.46,2,Central,UPI,29.0,2.0,5.0,7402.92
2262,CUST0663,2024-10-11,Home & Kitchen,Coffee Maker,4950.28,1,South,Cash on Delivery,46.0,2.0,3.0,4950.28
3052,CUST0574,2025-11-19,Electronics,Wireless Earbuds,199.85,1,South,UPI,28.0,4.0,4.0,199.85
1922,CUST0285,2025-08-04,Electronics,Wireless Earbuds,5084.98,1,North,Credit Card,39.0,6.0,4.0,5084.98
3246,CUST0613,2025-06-30,Fashion,Sunglasses,5699.07,1,South,Net Banking,,6.0,,5699.07
3313,CUST0135,2024-09-25,Home & Kitchen,Non-stick Pan,3925.04,1,East,UPI,38.0,6.0,4.0,3925.04
1682,CUST0852,2025-10-09,Electronics,Smartwatch,4083.11,1,,UPI,,,,4083.11
2823,CUST0632,2025-06-02,Home & Kitchen,Coffee Maker,5945.57,2,Central,UPI,34.0,3.0,3.0,11891.14
3187,CUST0085,2024-06-15,Electronics,Smartwatch,5833.23,1,Central,Debit Card,38.0,5.0,4.0,5833.23
2023,CUST0832,2025-02-11,Home & Kitchen,Wall Clock,2101.65,1,North,Debit Card,25.0,4.0,5.0,2101.65
3060,CUST0724,2025-03-15,Sports,Football,5600.36,1,West,Credit Card,33.0,7.0,4.0,5600.36
2600,CUST0725,2025-08-30,Electronics,Smartwatch,792.81,1,north,Net Banking,21.0,4.0,3.0,792.81
2777,CUST0861,2025-11-16,Home & Kitchen,Coffee Maker,3103.54,1,East,DEBIT CARD,37.0,3.0,3.0,3103.54
1790,CUST0740,2024-10-02,Fashion,Leather Wallet,1655.59,1,West,Net Banking,40.0,1.0,5.0,1655.59
3601,CUST0777,2024-06-06,Fashion,Sunglasses,465.61,1,North,Net Banking,35.0,2.0,4.0,465.61
3312,CUST0132,2025-09-07,Beauty,Sunscreen SPF50,5196.2,1,North,Credit Card,38.0,3.0,4.0,5196.2
3593,CUST0290,2024-06-20,Electronics,Wireless Earbuds,895.12,1,West,Net Banking,52.0,4.0,4.0,895.12
3533,CUST0157,2024-01-31,Fashion,Leather Wallet,2629.66,1,West,UPI,28.0,4.0,4.0,2629.66
2334,CUST0128,2024-03-03,Sports,Resistance Bands,4178.21,2,South,Net Banking,33.0,1.0,4.0,8356.42
1269,CUST0412,2024-07-17,Electronics,Phone Case,973.7,1,West,Credit Card,35.0,2.0,5.0,973.7
3126,CUST0386,2024-10-19,Electronics,Bluetooth Speaker,5273.86,1,Central,NET BANKING,30.0,3.0,5.0,5273.86
2482,CUST0774,2025-06-18,Fashion,Running Shoes,5444.41,1,south,Net Banking,44.0,3.0,3.0,5444.41
1512,CUST0510,2024-10-07,Fashion,Leather Wallet,2520.12,1,central,UPI,26.0,4.0,5.0,2520.12
1853,CUST0293,2025-10-16,Sports,Cricket Bat,5339.57,1,North,Credit Card,20.0,3.0,4.0,5339.57
2620,CUST0001,2024-10-14,Home & Kitchen,Non-stick Pan,1590.3,1,south,Credit Card,22.0,4.0,4.0,1590.3
1101,CUST0372,2024-03-26,Electronics,Power Bank,5505.61,1,Central,Credit Card,22.0,7.0,5.0,5505.61
1013,CUST0259,2025-10-01,Fashion,Running Shoes,4873.52,2,West,Credit Card,25.0,2.0,4.0,9747.04
1645,CUST0657,2025-03-24,Fashion,Cotton T-Shirt,3202.71,1,Central,Net Banking,24.0,1.0,5.0,3202.71
2585,CUST0719,2024-02-19,Sports,Dumbbell Set,293.12,1,West,UPI,30.0,4.0,2.0,293.12
1779,CUST0848,2025-06-16,Fashion,Sunglasses,5326.82,1,East,UPI,25.0,5.0,2.0,5326.82
1980,CUST0185,2025-06-23,Electronics,Bluetooth Speaker,5193.93,2,West,Credit Card,23.0,3.0,4.0,10387.86
3349,CUST0128,2025-06-21,Beauty,Sunscreen SPF50,1941.78,1,Central,Debit Card,25.0,4.0,2.0,1941.78
3668,CUST0516,2025-10-10,Fashion,Running Shoes,4577.35,1,Central,UPI,37.0,2.0,3.0,4577.35
3367,CUST0031,2024-08-11,Electronics,Phone Case,363.91,2,North,NET BANKING,45.0,4.0,5.0,727.82
3810,CUST0842,2024-01-11,Sports,Dumbbell Set,5797.57,1,North,Net Banking,44.0,3.0,4.0,5797.57
3082,CUST0536,2024-06-05,Fashion,Running Shoes,5965.23,2,Central,Credit Card,25.0,3.0,5.0,11930.46
3283,CUST0055,2024-03-30,Home & Kitchen,Storage Boxes,1613.28,1,West,Debit Card,28.0,4.0,2.0,1613.28
2988,CUST0385,2025-04-17,Fashion,Cotton T-Shirt,587.51,1,central,Net Banking,37.0,2.0,5.0,587.51
1021,CUST0896,2025-08-09,Beauty,Hair Dryer,5623.46,2,North,UPI,39.0,3.0,5.0,11246.92
1750,CUST0893,2024-01-25,Electronics,Smartwatch,4448.88,1,North,Cash on Delivery,28.0,2.0,5.0,4448.88
3994,CUST0802,2024-12-23,Sports,Football,5630.55,1,West,Credit Card,33.0,1.0,4.0,5630.55
1118,CUST0687,2025-02-04,Electronics,Phone Case,3555.7,1,South,Cash on Delivery,33.0,4.0,2.0,3555.7
3919,CUST0381,2024-02-03,Electronics,Bluetooth Speaker,881.4,3,Central,UPI,43.0,5.0,5.0,2644.2
3841,CUST0746,2025-08-29,Fashion,Sunglasses,1982.73,1,North,UPI,23.0,7.0,4.0,1982.73
1564,CUST0597,2025-06-17,Fashion,Cotton T-Shirt,1491.95,1,,UPI,,,,1491.95
3339,CUST0428,2025-11-13,Sports,Resistance Bands,3173.72,1,Central,Credit Card,45.0,4.0,5.0,3173.72
2154,CUST0351,2024-01-14,Sports,Dumbbell Set,1158.02,1,Central,UPI,40.0,4.0,,1158.02
1491,CUST0078,2024-12-02,Sports,Resistance Bands,5058.73,1,South,Net Banking,36.0,4.0,5.0,5058.73
1047,CUST0441,2025-02-12,Fashion,Cotton T-Shirt,5231.3,1,East,Debit Card,32.0,10.0,2.0,5231.3
1493,CUST0192,2024-03-11,Home & Kitchen,Coffee Maker,3399.66,1,Central,UPI,36.0,1.0,4.0,3399.66
2681,CUST0181,2024-01-04,Sports,Football,4289.19,2,North,UPI,23.0,3.0,1.0,8578.38
3972,CUST0184,2024-03-24,Home & Kitchen,LED Desk Lamp,5557.58,2,West,UPI,27.0,4.0,2.0,11115.16
3354,CUST0255,2024-03-16,Electronics,Smartwatch,2155.64,1,,Credit Card,,,,2155.64
1984,CUST0249,2024-09-25,Electronics,Phone Case,1842.71,1,West,Credit Card,27.0,3.0,4.0,1842.71
2950,CUST0159,2025-08-19,Fashion,Sunglasses,4331.4,3,South,Credit Card,29.0,6.0,4.0,12994.2
1769,CUST0844,2024-03-10,Home & Kitchen,Storage Boxes,5156.56,1,South,UPI,26.0,5.0,4.0,5156.56
2372,CUST0112,2025-01-03,Fashion,Sunglasses,4147.66,2,East,Credit Card,40.0,6.0,5.0,8295.32
3714,CUST0208,2025-01-03,Home & Kitchen,Coffee Maker,803.94,1,West,Net Banking,42.0,4.0,4.0,803.94
2601,CUST0002,2024-07-27,Home & Kitchen,Non-stick Pan,1200.3,1,East,Net Banking,35.0,2.0,4.0,1200.3
3179,CUST0770,2025-01-20,Fashion,Leather Wallet,5534.11,1,West,Net Banking,28.0,4.0,5.0,5534.11
2765,CUST0511,2025-01-29,Home & Kitchen,Storage Boxes,4717.83,2,North,Credit Card,44.0,7.0,5.0,9435.66
2017,CUST0570,2025-03-17,Fashion,Leather Wallet,668.5,2,West,Credit Card,52.0,5.0,4.0,1337.0
2243,CUST0632,2024-06-03,Fashion,Sunglasses,3495.3,1,Central,UPI,41.0,6.0,2.0,3495.3
3665,CUST0376,2024-03-03,Beauty,Hair Dryer,4282.49,2,north,UPI,31.0,6.0,1.0,8564.98
1565,CUST0871,2025-11-01,Fashion,Leather Wallet,972.46,1,North,Cash on Delivery,22.0,1.0,4.0,972.46
1610,CUST0648,2025-04-14,Fashion,Denim Jacket,1686.62,2,South,Net Banking,26.0,7.0,4.0,3373.24
3435,CUST0048,2024-12-22,Sports,Cricket Bat,1989.95,1,Central,Net Banking,26.0,1.0,4.0,1989.95
3387,CUST0314,2024-08-26,Electronics,Phone Case,4421.05,2,central,Debit Card,42.0,1.0,4.0,8842.1
2992,CUST0532,2025-10-03,Home & Kitchen,Coffee Maker,285.41,1,West,Credit Card,30.0,2.0,5.0,285.41
2592,CUST0621,2024-12-31,Sports,Resistance Bands,802.84,1,north,UPI,39.0,3.0,3.0,802.84
3298,CUST0464,2024-08-03,Sports,Cricket Bat,3429.82,2,Central,UPI,24.0,4.0,5.0,6859.64
1577,CUST0229,2025-12-27,Beauty,Lip Balm Set,5681.14,1,west,Debit Card,41.0,2.0,5.0,5681.14
1627,CUST0741,2024-10-02,Electronics,Wireless Earbuds,5508.22,1,Central,CREDIT CARD,35.0,4.0,4.0,5508.22
3899,CUST0863,2025-01-28,Electronics,Smartwatch,1732.76,2,Central,UPI,32.0,4.0,3.0,3465.52
1950,CUST0679,2025-09-21,Sports,Football,406.84,1,East,UPI,36.0,5.0,5.0,406.84
2623,CUST0156,2025-02-09,Home & Kitchen,LED Desk Lamp,4268.98,1,North,UPI,18.0,2.0,3.0,4268.98
3403,CUST0112,2025-06-11,Fashion,Sunglasses,3867.11,1,central,UPI,27.0,3.0,3.0,3867.11
2569,CUST0253,2025-08-29,Fashion,Denim Jacket,5361.25,1,south,Credit Card,30.0,2.0,4.0,5361.25
2923,CUST0720,2024-05-10,Fashion,Cotton T-Shirt,4082.61,5,,CREDIT CARD,,,,20413.05
3293,CUST0133,2025-07-19,Electronics,Power Bank,176.97,1,Central,CREDIT CARD,16.0,1.0,3.0,176.97
1756,CUST0200,2024-07-26,Home & Kitchen,Coffee Maker,4400.01,2,Central,UPI,30.0,3.0,5.0,8800.02
3857,CUST0168,2024-11-11,Fashion,Sunglasses,2850.27,1,West,Net Banking,30.0,4.0,4.0,2850.27
2813,CUST0375,2024-05-18,Electronics,Wireless Earbuds,3945.63,1,Central,UPI,16.0,5.0,4.0,3945.63
2630,CUST0612,2025-04-23,Electronics,Phone Case,3613.83,1,North,Credit Card,20.0,2.0,,3613.83
1640,CUST0229,2024-01-11,Beauty,Face Serum,360.4,1,Central,Net Banking,19.0,2.0,4.0,360.4
3203,CUST0757,2024-03-20,Beauty,Sunscreen SPF50,2832.57,1,East,UPI,25.0,7.0,5.0,2832.57
1044,CUST0657,2024-07-12,Beauty,Sunscreen SPF50,625.89,1,North,Net Banking,36.0,10.0,4.0,625.89
1008,CUST0490,2025-10-09,Fashion,Cotton T-Shirt,182.3,2,North,Debit Card,35.0,4.0,5.0,364.6
3363,CUST0346,2025-11-11,Sports,Cricket Bat,2926.48,1,East,UPI,34.0,2.0,1.0,2926.48
1739,CUST0703,2025-02-15,Electronics,Wireless Earbuds,624.2,2,Central,Net Banking,36.0,5.0,5.0,1248.4
1033,CUST0697,2024-09-28,Beauty,Makeup Kit,3172.67,1,East,Net Banking,46.0,1.0,4.0,3172.67
1471,CUST0398,2024-07-30,Fashion,Running Shoes,4876.01,2,South,UPI,43.0,3.0,5.0,9752.02
1472,CUST0477,2025-07-21,Home & Kitchen,Coffee Maker,1809.11,1,North,NET BANKING,33.0,1.0,5.0,1809.11
1422,CUST0551,2025-10-19,Home & Kitchen,Non-stick Pan,1156.7,2,West,Debit Card,41.0,4.0,5.0,2313.4
2916,CUST0579,2025-02-21,Home & Kitchen,LED Desk Lamp,1812.72,2,West,Credit Card,32.0,2.0,5.0,3625.44
3256,CUST0061,2024-05-27,Electronics,Power Bank,326.33,1,East,UPI,30.0,4.0,4.0,326.33
2752,CUST0517,2025-03-13,Home & Kitchen,Coffee Maker,5922.64,1,West,Cash on Delivery,25.0,2.0,4.0,5922.64
2510,CUST0157,2025-03-28,Electronics,Wireless Earbuds,3974.95,1,South,UPI,34.0,4.0,5.0,3974.95
3218,CUST0090,2024-10-03,Electronics,Power Bank,5798.51,1,West,Cash on Delivery,22.0,4.0,4.0,5798.51
3719,CUST0129,2024-01-05,Fashion,Denim Jacket,3614.91,2,North,Debit Card,16.0,3.0,1.0,7229.82
2675,CUST0032,2025-10-06,Electronics,Smartwatch,185305.0,2,West,UPI,39.0,5.0,5.0,7412.2
1906,CUST0432,2024-01-24,Fashion,Sunglasses,336.53,1,South,Credit Card,30.0,2.0,3.0,336.53
2217,CUST0019,2025-02-03,Home & Kitchen,Wall Clock,1410.93,1,West,UPI,31.0,7.0,3.0,1410.93
3829,CUST0164,2025-07-16,Sports,Football,2684.55,1,Central,Debit Card,36.0,3.0,5.0,2684.55
2648,CUST0432,2025-10-21,Fashion,Running Shoes,4416.67,1,West,Net Banking,43.0,4.0,4.0,4416.67
3950,CUST0737,2024-08-01,Fashion,Sunglasses,252.43,1,East,Debit Card,46.0,3.0,5.0,252.43
1465,CUST0082,2025-03-14,Fashion,Denim Jacket,4554.16,2,West,Credit Card,35.0,2.0,5.0,9108.32
2364,CUST0691,2024-03-06,Beauty,Lip Balm Set,1978.16,1,West,UPI,45.0,4.0,4.0,1978.16
3289,CUST0417,2024-03-04,Home & Kitchen,Wall Clock,4305.15,1,East,Debit Card,34.0,3.0,5.0,4305.15
1982,CUST0001,2024-04-22,Fashion,Sunglasses,3688.9,1,west,Debit Card,51.0,3.0,3.0,3688.9
3580,CUST0003,2025-09-11,Electronics,Power Bank,1531.95,1,East,UPI,23.0,4.0,5.0,1531.95
1668,CUST0188,2025-06-24,Electronics,Power Bank,1979.37,1,Central,Credit Card,22.0,2.0,4.0,1979.37
1010,CUST0015,2025-09-04,Sports,Yoga Mat,5834.52,2,East,Credit Card,30.0,4.0,4.0,11669.04
3259,CUST0162,2025-04-26,Home & Kitchen,LED Desk Lamp,1548.82,1,Central,Net Banking,22.0,3.0,3.0,1548.82
2760,CUST0879,2024-05-03,Electronics,Smartwatch,208.23,1,North,Credit Card,26.0,3.0,4.0,208.23
3606,CUST0410,2025-03-08,Home & Kitchen,Coffee Maker,1352.7,1,north,UPI,23.0,3.0,3.0,1352.7
3336,CUST0033,2025-08-17,Sports,Dumbbell Set,5028.84,2,Central,Net Banking,36.0,7.0,4.0,10057.68
2431,CUST0799,2024-01-19,Fashion,Denim Jacket,3757.87,1,South,Cash on Delivery,35.0,4.0,,3757.87
2529,CUST0309,2025-04-01,Sports,Cricket Bat,4277.78,1,Central,UPI,37.0,3.0,3.0,4277.78
2939,CUST0180,2024-02-02,Fashion,Denim Jacket,5244.07,1,North,Cash on Delivery,26.0,6.0,4.0,5244.07
2966,CUST0677,2025-10-12,Fashion,Denim Jacket,4440.63,1,North,Credit Card,40.0,4.0,,4440.63
1948,CUST0552,2024-06-19,Electronics,Smartwatch,933.56,3,West,Credit Card,44.0,5.0,3.0,2800.68
2353,CUST0855,2024-09-17,Sports,Yoga Mat,1474.82,1,,CREDIT CARD,,,,1474.82
2455,CUST0377,2025-07-29,Sports,Cricket Bat,5949.7,1,Central,Debit Card,33.0,3.0,4.0,5949.7
3731,CUST0433,2024-08-28,Electronics,Wireless Earbuds,2693.65,1,East,CREDIT CARD,20.0,1.0,2.0,2693.65
1049,CUST0740,2025-02-11,Sports,Football,3777.78,1,west,Credit Card,30.0,3.0,4.0,3777.78
3490,CUST0513,2025-12-07,Electronics,Wireless Earbuds,3337.01,2,South,UPI,31.0,4.0,5.0,6674.02
2906,CUST0451,2025-09-05,Sports,Dumbbell Set,5916.15,5,South,UPI,35.0,10.0,4.0,29580.75
3711,CUST0840,2025-01-29,Home & Kitchen,Storage Boxes,2109.35,2,central,Debit Card,37.0,6.0,5.0,4218.7
2850,CUST0192,2024-10-18,Sports,Football,4665.14,1,East,CASH ON DELIVERY,39.0,2.0,4.0,4665.14
1433,CUST0658,2025-10-27,Sports,Football,4577.03,1,East,Credit Card,,1.0,,4577.03
1787,CUST0269,2025-05-15,Electronics,Wireless Earbuds,257.47,1,west,Credit Card,36.0,5.0,4.0,257.47
2612,CUST0565,2024-05-08,Fashion,Denim Jacket,5568.12,1,South,UPI,26.0,4.0,4.0,5568.12
1125,CUST0338,2025-12-26,Electronics,Phone Case,3554.53,1,South,DEBIT CARD,26.0,3.0,1.0,3554.53
1066,CUST0662,2024-10-08,Fashion,Leather Wallet,3704.2,1,North,UPI,31.0,3.0,4.0,3704.2
2969,CUST0512,2025-05-06,Electronics,Power Bank,942.1,1,North,Net Banking,25.0,4.0,5.0,942.1
3988,CUST0296,2025-12-20,Sports,Cricket Bat,5519.07,1,South,Debit Card,48.0,7.0,5.0,5519.07
3639,CUST0472,2025-06-26,Home & Kitchen,Wall Clock,973.54,1,Central,Credit Card,48.0,6.0,5.0,973.54
2796,CUST0745,2025-08-18,Fashion,Running Shoes,2285.75,1,South,Credit Card,23.0,3.0,5.0,2285.75
2755,CUST0815,2024-06-13,Electronics,Smartwatch,4495.48,1,West,UPI,16.0,1.0,4.0,4495.48
3697,CUST0778,2025-04-03,Home & Kitchen,Coffee Maker,5920.0,2,North,Cash on Delivery,40.0,4.0,5.0,11840.0
1781,CUST0641,2024-08-22,Home & Kitchen,Wall Clock,3914.92,1,North,UPI,35.0,1.0,4.0,3914.92
2225,CUST0036,2024-01-12,Sports,Resistance Bands,3660.73,1,North,UPI,18.0,4.0,4.0,3660.73
1130,CUST0537,2025-05-29,Beauty,Sunscreen SPF50,388.41,1,west,UPI,37.0,3.0,5.0,388.41
2206,CUST0307,2024-01-05,Beauty,Makeup Kit,4611.71,1,South,Net Banking,29.0,1.0,5.0,4611.71
3362,CUST0598,2025-04-17,Fashion,Running Shoes,1953.31,1,South,Net Banking,39.0,3.0,5.0,1953.31
2392,CUST0449,2024-02-19,Electronics,Wireless Earbuds,2002.98,1,Central,Cash on Delivery,39.0,3.0,4.0,2002.98
3297,CUST0715,2024-03-09,Electronics,Bluetooth Speaker,1623.85,1,West,Credit Card,35.0,10.0,3.0,1623.85
3960,CUST0063,2025-10-18,Fashion,Sunglasses,5804.28,2,North,Cash on Delivery,19.0,3.0,5.0,11608.56
2484,CUST0086,2024-06-09,Sports,Yoga Mat,5285.39,3,South,Debit Card,31.0,3.0,5.0,15856.17
2534,CUST0777,2024-02-15,Home & Kitchen,LED Desk Lamp,4229.29,1,North,Debit Card,34.0,3.0,5.0,4229.29
3929,CUST0090,2024-03-01,Electronics,Power Bank,5982.16,2,west,UPI,55.0,1.0,3.0,11964.32
3056,CUST0129,2025-12-14,Fashion,Denim Jacket,644.16,2,West,UPI,30.0,4.0,4.0,1288.32
2609,CUST0727,2025-05-01,Fashion,Denim Jacket,2580.57,1,South,UPI,17.0,4.0,4.0,2580.57
2103,CUST0112,2025-11-06,Home & Kitchen,Non-stick Pan,1625.34,1,north,UPI,36.0,3.0,4.0,1625.34
2378,CUST0638,2024-03-20,Home & Kitchen,Non-stick Pan,5986.52,2,Central,UPI,36.0,10.0,5.0,11973.04
1238,CUST0854,2024-04-18,Sports,Football,5828.84,2,Central,Credit Card,28.0,10.0,4.0,11657.68
3954,CUST0568,2025-05-29,Beauty,Sunscreen SPF50,669.87,1,west,Credit Card,40.0,1.0,3.0,669.87
1998,CUST0283,2024-09-30,Home & Kitchen,Non-stick Pan,519.1,1,West,Credit Card,22.0,4.0,4.0,519.1
3807,CUST0304,2025-08-06,Fashion,Leather Wallet,1987.75,2,South,Debit Card,36.0,2.0,5.0,3975.5
3605,CUST0803,2024-08-25,Home & Kitchen,Storage Boxes,1118.24,2,Central,Debit Card,34.0,3.0,4.0,2236.48
2562,CUST0087,2024-11-25,Electronics,Phone Case,3064.17,1,East,UPI,44.0,4.0,5.0,3064.17
3014,CUST0278,2025-08-08,Electronics,Bluetooth Speaker,1196.44,1,east,UPI,33.0,5.0,4.0,1196.44
2899,CUST0358,2024-08-23,Sports,Dumbbell Set,3149.12,2,West,Credit Card,41.0,4.0,3.0,6298.24
1763,CUST0450,2025-04-13,Sports,Resistance Bands,3171.2,2,east,Credit Card,21.0,4.0,3.0,6342.4
1370,CUST0303,2024-10-28,Fashion,Denim Jacket,3848.59,1,East,UPI,29.0,3.0,4.0,3848.59
1523,CUST0237,2025-09-23,Sports,Resistance Bands,2912.65,1,East,Debit Card,38.0,5.0,4.0,2912.65
3404,CUST0766,2024-02-18,Home & Kitchen,Coffee Maker,3262.03,2,South,Debit Card,55.0,3.0,5.0,6524.06
1076,CUST0522,2024-06-05,Sports,Football,1037.3,1,West,Credit Card,42.0,2.0,5.0,1037.3
3907,CUST0099,2024-08-10,Home & Kitchen,Storage Boxes,982.74,1,East,Cash on Delivery,41.0,5.0,3.0,982.74
1055,CUST0767,2025-03-13,Home & Kitchen,LED Desk Lamp,4668.06,1,north,Credit Card,33.0,4.0,5.0,4668.06
1267,CUST0218,2025-12-29,Home & Kitchen,Non-stick Pan,1853.19,1,West,CREDIT CARD,34.0,4.0,4.0,1853.19
3617,CUST0813,2025-07-27,Home & Kitchen,Non-stick Pan,2969.67,2,south,CREDIT CARD,40.0,3.0,3.0,5939.34
2819,CUST0582,2024-04-07,Beauty,Face Serum,1565.93,2,central,UPI,28.0,3.0,3.0,3131.86
3042,CUST0583,2024-12-27,Beauty,Face Serum,3839.69,1,East,Credit Card,19.0,1.0,4.0,3839.69
3903,CUST0633,2025-11-30,Home & Kitchen,Non-stick Pan,5999.06,2,East,Credit Card,42.0,4.0,4.0,11998.12
3104,CUST0355,2025-09-13,Beauty,Sunscreen SPF50,4038.07,1,East,Debit Card,28.0,5.0,5.0,4038.07
1921,CUST0899,2024-08-22,Home & Kitchen,Wall Clock,4859.35,1,south,Cash on Delivery,43.0,2.0,5.0,4859.35
1383,CUST0006,2025-09-01,Fashion,Leather Wallet,4973.16,1,West,Net Banking,33.0,5.0,4.0,4973.16
3995,CUST0803,2024-05-15,Sports,Dumbbell Set,1885.97,1,North,UPI,21.0,3.0,5.0,1885.97
3699,CUST0066,2024-11-17,Fashion,Sunglasses,1760.61,1,South,NET BANKING,27.0,2.0,,1760.61
3545,CUST0408,2024-02-11,Sports,Cricket Bat,4926.72,1,East,Cash on Delivery,24.0,5.0,4.0,4926.72
3803,CUST0675,2025-10-21,Fashion,Running Shoes,5732.8,1,East,Credit Card,16.0,1.0,4.0,5732.8
3303,CUST0164,2024-06-11,Home & Kitchen,Non-stick Pan,4344.44,1,South,UPI,30.0,7.0,5.0,4344.44
3673,CUST0853,2024-03-11,Fashion,Leather Wallet,5313.24,2,North,UPI,38.0,5.0,,10626.48
1836,CUST0704,2024-06-23,Fashion,Running Shoes,1875.35,1,West,UPI,42.0,2.0,4.0,1875.35
2426,CUST0359,2025-04-28,Fashion,Sunglasses,1001.57,2,South,Credit Card,37.0,3.0,4.0,2003.14
3902,CUST0567,2025-08-12,Sports,Yoga Mat,5430.29,2,central,Credit Card,41.0,6.0,1.0,10860.58
1464,CUST0832,2025-09-08,Electronics,Smartwatch,3488.95,1,east,Cash on Delivery,36.0,6.0,3.0,3488.95
1740,CUST0637,2025-10-24,Fashion,Sunglasses,3481.47,2,central,Net Banking,28.0,1.0,2.0,6962.94
2507,CUST0395,2025-10-25,Fashion,Denim Jacket,2993.12,1,Central,CASH ON DELIVERY,20.0,7.0,5.0,2993.12
3708,CUST0090,2024-09-18,Home & Kitchen,LED Desk Lamp,3067.16,2,west,Credit Card,42.0,4.0,4.0,6134.32
1802,CUST0354,2024-11-19,Electronics,Wireless Earbuds,1807.28,1,Central,UPI,41.0,2.0,5.0,1807.28
1276,CUST0074,2025-03-02,Fashion,Cotton T-Shirt,4049.61,1,West,UPI,30.0,4.0,5.0,4049.61
3044,CUST0567,2024-09-08,Beauty,Hair Dryer,4199.57,1,Central,UPI,61.0,2.0,5.0,4199.57
2328,CUST0702,2025-08-11,Home & Kitchen,Non-stick Pan,1764.27,1,South,UPI,45.0,2.0,4.0,1764.27
3595,CUST0266,2024-04-07,Electronics,Wireless Earbuds,2932.85,1,north,DEBIT CARD,25.0,7.0,4.0,2932.85
2871,CUST0259,2024-04-13,Fashion,Running Shoes,3950.53,1,Central,Credit Card,21.0,1.0,3.0,3950.53
2383,CUST0483,2024-09-20,Fashion,Denim Jacket,4539.78,1,Central,Credit Card,34.0,3.0,5.0,4539.78
3021,CUST0338,2024-08-30,Beauty,Lip Balm Set,3806.38,1,,UPI,,,,3806.38
2793,CUST0892,2024-09-30,Fashion,Running Shoes,5528.61,1,Central,Net Banking,33.0,4.0,,5528.61
2444,CUST0214,2024-12-31,Electronics,Bluetooth Speaker,4240.57,1,South,Credit Card,28.0,3.0,5.0,4240.57
1613,CUST0701,2024-07-15,Fashion,Leather Wallet,3391.48,1,East,Credit Card,41.0,4.0,5.0,3391.48
3124,CUST0042,2025-02-22,Fashion,Leather Wallet,2295.04,2,West,UPI,26.0,2.0,4.0,4590.08
2063,CUST0750,2024-05-28,Sports,Yoga Mat,239.89,1,South,UPI,42.0,4.0,3.0,239.89
1849,CUST0217,2024-11-26,Beauty,Lip Balm Set,3248.42,1,South,Net Banking,51.0,3.0,5.0,3248.42
2415,CUST0664,2024-03-14,Electronics,Bluetooth Speaker,617.01,1,North,Credit Card,32.0,4.0,5.0,617.01
2180,CUST0427,2024-04-12,Electronics,Phone Case,1164.33,1,South,Debit Card,33.0,3.0,3.0,1164.33
1596,CUST0632,2025-05-02,Beauty,Face Serum,2510.59,1,east,Cash on Delivery,19.0,3.0,4.0,2510.59
3614,CUST0350,2025-02-09,Fashion,Cotton T-Shirt,947.29,2,South,Net Banking,48.0,3.0,4.0,1894.58
2207,CUST0591,2025-05-29,Electronics,Bluetooth Speaker,3200.71,2,North,UPI,22.0,1.0,5.0,6401.42
3554,CUST0475,2024-10-27,Sports,Resistance Bands,5884.1,1,North,UPI,36.0,3.0,5.0,5884.1
3658,CUST0549,2025-09-19,Fashion,Denim Jacket,4706.35,1,North,Credit Card,26.0,2.0,4.0,4706.35
1368,CUST0183,2024-10-08,Sports,Football,4345.16,2,West,UPI,33.0,3.0,5.0,8690.32
3887,CUST0263,2024-01-27,Fashion,Denim Jacket,2555.61,1,North,Credit Card,46.0,2.0,5.0,2555.61
2459,CUST0201,2025-07-27,Beauty,Sunscreen SPF50,3291.49,1,West,UPI,47.0,3.0,3.0,3291.49
1098,CUST0817,2024-04-17,Beauty,Makeup Kit,4213.97,1,West,Net Banking,28.0,4.0,4.0,4213.97
2716,CUST0373,2024-06-26,Electronics,Power Bank,1566.71,2,South,UPI,19.0,5.0,3.0,3133.42
2833,CUST0748,2025-07-17,Beauty,Face Serum,5000.05,2,Central,UPI,37.0,4.0,5.0,10000.1
3532,CUST0299,2025-10-23,Beauty,Sunscreen SPF50,2927.28,1,North,NET BANKING,16.0,2.0,3.0,2927.28
1382,CUST0885,2025-01-05,Electronics,Phone Case,2370.76,1,South,UPI,34.0,2.0,3.0,2370.76
3906,CUST0549,2025-05-05,Fashion,Leather Wallet,169.13,1,West,Debit Card,46.0,4.0,5.0,169.13
2762,CUST0791,2024-01-24,Fashion,Leather Wallet,5979.88,1,West,Cash on Delivery,44.0,4.0,4.0,5979.88
1029,CUST0570,2025-04-15,Electronics,Smartwatch,311.56,1,,Net Banking,,,,311.56
1448,CUST0366,2025-08-27,Beauty,Sunscreen SPF50,5600.68,5,East,UPI,23.0,4.0,4.0,28003.4
3870,CUST0665,2025-04-26,Beauty,Sunscreen SPF50,4558.64,1,east,UPI,24.0,4.0,4.0,4558.64
1821,CUST0336,2024-11-06,Fashion,Running Shoes,610.17,1,Central,Net Banking,27.0,3.0,5.0,610.17
3541,CUST0101,2025-04-10,Electronics,Phone Case,5229.58,2,East,UPI,38.0,2.0,5.0,10459.16
2875,CUST0512,2024-11-29,Fashion,Running Shoes,2411.36,1,East,Net Banking,29.0,4.0,5.0,2411.36
2239,CUST0861,2024-09-01,Fashion,Sunglasses,3291.92,2,South,UPI,41.0,4.0,,6583.84
2086,CUST0095,2024-11-29,Sports,Football,3480.61,1,Central,Credit Card,20.0,4.0,5.0,3480.61
3544,CUST0566,2024-04-03,Electronics,Bluetooth Speaker,1607.74,1,South,Net Banking,17.0,2.0,5.0,1607.74
1722,CUST0382,2024-08-17,Electronics,Phone Case,4060.75,3,North,UPI,39.0,4.0,3.0,12182.25
2166,CUST0379,2024-09-16,Electronics,Power Bank,3531.01,1,East,UPI,31.0,2.0,5.0,3531.01
2165,CUST0145,2024-06-24,Sports,Yoga Mat,2664.66,1,South,Cash on Delivery,41.0,2.0,4.0,2664.66
3698,CUST0109,2024-10-29,Electronics,Phone Case,3077.62,2,west,Cash on Delivery,22.0,3.0,3.0,6155.24
2210,CUST0385,2024-01-16,Electronics,Phone Case,5155.28,2,North,UPI,31.0,1.0,3.0,10310.56
2694,CUST0852,2024-03-12,Home & Kitchen,Coffee Maker,1482.4,1,North,Credit Card,25.0,4.0,3.0,1482.4
1780,CUST0713,2024-10-29,Beauty,Hair Dryer,4863.2,1,North,Debit Card,24.0,4.0,4.0,4863.2
2024,CUST0409,2024-03-12,Sports,Dumbbell Set,3197.8,1,East,Net Banking,17.0,4.0,5.0,3197.8
1005,CUST0002,2024-12-05,Electronics,Bluetooth Speaker,1560.0,1,south,Debit Card,42.0,2.0,,1560.0
2816,CUST0118,2024-03-08,Sports,Dumbbell Set,639.22,2,North,UPI,42.0,3.0,5.0,1278.44
2299,CUST0869,2024-03-19,Sports,Cricket Bat,3304.32,1,East,UPI,28.0,4.0,5.0,3304.32
3933,CUST0194,2025-07-07,Home & Kitchen,Non-stick Pan,4188.72,1,North,Credit Card,35.0,3.0,3.0,4188.72
1517,CUST0145,2025-05-17,Home & Kitchen,LED Desk Lamp,2647.12,1,West,UPI,29.0,2.0,,2647.12
2731,CUST0794,2025-07-25,Home & Kitchen,Coffee Maker,2888.84,2,east,UPI,30.0,3.0,5.0,5777.68
3457,CUST0523,2024-02-08,Electronics,Bluetooth Speaker,4493.6,1,Central,Credit Card,37.0,10.0,3.0,4493.6
3730,CUST0519,2025-06-26,Home & Kitchen,Storage Boxes,1069.82,1,East,Debit Card,26.0,3.0,4.0,1069.82
1351,CUST0444,2024-02-01,Electronics,Power Bank,5353.69,1,West,DEBIT CARD,31.0,4.0,4.0,5353.69
2887,CUST0058,2025-04-11,Fashion,Running Shoes,1555.79,1,East,Debit Card,45.0,3.0,5.0,1555.79
3557,CUST0207,2024-05-30,Fashion,Cotton T-Shirt,2644.98,1,North,UPI,27.0,6.0,4.0,2644.98
2922,CUST0635,2025-02-15,Sports,Cricket Bat,2144.18,1,North,UPI,28.0,1.0,3.0,2144.18
1661,CUST0299,2025-08-07,Sports,Yoga Mat,1712.92,1,South,NET BANKING,25.0,3.0,4.0,1712.92
3742,CUST0838,2024-12-04,Sports,Football,5585.76,1,West,Net Banking,32.0,1.0,4.0,5585.76
3180,CUST0055,2024-05-04,Electronics,Bluetooth Speaker,2059.73,1,North,Cash on Delivery,33.0,3.0,5.0,2059.73
1900,CUST0253,2025-09-15,Home & Kitchen,Coffee Maker,2056.46,1,West,UPI,27.0,4.0,5.0,2056.46
3158,CUST0280,2025-05-26,Sports,Yoga Mat,5392.08,1,Central,UPI,24.0,4.0,4.0,5392.08
1159,CUST0845,2025-12-27,Electronics,Bluetooth Speaker,2364.09,1,south,Cash on Delivery,31.0,3.0,4.0,2364.09
1384,CUST0106,2025-02-27,Electronics,Bluetooth Speaker,3352.71,1,East,Credit Card,43.0,6.0,3.0,3352.71
3120,CUST0333,2024-10-25,Sports,Resistance Bands,1395.6,2,East,Cash on Delivery,40.0,3.0,5.0,2791.2
1141,CUST0746,2024-02-08,Home & Kitchen,Non-stick Pan,2810.23,1,central,UPI,50.0,2.0,1.0,2810.23
1466,CUST0874,2025-06-27,Electronics,Smartwatch,4309.36,1,South,UPI,37.0,4.0,5.0,4309.36
2872,CUST0486,2025-01-01,Beauty,Hair Dryer,4012.1,1,east,Credit Card,29.0,2.0,4.0,4012.1
1300,CUST0154,2025-01-21,Fashion,Running Shoes,1351.2,1,,Debit Card,,,,1351.2
1398,CUST0721,2024-04-16,Electronics,Power Bank,1781.79,1,South,UPI,45.0,1.0,5.0,1781.79
2902,CUST0864,2024-10-13,Fashion,Sunglasses,3426.03,1,East,Credit Card,29.0,3.0,4.0,3426.03
2822,CUST0052,2025-10-14,Fashion,Running Shoes,2702.16,1,East,UPI,27.0,6.0,4.0,2702.16
2687,CUST0540,2025-04-12,Beauty,Lip Balm Set,1930.22,1,west,UPI,44.0,4.0,5.0,1930.22
2034,CUST0345,2025-04-17,Fashion,Running Shoes,4110.93,1,East,Net Banking,16.0,10.0,5.0,4110.93
3409,CUST0056,2025-08-26,Electronics,Bluetooth Speaker,3316.32,2,East,UPI,38.0,3.0,4.0,6632.64
2553,CUST0009,2025-11-27,Fashion,Running Shoes,3661.7,1,Central,UPI,30.0,2.0,4.0,3661.7
2049,CUST0613,2024-02-01,Fashion,Denim Jacket,1365.33,1,East,UPI,35.0,6.0,4.0,1365.33
2963,CUST0131,2024-05-12,Electronics,Bluetooth Speaker,5002.02,2,East,UPI,29.0,3.0,4.0,10004.04
1847,CUST0311,2025-09-11,Sports,Cricket Bat,2165.36,1,North,Net Banking,40.0,6.0,3.0,2165.36
1252,CUST0456,2025-06-16,Electronics,Power Bank,1405.57,1,South,Credit Card,38.0,5.0,3.0,1405.57
3526,CUST0705,2025-02-06,Home & Kitchen,Non-stick Pan,4904.72,2,north,DEBIT CARD,16.0,10.0,3.0,9809.44
3079,CUST0452,2025-03-20,Sports,Dumbbell Set,3373.13,3,South,Cash on Delivery,42.0,3.0,4.0,10119.39
1807,CUST0472,2025-06-23,Electronics,Phone Case,4844.98,1,East,UPI,40.0,2.0,4.0,4844.98
3388,CUST0721,2024-05-01,Sports,Dumbbell Set,3223.18,2,South,Net Banking,31.0,4.0,5.0,6446.36
1716,CUST0141,2024-11-01,Sports,Yoga Mat,5587.03,1,South,Debit Card,34.0,3.0,4.0,5587.03
2978,CUST0161,2025-06-11,Beauty,Lip Balm Set,5383.88,1,South,UPI,29.0,2.0,5.0,5383.88
3643,CUST0565,2024-11-29,Beauty,Face Serum,585.7,1,North,Credit Card,38.0,10.0,1.0,585.7
1988,CUST0657,2025-02-26,Home & Kitchen,Coffee Maker,1975.21,2,North,Credit Card,32.0,6.0,4.0,3950.42
3496,CUST0175,2024-05-19,Home & Kitchen,Non-stick Pan,1864.03,1,North,UPI,18.0,4.0,5.0,1864.03
1196,CUST0582,2024-06-11,Electronics,Phone Case,1762.33,2,South,Net Banking,23.0,10.0,4.0,3524.66
2236,CUST0885,2024-10-06,Electronics,Bluetooth Speaker,2338.37,1,East,Credit Card,22.0,2.0,4.0,2338.37
2045,CUST0251,2025-02-27,Sports,Football,5755.77,1,South,UPI,39.0,3.0,5.0,5755.77
1280,CUST0105,2024-04-23,Fashion,Leather Wallet,5428.08,2,East,UPI,37.0,10.0,1.0,10856.16
1097,CUST0803,2024-07-19,Home & Kitchen,LED Desk Lamp,4659.84,1,South,Credit Card,33.0,3.0,5.0,4659.84
1442,CUST0550,2025-02-04,Sports,Football,4210.0,1,East,UPI,28.0,3.0,4.0,4210.0
2204,CUST0327,2024-02-18,Home & Kitchen,Wall Clock,4965.11,2,North,Credit Card,16.0,4.0,5.0,9930.22
2043,CUST0758,2024-11-11,Sports,Resistance Bands,761.64,1,Central,NET BANKING,39.0,6.0,4.0,761.64
3355,CUST0831,2024-01-29,Sports,Resistance Bands,350.05,2,West,UPI,38.0,5.0,5.0,700.1
3198,CUST0057,2024-03-03,Electronics,Power Bank,5860.66,5,North,Credit Card,40.0,1.0,4.0,29303.3
1331,CUST0222,2025-01-30,Home & Kitchen,LED Desk Lamp,2746.58,1,East,Cash on Delivery,31.0,3.0,4.0,2746.58
2497,CUST0208,2025-07-15,Fashion,Running Shoes,2413.67,1,south,Debit Card,31.0,5.0,5.0,2413.67
1862,CUST0071,2024-07-06,Home & Kitchen,LED Desk Lamp,2634.37,1,West,Credit Card,41.0,5.0,4.0,2634.37
1746,CUST0110,2025-02-24,Home & Kitchen,Non-stick Pan,2780.15,1,South,Net Banking,39.0,3.0,4.0,2780.15
3676,CUST0686,2024-12-20,Fashion,Leather Wallet,4721.22,2,North,Net Banking,19.0,4.0,3.0,9442.44
2112,CUST0507,2025-12-15,Sports,Yoga Mat,4349.53,2,central,UPI,29.0,6.0,4.0,8699.06
3775,CUST0778,2024-07-29,Home & Kitchen,Non-stick Pan,5120.58,-1,South,UPI,33.0,6.0,3.0,10241.16
3724,CUST0838,2025-12-21,Electronics,Phone Case,5861.11,1,North,UPI,38.0,3.0,1.0,5861.11
2766,CUST0661,2024-02-11,Electronics,Bluetooth Speaker,3172.46,1,East,UPI,22.0,1.0,4.0,3172.46
3608,CUST0669,2024-12-15,Fashion,Sunglasses,1010.38,1,Central,Credit Card,21.0,3.0,5.0,1010.38
2141,CUST0632,2024-11-22,Beauty,Hair Dryer,4888.91,1,South,Cash on Delivery,16.0,3.0,5.0,4888.91
2946,CUST0882,2025-04-12,Fashion,Sunglasses,4535.56,1,South,UPI,16.0,3.0,4.0,4535.56
1595,CUST0589,2024-06-01,Beauty,Face Serum,1271.28,1,Central,Credit Card,19.0,3.0,4.0,1271.28
2164,CUST0229,2025-12-26,Home & Kitchen,LED Desk Lamp,4116.65,1,West,Debit Card,28.0,4.0,5.0,4116.65
2531,CUST0292,2024-04-27,Home & Kitchen,Coffee Maker,1858.28,2,South,Credit Card,34.0,3.0,3.0,3716.56
3501,CUST0127,2024-04-14,Fashion,Leather Wallet,5449.08,1,East,UPI,25.0,4.0,5.0,5449.08
1550,CUST0656,2024-12-11,Fashion,Sunglasses,4334.64,1,east,UPI,18.0,3.0,3.0,4334.64
1557,CUST0209,2024-11-21,Home & Kitchen,LED Desk Lamp,4694.83,1,west,Debit Card,41.0,4.0,4.0,4694.83
3536,CUST0478,2024-10-23,Electronics,Wireless Earbuds,2881.27,1,south,Net Banking,34.0,3.0,2.0,2881.27
1542,CUST0239,2025-08-23,Beauty,Hair Dryer,2716.1,1,North,Credit Card,36.0,3.0,5.0,2716.1
2735,CUST0389,2025-04-06,Electronics,Bluetooth Speaker,720.95,2,Central,Debit Card,32.0,2.0,5.0,1441.9
1265,CUST0055,2025-05-16,Home & Kitchen,LED Desk Lamp,249.14,2,Central,UPI,29.0,2.0,1.0,498.28
2163,CUST0884,2025-05-22,Beauty,Lip Balm Set,279.63,1,South,UPI,29.0,2.0,5.0,279.63
2853,CUST0292,2024-11-08,Beauty,Makeup Kit,733.38,2,east,UPI,34.0,2.0,5.0,1466.76
2385,CUST0161,2025-03-05,Fashion,Denim Jacket,3513.58,1,North,Credit Card,41.0,3.0,4.0,3513.58
2065,CUST0845,2024-06-02,Home & Kitchen,Non-stick Pan,1465.16,5,Central,Debit Card,46.0,1.0,5.0,7325.8
1301,CUST0802,2025-10-30,Home & Kitchen,Coffee Maker,5564.3,1,South,UPI,47.0,3.0,3.0,5564.3
2775,CUST0111,2024-12-28,Fashion,Cotton T-Shirt,1882.62,2,North,UPI,32.0,4.0,5.0,3765.24
1554,CUST0073,2024-12-07,Electronics,Power Bank,5694.61,1,Central,UPI,16.0,2.0,4.0,5694.61
1468,CUST0494,2025-12-08,Electronics,Bluetooth Speaker,5934.72,1,south,Credit Card,42.0,10.0,5.0,5934.72
1345,CUST0494,2024-08-10,Electronics,Wireless Earbuds,5844.29,1,South,Cash on Delivery,27.0,10.0,5.0,5844.29
3018,CUST0781,2025-10-07,Beauty,Lip Balm Set,2569.73,1,North,UPI,21.0,6.0,4.0,2569.73
2226,CUST0063,2025-07-07,Electronics,Smartwatch,1420.96,3,,UPI,,,,4262.88
3562,CUST0229,2024-02-17,Beauty,Lip Balm Set,510.38,2,West,Debit Card,19.0,3.0,3.0,1020.76
3684,CUST0615,2024-04-17,Home & Kitchen,Coffee Maker,5885.21,2,West,Credit Card,33.0,3.0,4.0,11770.42
2292,CUST0308,2025-03-19,Sports,Dumbbell Set,738.26,1,east,Net Banking,45.0,10.0,4.0,738.26
3556,CUST0527,2024-11-23,Home & Kitchen,Coffee Maker,549.97,1,North,UPI,37.0,4.0,4.0,549.97
2924,CUST0414,2025-11-28,Sports,Yoga Mat,4915.98,1,South,Credit Card,28.0,3.0,4.0,4915.98
3208,CUST0176,2025-03-13,Home & Kitchen,LED Desk Lamp,2875.99,1,North,UPI,34.0,1.0,5.0,2875.99
3579,CUST0764,2025-10-28,Electronics,Phone Case,880.07,1,East,UPI,25.0,4.0,4.0,880.07
1440,CUST0050,2024-11-08,Electronics,Power Bank,1313.06,1,East,CREDIT CARD,21.0,2.0,2.0,1313.06
1022,CUST0504,2024-06-11,Fashion,Denim Jacket,3963.97,1,Central,UPI,48.0,4.0,4.0,3963.97
2322,CUST0305,2024-06-25,Electronics,Bluetooth Speaker,2828.77,1,central,Cash on Delivery,39.0,6.0,5.0,2828.77
2854,CUST0125,2025-07-21,Home & Kitchen,Coffee Maker,4457.88,3,North,UPI,39.0,2.0,4.0,13373.64
2280,CUST0102,2024-04-17,Home & Kitchen,Wall Clock,1860.13,1,South,Credit Card,30.0,4.0,5.0,1860.13
3004,CUST0887,2025-10-22,Sports,Yoga Mat,2609.99,2,South,Cash on Delivery,30.0,5.0,5.0,5219.98
2490,CUST0156,2024-08-18,Home & Kitchen,Coffee Maker,2492.23,1,central,UPI,51.0,5.0,3.0,2492.23
2960,CUST0107,2025-06-02,Home & Kitchen,Storage Boxes,5432.86,2,North,Credit Card,24.0,5.0,5.0,10865.72
2430,CUST0814,2025-06-18,Electronics,Phone Case,579.3,1,Central,UPI,32.0,1.0,5.0,579.3
1488,CUST0666,2024-07-18,Electronics,Bluetooth Speaker,4531.43,1,North,UPI,38.0,4.0,3.0,4531.43
1230,CUST0833,2025-08-27,Electronics,Bluetooth Speaker,538.7,1,West,UPI,54.0,2.0,1.0,538.7
2338,CUST0048,2025-05-20,Beauty,Sunscreen SPF50,2893.73,2,South,Debit Card,30.0,1.0,5.0,5787.46
3361,CUST0855,2025-04-27,Electronics,Phone Case,5234.09,1,East,CREDIT CARD,,2.0,,5234.09
1287,CUST0740,2024-12-08,Home & Kitchen,Non-stick Pan,3716.34,2,East,Cash on Delivery,26.0,2.0,3.0,7432.68
3364,CUST0479,2024-04-17,Electronics,Power Bank,291.05,1,Central,Credit Card,28.0,3.0,2.0,291.05
2268,CUST0572,2025-08-29,Electronics,Power Bank,2630.03,1,East,UPI,25.0,2.0,5.0,2630.03
1811,CUST0509,2025-02-16,Beauty,Makeup Kit,3413.19,1,South,Cash on Delivery,57.0,3.0,4.0,3413.19
3254,CUST0119,2024-07-14,Home & Kitchen,Non-stick Pan,3858.54,1,Central,Debit Card,16.0,2.0,3.0,3858.54
1432,CUST0012,2025-02-28,Electronics,Bluetooth Speaker,5431.17,1,North,UPI,25.0,3.0,4.0,5431.17
2741,CUST0642,2025-02-06,Fashion,Denim Jacket,245.39,1,Central,Credit Card,43.0,2.0,4.0,245.39
3168,CUST0791,2024-03-22,Electronics,Bluetooth Speaker,3839.15,1,South,Credit Card,42.0,2.0,4.0,3839.15
3959,CUST0685,2025-02-09,Beauty,Lip Balm Set,2225.72,1,east,CREDIT CARD,32.0,3.0,5.0,2225.72
1621,CUST0853,2024-09-29,Fashion,Leather Wallet,5348.56,1,Central,Credit Card,,3.0,,5348.56
2478,CUST0076,2024-08-26,Electronics,Wireless Earbuds,2094.17,1,West,Net Banking,36.0,3.0,4.0,2094.17
1937,CUST0152,2025-05-17,Beauty,Face Serum,1997.4,1,South,UPI,21.0,1.0,4.0,1997.4
3117,CUST0587,2024-01-04,Home & Kitchen,Storage Boxes,1967.93,1,central,Cash on Delivery,25.0,4.0,4.0,1967.93
2448,CUST0228,2025-12-15,Sports,Dumbbell Set,280.16,2,east,UPI,36.0,2.0,5.0,560.32
2707,CUST0528,2025-07-19,Electronics,Phone Case,2846.73,1,South,UPI,34.0,2.0,5.0,2846.73
1131,CUST0723,2024-05-26,Sports,Dumbbell Set,5858.81,1,south,UPI,36.0,4.0,4.0,5858.81
2524,CUST0852,2025-11-08,Fashion,Leather Wallet,3643.33,1,Central,Cash on Delivery,40.0,3.0,4.0,3643.33
1956,CUST0828,2024-02-05,Home & Kitchen,LED Desk Lamp,1685.92,1,central,Credit Card,,3.0,,1685.92
1914,CUST0542,2025-06-09,Fashion,Sunglasses,1949.78,1,West,UPI,41.0,4.0,4.0,1949.78
1860,CUST0738,2025-04-25,Fashion,Cotton T-Shirt,1686.41,1,East,Debit Card,36.0,4.0,4.0,1686.41
2451,CUST0032,2024-10-26,Fashion,Denim Jacket,477.77,1,Central,Cash on Delivery,32.0,3.0,4.0,477.77
2303,CUST0065,2024-08-08,Sports,Resistance Bands,542.58,1,West,Net Banking,33.0,3.0,4.0,542.58
1128,CUST0635,2025-11-16,Sports,Dumbbell Set,4205.18,2,East,UPI,32.0,1.0,5.0,8410.36
1285,CUST0680,2024-10-05,Home & Kitchen,Storage Boxes,5596.41,1,Central,Debit Card,47.0,4.0,2.0,5596.41
3419,CUST0645,2024-08-18,Electronics,Bluetooth Speaker,2150.29,1,Central,Debit Card,45.0,4.0,3.0,2150.29
1979,CUST0692,2024-01-31,Home & Kitchen,LED Desk Lamp,4852.73,1,West,Debit Card,41.0,1.0,5.0,4852.73
1624,CUST0737,2024-06-28,Fashion,Running Shoes,3958.18,2,Central,Cash on Delivery,60.0,3.0,2.0,7916.36
1689,CUST0782,2024-02-24,Fashion,Sunglasses,385.65,2,East,UPI,40.0,5.0,4.0,771.3
2812,CUST0858,2025-08-22,Beauty,Face Serum,3535.5,1,East,Cash on Delivery,31.0,2.0,4.0,3535.5
3007,CUST0653,2024-04-04,Fashion,Cotton T-Shirt,1773.85,1,West,UPI,20.0,3.0,5.0,1773.85
1996,CUST0147,2025-12-19,Home & Kitchen,Coffee Maker,2798.69,1,East,Net Banking,29.0,6.0,5.0,2798.69
2733,CUST0816,2024-05-28,Electronics,Smartwatch,1050.67,1,East,DEBIT CARD,33.0,4.0,4.0,1050.67
3318,CUST0740,2024-11-17,Electronics,Wireless Earbuds,3965.94,2,South,Credit Card,28.0,3.0,5.0,7931.88
1611,CUST0738,2024-11-04,Fashion,Sunglasses,2495.68,1,South,UPI,38.0,2.0,4.0,2495.68
1459,CUST0582,2024-04-25,Beauty,Lip Balm Set,2892.42,2,South,UPI,24.0,4.0,4.0,5784.84
3245,CUST0124,2025-04-05,Electronics,Bluetooth Speaker,4078.44,1,Central,UPI,41.0,3.0,4.0,4078.44
1463,CUST0660,2025-09-25,Sports,Dumbbell Set,4090.25,1,North,Credit Card,33.0,4.0,4.0,4090.25
1793,CUST0508,2024-03-22,Beauty,Lip Balm Set,1723.96,2,South,Debit Card,26.0,3.0,5.0,3447.92
1505,CUST0258,2024-09-15,Electronics,Power Bank,5134.48,1,Central,Net Banking,23.0,1.0,5.0,5134.48
1309,CUST0568,2025-05-08,Home & Kitchen,Coffee Maker,2321.01,2,Central,Debit Card,41.0,2.0,4.0,4642.02
2551,CUST0441,2025-11-13,Sports,Cricket Bat,3365.65,1,east,Net Banking,25.0,4.0,4.0,3365.65
1364,CUST0247,2025-12-26,Sports,Football,1773.17,1,North,Debit Card,18.0,7.0,1.0,1773.17
1580,CUST0099,2024-03-12,Home & Kitchen,Non-stick Pan,3769.67,1,South,Credit Card,16.0,2.0,4.0,3769.67
1106,CUST0705,2025-11-19,Home & Kitchen,Non-stick Pan,796.27,1,Central,UPI,28.0,2.0,4.0,796.27
3306,CUST0348,2024-08-08,Fashion,Running Shoes,3507.75,2,North,Credit Card,32.0,5.0,5.0,7015.5
2133,CUST0220,2025-12-04,Electronics,Phone Case,3818.76,1,East,UPI,31.0,2.0,5.0,3818.76
1508,CUST0144,2025-02-24,Home & Kitchen,Wall Clock,5973.74,1,Central,UPI,42.0,2.0,4.0,5973.74
2012,CUST0584,2024-01-02,Sports,Resistance Bands,4284.72,2,west,CREDIT CARD,16.0,2.0,4.0,8569.44
3186,CUST0768,2024-02-19,Electronics,Smartwatch,1950.0,1,East,Debit Card,20.0,2.0,,1950.0
1947,CUST0574,2025-06-06,Fashion,Denim Jacket,1061.9,1,South,UPI,22.0,4.0,3.0,1061.9
3125,CUST0454,2024-12-08,Fashion,Cotton T-Shirt,870.99,2,South,UPI,30.0,4.0,2.0,1741.98
3978,CUST0708,2024-07-16,Beauty,Sunscreen SPF50,1639.35,1,East,Cash on Delivery,37.0,2.0,5.0,1639.35
2402,CUST0204,2025-08-30,Fashion,Cotton T-Shirt,2607.37,1,East,UPI,32.0,3.0,5.0,2607.37
2699,CUST0519,2025-08-20,Fashion,Leather Wallet,3214.56,1,North,Debit Card,47.0,5.0,5.0,3214.56
2306,CUST0138,2025-11-22,Electronics,Bluetooth Speaker,1314.71,3,central,Cash on Delivery,31.0,5.0,5.0,3944.13
2399,CUST0293,2025-09-16,Home & Kitchen,Coffee Maker,777.33,1,East,UPI,28.0,3.0,4.0,777.33
3750,CUST0370,2025-08-25,Electronics,Smartwatch,2147.13,1,East,Credit Card,35.0,2.0,5.0,2147.13
1189,CUST0766,2024-01-20,Electronics,Power Bank,2503.61,2,West,Credit Card,48.0,2.0,3.0,5007.22
3629,CUST0132,2024-12-13,Home & Kitchen,Wall Clock,3457.09,1,west,Net Banking,48.0,1.0,5.0,3457.09
3786,CUST0346,2025-06-14,Home & Kitchen,Non-stick Pan,4898.2,2,North,Credit Card,28.0,6.0,4.0,9796.4
2807,CUST0084,2025-06-24,Home & Kitchen,Wall Clock,1537.43,1,west,UPI,25.0,2.0,4.0,1537.43
3904,CUST0622,2025-04-27,Electronics,Power Bank,4910.97,1,East,Cash on Delivery,43.0,6.0,4.0,4910.97
3861,CUST0582,2024-12-01,Sports,Resistance Bands,665.04,2,West,Cash on Delivery,41.0,6.0,4.0,1330.08
2321,CUST0514,2024-01-02,Fashion,Denim Jacket,338.15,2,Central,Credit Card,43.0,1.0,5.0,676.3
2298,CUST0199,2025-08-02,Fashion,Cotton T-Shirt,5636.23,1,Central,UPI,20.0,6.0,2.0,5636.23
2307,CUST0542,2024-06-04,Sports,Yoga Mat,2420.36,1,Central,Credit Card,17.0,3.0,5.0,2420.36
2781,CUST0766,2025-01-15,Beauty,Hair Dryer,5351.16,1,east,UPI,19.0,1.0,5.0,5351.16
2476,CUST0727,2025-01-14,Home & Kitchen,LED Desk Lamp,3288.24,1,Central,Net Banking,27.0,7.0,5.0,3288.24
3370,CUST0195,2025-01-17,Home & Kitchen,LED Desk Lamp,5301.95,2,West,CASH ON DELIVERY,30.0,5.0,2.0,10603.9
1863,CUST0505,2024-02-12,Fashion,Denim Jacket,675.48,1,East,UPI,18.0,3.0,2.0,675.48
2174,CUST0463,2025-04-15,Electronics,Wireless Earbuds,5756.93,3,East,Debit Card,22.0,3.0,5.0,17270.79
2449,CUST0306,2025-11-21,Sports,Dumbbell Set,1073.14,1,West,Credit Card,35.0,4.0,4.0,1073.14
3078,CUST0795,2025-12-05,Sports,Cricket Bat,5859.5,1,North,UPI,42.0,3.0,3.0,5859.5
2116,CUST0137,2025-10-23,Home & Kitchen,Coffee Maker,5442.24,1,Central,UPI,39.0,2.0,5.0,5442.24
1354,CUST0544,2025-12-20,Electronics,Power Bank,1821.39,2,North,Net Banking,18.0,7.0,4.0,3642.78
2035,CUST0168,2025-05-08,Fashion,Denim Jacket,1622.96,1,North,UPI,32.0,3.0,4.0,1622.96
3101,CUST0218,2025-12-30,Fashion,Denim Jacket,1364.05,1,central,Net Banking,40.0,4.0,5.0,1364.05
1732,CUST0028,2024-03-07,Home & Kitchen,Storage Boxes,1213.58,1,Central,UPI,48.0,4.0,3.0,1213.58
1703,CUST0569,2024-04-01,Electronics,Power Bank,812.63,2,North,UPI,45.0,4.0,3.0,1625.26
3913,CUST0037,2024-09-16,Beauty,Makeup Kit,2931.24,1,South,Debit Card,25.0,3.0,5.0,2931.24
3390,CUST0626,2025-05-11,Electronics,Wireless Earbuds,4694.1,1,North,Credit Card,34.0,4.0,4.0,4694.1
3560,CUST0012,2024-04-14,Electronics,Bluetooth Speaker,2332.92,1,South,Net Banking,30.0,3.0,5.0,2332.92
1161,CUST0800,2024-10-05,Beauty,Makeup Kit,2486.0,1,South,NET BANKING,42.0,3.0,5.0,2486.0
3965,CUST0611,2024-03-13,Fashion,Denim Jacket,477.51,1,North,UPI,45.0,2.0,4.0,477.51
3432,CUST0251,2025-05-15,Home & Kitchen,Coffee Maker,737.15,1,Central,UPI,40.0,3.0,4.0,737.15
2810,CUST0063,2025-07-05,Home & Kitchen,Non-stick Pan,5350.37,2,West,UPI,30.0,7.0,2.0,10700.74
3952,CUST0481,2025-05-17,Electronics,Phone Case,5998.43,1,South,UPI,50.0,10.0,3.0,5998.43
2138,CUST0421,2024-07-12,Electronics,Bluetooth Speaker,5150.7,1,West,Net Banking,39.0,4.0,5.0,5150.7
2199,CUST0570,2024-02-07,Electronics,Smartwatch,2183.88,2,South,Credit Card,24.0,6.0,5.0,4367.76
3745,CUST0409,2024-07-01,Fashion,Running Shoes,2693.8,1,Central,Credit Card,40.0,1.0,4.0,2693.8
1163,CUST0316,2025-03-24,Fashion,Cotton T-Shirt,1937.32,1,East,Credit Card,51.0,3.0,5.0,1937.32
2494,CUST0146,2024-08-26,Beauty,Hair Dryer,4312.35,1,Central,UPI,20.0,4.0,5.0,4312.35
3519,CUST0500,2024-07-11,Electronics,Wireless Earbuds,2690.56,1,Central,UPI,22.0,6.0,4.0,2690.56
2272,CUST0498,2024-12-11,Home & Kitchen,Non-stick Pan,5798.28,1,North,Credit Card,26.0,4.0,5.0,5798.28
1186,CUST0013,2025-05-05,Electronics,Bluetooth Speaker,1968.93,2,South,Credit Card,21.0,5.0,5.0,3937.86
1460,CUST0222,2024-09-03,Fashion,Denim Jacket,1732.77,1,Central,UPI,28.0,7.0,4.0,1732.77
2369,CUST0104,2024-01-10,Fashion,Sunglasses,5326.1,2,east,UPI,41.0,2.0,5.0,10652.2
3343,CUST0523,2024-08-28,Beauty,Makeup Kit,5782.76,1,Central,CREDIT CARD,30.0,4.0,5.0,5782.76
2008,CUST0520,2024-02-16,Sports,Football,5267.01,1,North,UPI,20.0,2.0,5.0,5267.01
2927,CUST0032,2025-02-22,Sports,Football,2265.1,2,East,Net Banking,37.0,2.0,,4530.2
3092,CUST0277,2024-02-14,Fashion,Running Shoes,1910.71,3,North,Debit Card,41.0,3.0,4.0,5732.13
2698,CUST0658,2024-01-16,Fashion,Sunglasses,753.72,1,South,UPI,21.0,1.0,5.0,753.72
2843,CUST0237,2024-08-14,Sports,Resistance Bands,784.4,2,East,Debit Card,31.0,3.0,4.0,1568.8
1369,CUST0765,2025-07-31,Electronics,Wireless Earbuds,1230.1,1,north,UPI,43.0,2.0,5.0,1230.1
2169,CUST0614,2025-11-09,Sports,Dumbbell Set,4477.26,2,South,Credit Card,41.0,2.0,3.0,8954.52
2734,CUST0419,2025-05-29,Sports,Football,4736.17,2,north,DEBIT CARD,35.0,7.0,5.0,9472.34
1494,CUST0149,2025-06-18,Beauty,Makeup Kit,4765.78,1,South,UPI,28.0,2.0,4.0,4765.78
1232,CUST0063,2025-09-25,Electronics,Wireless Earbuds,3603.17,1,West,Cash on Delivery,24.0,3.0,4.0,3603.17
3116,CUST0123,2025-06-18,Fashion,Sunglasses,2550.33,2,East,Cash on Delivery,37.0,6.0,4.0,5100.66
1334,CUST0688,2025-03-30,Fashion,Sunglasses,5977.52,2,Central,UPI,17.0,5.0,4.0,11955.04
3748,CUST0688,2024-01-05,Sports,Yoga Mat,2586.28,2,,UPI,,,,5172.56
1789,CUST0249,2024-12-01,Electronics,Bluetooth Speaker,1668.37,1,north,Cash on Delivery,,3.0,,1668.37
3690,CUST0039,2024-01-12,Electronics,Bluetooth Speaker,3803.25,1,East,Credit Card,29.0,1.0,1.0,3803.25
2325,CUST0469,2025-01-22,Electronics,Phone Case,4168.23,1,East,Net Banking,48.0,5.0,5.0,4168.23
3311,CUST0339,2024-05-17,Beauty,Face Serum,5698.14,3,West,CREDIT CARD,30.0,5.0,5.0,17094.42
1381,CUST0776,2025-03-04,Beauty,Hair Dryer,1437.52,1,North,UPI,27.0,3.0,5.0,1437.52
3253,CUST0758,2025-11-19,Home & Kitchen,Wall Clock,2896.59,1,North,Net Banking,28.0,3.0,5.0,2896.59
3167,CUST0870,2024-09-29,Home & Kitchen,Storage Boxes,5601.02,1,North,Cash on Delivery,45.0,4.0,5.0,5601.02
3317,CUST0156,2025-07-04,Beauty,Lip Balm Set,3526.49,1,East,UPI,43.0,2.0,2.0,3526.49
2917,CUST0527,2025-03-11,Sports,Resistance Bands,3038.66,1,North,UPI,31.0,3.0,5.0,3038.66
3891,CUST0093,2024-05-08,Sports,Yoga Mat,290.85,1,East,CREDIT CARD,31.0,5.0,4.0,290.85
3200,CUST0340,2025-08-07,Sports,Resistance Bands,2582.63,2,East,Net Banking,44.0,3.0,5.0,5165.26
2845,CUST0546,2025-04-25,Fashion,Sunglasses,413.89,1,North,UPI,41.0,7.0,4.0,413.89
3217,CUST0133,2024-04-16,Fashion,Leather Wallet,678.69,1,East,UPI,33.0,2.0,4.0,678.69
3768,CUST0561,2025-05-07,Fashion,Sunglasses,4521.52,2,South,Credit Card,26.0,3.0,4.0,9043.04
3077,CUST0456,2025-04-08,Beauty,Face Serum,1714.45,1,North,UPI,26.0,4.0,3.0,1714.45
2282,CUST0131,2025-02-01,Fashion,Sunglasses,905.18,1,Central,UPI,35.0,4.0,3.0,905.18
3029,CUST0208,2025-12-19,Fashion,Running Shoes,2100.5,1,North,UPI,38.0,1.0,5.0,2100.5
1208,CUST0131,2024-06-10,Electronics,Power Bank,1120.84,2,East,Debit Card,33.0,3.0,3.0,2241.68
3917,CUST0252,2025-12-15,Home & Kitchen,LED Desk Lamp,2193.79,1,East,Net Banking,23.0,5.0,5.0,2193.79
3932,CUST0349,2025-09-07,Beauty,Lip Balm Set,1622.89,1,Central,NET BANKING,27.0,4.0,4.0,1622.89
2883,CUST0456,2024-04-11,Home & Kitchen,Wall Clock,5387.47,2,West,UPI,28.0,2.0,4.0,10774.94
1882,CUST0700,2024-09-10,Electronics,Bluetooth Speaker,4812.14,1,West,Credit Card,34.0,4.0,4.0,4812.14
1144,CUST0089,2024-10-30,Sports,Resistance Bands,3959.71,1,north,Net Banking,41.0,4.0,5.0,3959.71
1250,CUST0184,2025-10-18,Home & Kitchen,LED Desk Lamp,3078.65,2,South,Debit Card,16.0,4.0,2.0,6157.3
2847,CUST0052,2025-04-03,Beauty,Makeup Kit,5026.05,1,west,Debit Card,36.0,2.0,,5026.05
2901,CUST0430,2024-01-20,Home & Kitchen,Non-stick Pan,2305.12,1,East,UPI,30.0,2.0,5.0,2305.12
2962,CUST0782,2024-08-30,Electronics,Bluetooth Speaker,3248.89,5,East,UPI,48.0,4.0,4.0,16244.45
3854,CUST0041,2024-05-14,Fashion,Cotton T-Shirt,1758.02,2,East,Debit Card,40.0,2.0,4.0,3516.04
3148,CUST0693,2025-04-17,Home & Kitchen,Wall Clock,3820.81,1,Central,UPI,31.0,2.0,5.0,3820.81
2627,CUST0026,2025-03-08,Electronics,Smartwatch,2070.89,1,central,UPI,16.0,5.0,2.0,2070.89
2460,CUST0333,2024-03-27,Electronics,Bluetooth Speaker,1469.49,1,West,UPI,28.0,4.0,5.0,1469.49
2802,CUST0323,2024-10-16,Beauty,Hair Dryer,674.62,1,central,Net Banking,17.0,2.0,4.0,674.62
3391,CUST0351,2024-04-05,Sports,Cricket Bat,334.32,1,North,UPI,36.0,5.0,3.0,334.32
3817,CUST0525,2024-10-08,Beauty,Face Serum,5518.99,1,East,CREDIT CARD,29.0,2.0,3.0,5518.99
2433,CUST0067,2025-12-06,Electronics,Phone Case,5174.71,1,Central,UPI,23.0,3.0,4.0,5174.71
2129,CUST0636,2025-07-24,Beauty,Sunscreen SPF50,3251.02,2,central,Credit Card,24.0,4.0,1.0,6502.04
2998,CUST0685,2025-02-10,Electronics,Wireless Earbuds,5171.26,1,West,Net Banking,22.0,3.0,5.0,5171.26
3064,CUST0272,2025-09-11,Fashion,Leather Wallet,769.36,1,Central,Credit Card,27.0,3.0,5.0,769.36
3945,CUST0455,2025-09-12,Fashion,Running Shoes,5182.94,2,west,Debit Card,44.0,2.0,4.0,10365.88
2442,CUST0076,2024-05-19,Fashion,Running Shoes,539.91,2,Central,Credit Card,55.0,3.0,4.0,1079.82
3031,CUST0599,2024-01-07,Home & Kitchen,Wall Clock,1239.46,2,East,DEBIT CARD,24.0,2.0,4.0,2478.92
1766,CUST0797,2024-10-14,Sports,Dumbbell Set,4759.4,2,central,Net Banking,33.0,4.0,4.0,9518.8
1103,CUST0426,2024-07-01,Home & Kitchen,LED Desk Lamp,2516.24,1,north,Net Banking,33.0,4.0,5.0,2516.24
1147,CUST0777,2025-08-27,Home & Kitchen,Storage Boxes,2774.86,1,South,Net Banking,20.0,1.0,5.0,2774.86
2134,CUST0783,2025-12-17,Sports,Football,1454.4,1,Central,Net Banking,32.0,10.0,5.0,1454.4
3048,CUST0088,2025-01-02,Fashion,Leather Wallet,3272.15,1,Central,Credit Card,16.0,1.0,4.0,3272.15
1395,CUST0587,2025-07-03,Sports,Football,1557.11,1,,Debit Card,,,,1557.11
2878,CUST0812,2024-03-20,Sports,Cricket Bat,5572.6,1,West,Debit Card,21.0,3.0,4.0,5572.6
3845,CUST0729,2025-01-10,Home & Kitchen,Coffee Maker,2047.78,1,central,Net Banking,29.0,4.0,4.0,2047.78
2222,CUST0369,2024-04-14,Electronics,Wireless Earbuds,2610.45,2,East,Credit Card,44.0,7.0,5.0,5220.9
2333,CUST0329,2024-03-07,Home & Kitchen,LED Desk Lamp,4791.63,1,east,UPI,23.0,2.0,4.0,4791.63
2817,CUST0145,2024-07-04,Electronics,Wireless Earbuds,648.23,1,South,UPI,22.0,3.0,4.0,648.23
1322,CUST0336,2025-01-14,Electronics,Bluetooth Speaker,5307.15,2,Central,Net Banking,44.0,4.0,,10614.3
1112,CUST0349,2024-11-11,Home & Kitchen,Wall Clock,790.39,2,Central,Credit Card,34.0,10.0,2.0,1580.78
1589,CUST0255,2024-01-31,Electronics,Phone Case,3090.39,1,Central,Credit Card,33.0,3.0,,3090.39
2465,CUST0209,2024-04-30,Fashion,Running Shoes,4419.76,2,North,Net Banking,30.0,6.0,4.0,8839.52
3112,CUST0579,2024-08-29,Fashion,Running Shoes,2659.33,1,Central,UPI,34.0,7.0,4.0,2659.33
1137,CUST0313,2025-12-07,Electronics,Bluetooth Speaker,2735.84,1,East,Cash on Delivery,49.0,2.0,4.0,2735.84
2443,CUST0332,2025-02-20,Fashion,Denim Jacket,481.12,2,central,UPI,33.0,3.0,3.0,962.24
1654,CUST0628,2025-11-30,Electronics,Bluetooth Speaker,4114.44,1,East,Credit Card,43.0,4.0,5.0,4114.44
2911,CUST0435,2024-08-06,Fashion,Leather Wallet,5754.96,1,West,Credit Card,25.0,1.0,5.0,5754.96
3808,CUST0240,2024-05-04,Fashion,Denim Jacket,1027.63,1,Central,Credit Card,35.0,4.0,5.0,1027.63
2048,CUST0894,2025-12-26,Sports,Cricket Bat,3354.28,1,Central,UPI,34.0,1.0,4.0,3354.28
3145,CUST0836,2025-01-26,Fashion,Sunglasses,4645.62,1,east,Cash on Delivery,52.0,6.0,5.0,4645.62
1931,CUST0482,2025-10-08,Beauty,Sunscreen SPF50,2886.64,1,Central,UPI,18.0,3.0,4.0,2886.64
1221,CUST0348,2025-10-20,Beauty,Face Serum,5371.26,1,West,Debit Card,46.0,4.0,,5371.26
1928,CUST0213,2025-12-11,Home & Kitchen,Non-stick Pan,3279.01,2,South,UPI,,6.0,,6558.02
3295,CUST0043,2024-11-19,Fashion,Denim Jacket,4369.52,1,West,Credit Card,37.0,3.0,4.0,4369.52
3132,CUST0059,2025-02-09,Electronics,Bluetooth Speaker,3391.0,1,North,Credit Card,30.0,6.0,5.0,3391.0
3248,CUST0074,2025-12-28,Home & Kitchen,Wall Clock,2492.37,2,Central,Credit Card,41.0,3.0,5.0,4984.74
3162,CUST0767,2024-12-27,Beauty,Makeup Kit,5287.37,3,west,UPI,35.0,1.0,5.0,15862.11
1534,CUST0093,2024-12-22,Fashion,Denim Jacket,2842.92,1,East,UPI,16.0,2.0,5.0,2842.92
2870,CUST0591,2025-03-22,Electronics,Power Bank,2984.57,1,South,Credit Card,21.0,2.0,4.0,2984.57
1607,CUST0647,2025-05-26,Electronics,Smartwatch,2310.94,1,Central,UPI,33.0,3.0,5.0,2310.94
1075,CUST0478,2024-02-08,Sports,Cricket Bat,833.85,3,Central,Credit Card,18.0,2.0,5.0,2501.55
2780,CUST0542,2024-12-25,Electronics,Bluetooth Speaker,646.53,1,Central,Credit Card,42.0,7.0,5.0,646.53
3137,CUST0002,2024-09-11,Electronics,Bluetooth Speaker,1080.41,3,central,Debit Card,23.0,2.0,5.0,3241.23
2323,CUST0450,2024-03-04,Electronics,Bluetooth Speaker,4439.25,1,East,Debit Card,16.0,4.0,3.0,4439.25
3095,CUST0776,2024-02-10,Fashion,Running Shoes,1374.97,3,West,UPI,52.0,3.0,4.0,4124.91
1114,CUST0747,2024-12-28,Electronics,Power Bank,1546.34,3,West,UPI,37.0,2.0,5.0,4639.02
1987,CUST0799,2024-03-15,Fashion,Denim Jacket,3471.79,2,South,Net Banking,32.0,5.0,4.0,6943.58
2937,CUST0380,2024-06-17,Fashion,Denim Jacket,1104.32,1,East,UPI,26.0,3.0,5.0,1104.32
3360,CUST0333,2024-03-31,Beauty,Hair Dryer,249.42,1,South,Debit Card,26.0,3.0,3.0,249.42
1223,CUST0142,2025-07-26,Sports,Dumbbell Set,2914.09,1,North,Debit Card,28.0,10.0,4.0,2914.09
1519,CUST0691,2024-04-26,Electronics,Phone Case,2096.47,3,East,Cash on Delivery,20.0,6.0,4.0,6289.41
2349,CUST0458,2024-01-29,Home & Kitchen,Storage Boxes,4381.65,1,west,Debit Card,39.0,2.0,3.0,4381.65
2120,CUST0506,2024-05-24,Sports,Resistance Bands,3091.93,1,East,Credit Card,35.0,2.0,4.0,3091.93
1036,CUST0690,2025-05-30,Sports,Resistance Bands,3752.73,3,East,Net Banking,43.0,7.0,5.0,11258.19
1831,CUST0051,2024-07-26,Sports,Cricket Bat,4513.47,1,South,UPI,52.0,6.0,4.0,4513.47
3009,CUST0191,2024-07-31,Fashion,Denim Jacket,4585.11,1,North,UPI,36.0,10.0,4.0,4585.11
3131,CUST0012,2024-10-18,Fashion,Sunglasses,4468.5,2,west,Net Banking,41.0,2.0,5.0,8937.0
1348,CUST0011,2024-02-05,Fashion,Sunglasses,1381.47,2,south,NET BANKING,21.0,2.0,4.0,2762.94
1168,CUST0517,2025-03-22,Sports,Resistance Bands,3898.83,1,East,Credit Card,31.0,4.0,5.0,3898.83
3609,CUST0567,2024-12-24,Fashion,Cotton T-Shirt,3475.05,2,South,UPI,16.0,4.0,4.0,6950.1
1117,CUST0731,2024-08-20,Fashion,Denim Jacket,5783.5,1,West,UPI,37.0,2.0,5.0,5783.5
1531,CUST0217,2025-02-12,Home & Kitchen,Storage Boxes,5350.72,1,west,Net Banking,27.0,2.0,4.0,5350.72
3515,CUST0251,2024-10-18,Fashion,Running Shoes,4575.17,1,South,Net Banking,43.0,2.0,2.0,4575.17
1321,CUST0629,2024-11-20,Home & Kitchen,Wall Clock,4624.09,1,East,Credit Card,36.0,6.0,5.0,4624.09
2029,CUST0241,2024-08-13,Home & Kitchen,Storage Boxes,4511.19,1,west,Debit Card,32.0,3.0,3.0,4511.19
1474,CUST0590,2025-11-29,Fashion,Cotton T-Shirt,5345.92,1,Central,Credit Card,22.0,2.0,4.0,5345.92
3285,CUST0694,2024-04-23,Sports,Dumbbell Set,4275.96,1,North,Credit Card,22.0,4.0,5.0,4275.96
3212,CUST0774,2025-11-07,Electronics,Smartwatch,3388.14,1,Central,Credit Card,35.0,3.0,5.0,3388.14
2749,CUST0060,2025-02-17,Electronics,Smartwatch,2901.39,1,South,Cash on Delivery,40.0,6.0,4.0,2901.39
3795,CUST0140,2025-05-12,Fashion,Leather Wallet,379.63,2,East,UPI,57.0,3.0,3.0,759.26
3498,CUST0317,2025-10-07,Fashion,Sunglasses,2075.29,1,North,Debit Card,24.0,2.0,1.0,2075.29
3169,CUST0618,2025-12-26,Fashion,Sunglasses,2809.39,2,South,UPI,34.0,2.0,5.0,5618.78
1228,CUST0655,2025-08-16,Fashion,Leather Wallet,689.87,1,west,UPI,33.0,3.0,5.0,689.87
2615,CUST0596,2024-01-30,Fashion,Cotton T-Shirt,5166.69,1,east,UPI,31.0,4.0,4.0,5166.69
2026,CUST0895,2025-03-16,Fashion,Denim Jacket,2175.12,1,north,Credit Card,25.0,5.0,3.0,2175.12
3650,CUST0165,2025-07-31,Home & Kitchen,Non-stick Pan,5504.2,1,East,Cash on Delivery,22.0,5.0,2.0,5504.2
3674,CUST0010,2024-12-17,Fashion,Denim Jacket,1924.71,1,South,Credit Card,26.0,4.0,4.0,1924.71
1082,CUST0856,2025-10-01,Beauty,Face Serum,1463.94,1,West,Credit Card,17.0,2.0,3.0,1463.94
3351,CUST0701,2025-04-09,Electronics,Wireless Earbuds,4039.06,1,East,UPI,33.0,2.0,4.0,4039.06
2724,CUST0073,2024-12-06,Fashion,Denim Jacket,1297.42,5,East,UPI,16.0,2.0,5.0,6487.1
1669,CUST0133,2024-12-08,Beauty,Sunscreen SPF50,5641.51,2,North,UPI,33.0,5.0,4.0,11283.02
1063,CUST0739,2025-06-09,Beauty,Sunscreen SPF50,1014.27,1,south,Credit Card,39.0,4.0,2.0,1014.27
1850,CUST0314,2024-04-14,Fashion,Running Shoes,3005.02,1,Central,Cash on Delivery,34.0,3.0,4.0,3005.02
3620,CUST0647,2024-09-05,Home & Kitchen,Storage Boxes,3570.5,2,East,UPI,32.0,6.0,3.0,7141.0
3022,CUST0150,2025-03-23,Fashion,Sunglasses,843.39,1,North,UPI,21.0,6.0,4.0,843.39
3335,CUST0685,2024-08-12,Sports,Football,4126.78,2,North,Cash on Delivery,31.0,4.0,4.0,8253.56
1516,CUST0707,2024-03-20,Fashion,Denim Jacket,3286.51,2,west,Credit Card,31.0,3.0,5.0,6573.02
2355,CUST0702,2025-11-19,Sports,Dumbbell Set,4526.44,1,central,Credit Card,27.0,2.0,4.0,4526.44
1110,CUST0649,2024-11-24,Beauty,Face Serum,5385.29,2,East,UPI,26.0,3.0,4.0,10770.58
3109,CUST0518,2025-07-26,Electronics,Power Bank,1798.46,1,South,Credit Card,34.0,3.0,5.0,1798.46
3025,CUST0418,2025-08-07,Home & Kitchen,Coffee Maker,5771.18,1,west,UPI,32.0,2.0,4.0,5771.18
3723,CUST0121,2024-11-04,Home & Kitchen,Storage Boxes,1052.2,3,Central,UPI,27.0,3.0,5.0,3156.6
2696,CUST0582,2024-11-28,Fashion,Sunglasses,4885.45,1,South,UPI,20.0,4.0,4.0,4885.45
3855,CUST0173,2024-05-25,Home & Kitchen,Coffee Maker,297.26,1,central,Debit Card,37.0,5.0,5.0,297.26
2126,CUST0121,2024-05-29,Home & Kitchen,Wall Clock,3859.65,1,Central,Credit Card,17.0,4.0,4.0,3859.65
2089,CUST0512,2024-05-25,Sports,Cricket Bat,2238.35,1,West,UPI,34.0,2.0,5.0,2238.35
1312,CUST0069,2025-10-06,Fashion,Sunglasses,4751.16,3,West,Credit Card,32.0,4.0,5.0,14253.48
3828,CUST0566,2025-08-22,Fashion,Running Shoes,2961.27,2,West,Cash on Delivery,39.0,3.0,5.0,5922.54
1020,CUST0054,2024-02-06,Sports,Resistance Bands,5313.42,1,East,Net Banking,27.0,2.0,5.0,5313.42
1358,CUST0606,2025-12-22,Beauty,Sunscreen SPF50,3150.59,2,South,UPI,33.0,7.0,4.0,6301.18
1361,CUST0853,2024-11-16,Sports,Football,3723.01,1,South,Debit Card,32.0,4.0,3.0,3723.01
3778,CUST0442,2025-10-01,Electronics,Bluetooth Speaker,5294.83,1,South,Debit Card,41.0,7.0,4.0,5294.83
2513,CUST0349,2025-06-20,Fashion,Denim Jacket,5632.98,1,North,Credit Card,34.0,5.0,2.0,5632.98
3015,CUST0017,2024-08-03,Fashion,Leather Wallet,364.17,1,Central,NET BANKING,30.0,5.0,5.0,364.17
1393,CUST0831,2025-03-06,Fashion,Leather Wallet,3250.15,1,West,Debit Card,43.0,5.0,3.0,3250.15
3358,CUST0087,2025-11-20,Fashion,Denim Jacket,3207.14,1,North,UPI,24.0,1.0,4.0,3207.14
2700,CUST0678,2024-06-26,Beauty,Lip Balm Set,925.12,-1,West,UPI,29.0,4.0,4.0,1850.24
2626,CUST0698,2025-12-12,Electronics,Smartwatch,1140.32,2,South,Credit Card,21.0,2.0,4.0,2280.64
1658,CUST0849,2025-12-06,Electronics,Bluetooth Speaker,3236.34,1,East,Credit Card,35.0,2.0,5.0,3236.34
2247,CUST0805,2025-02-11,Beauty,Makeup Kit,3837.97,2,North,Credit Card,26.0,2.0,4.0,7675.94
3777,CUST0130,2025-10-09,Fashion,Running Shoes,3782.35,1,East,Net Banking,49.0,2.0,5.0,3782.35
3667,CUST0294,2024-11-26,Sports,Dumbbell Set,2072.49,1,Central,Cash on Delivery,28.0,2.0,5.0,2072.49
3764,CUST0430,2024-01-16,Fashion,Running Shoes,4662.88,1,South,CREDIT CARD,38.0,7.0,5.0,4662.88
3548,CUST0616,2024-04-10,Fashion,Sunglasses,4874.73,2,West,UPI,21.0,3.0,4.0,9749.46
3160,CUST0268,2024-09-15,Fashion,Sunglasses,2891.55,1,West,DEBIT CARD,32.0,4.0,5.0,2891.55
2422,CUST0808,2025-12-21,Electronics,Phone Case,2664.43,1,Central,Credit Card,52.0,5.0,4.0,2664.43
3646,CUST0897,2025-05-10,Fashion,Leather Wallet,4768.94,1,West,UPI,33.0,5.0,3.0,4768.94
3882,CUST0355,2024-09-29,Fashion,Denim Jacket,1468.27,1,West,Net Banking,47.0,5.0,4.0,1468.27
1371,CUST0503,2025-06-13,Electronics,Smartwatch,769.24,2,West,UPI,49.0,3.0,4.0,1538.48
2954,CUST0119,2024-06-19,Beauty,Face Serum,1543.39,1,North,UPI,38.0,3.0,5.0,1543.39
1314,CUST0137,2025-07-01,Beauty,Makeup Kit,3848.47,1,north,UPI,24.0,2.0,4.0,3848.47
3538,CUST0367,2025-12-15,Electronics,Smartwatch,5958.34,2,Central,Credit Card,31.0,3.0,3.0,11916.68
2522,CUST0816,2025-06-25,Home & Kitchen,LED Desk Lamp,4299.94,3,West,Net Banking,36.0,4.0,5.0,12899.82
1594,CUST0541,2024-10-06,Fashion,Denim Jacket,4843.16,1,East,UPI,32.0,3.0,2.0,4843.16
1971,CUST0090,2024-05-20,Fashion,Denim Jacket,5920.34,1,West,UPI,39.0,7.0,5.0,5920.34
1203,CUST0254,2024-03-19,Beauty,Makeup Kit,5295.55,2,South,UPI,29.0,10.0,5.0,10591.1
2975,CUST0873,2024-08-22,Fashion,Cotton T-Shirt,3841.7,2,Central,UPI,38.0,3.0,2.0,7683.4
3277,CUST0842,2025-11-05,Fashion,Leather Wallet,3353.96,1,East,UPI,26.0,2.0,4.0,3353.96
3672,CUST0390,2024-11-07,Beauty,Sunscreen SPF50,4391.79,2,west,Cash on Delivery,18.0,1.0,4.0,8783.58
3407,CUST0677,2024-05-15,Sports,Football,2751.17,1,South,Net Banking,42.0,2.0,5.0,2751.17
2976,CUST0851,2025-10-07,Sports,Cricket Bat,3654.57,1,North,Debit Card,21.0,3.0,4.0,3654.57
1439,CUST0855,2025-02-22,Electronics,Phone Case,2466.61,1,Central,Credit Card,44.0,3.0,4.0,2466.61
1327,CUST0355,2024-12-13,Home & Kitchen,Non-stick Pan,3847.13,1,South,Net Banking,17.0,3.0,4.0,3847.13
2159,CUST0262,2025-05-20,Fashion,Denim Jacket,5208.26,1,East,UPI,47.0,3.0,3.0,5208.26
3166,CUST0366,2024-07-19,Beauty,Makeup Kit,1475.19,1,central,UPI,40.0,4.0,4.0,1475.19
1388,CUST0214,2024-01-25,Fashion,Cotton T-Shirt,4021.05,1,East,Net Banking,22.0,2.0,4.0,4021.05
2042,CUST0499,2024-02-07,Sports,Resistance Bands,4528.12,2,West,UPI,41.0,7.0,2.0,9056.24
2756,CUST0109,2025-08-27,Electronics,Wireless Earbuds,3001.36,2,East,UPI,47.0,2.0,5.0,6002.72
2188,CUST0432,2024-12-07,Beauty,Lip Balm Set,1959.22,1,Central,Net Banking,16.0,3.0,5.0,1959.22
1282,CUST0084,2025-11-30,Beauty,Makeup Kit,2666.1,2,West,Net Banking,18.0,5.0,4.0,5332.2
2603,CUST0634,2025-11-27,Sports,Dumbbell Set,1921.23,1,Central,UPI,16.0,3.0,5.0,1921.23
1352,CUST0229,2024-02-17,Fashion,Running Shoes,2529.81,1,,Net Banking,,,,2529.81
2356,CUST0317,2024-10-27,Beauty,Sunscreen SPF50,2634.13,1,East,UPI,36.0,3.0,3.0,2634.13
1043,CUST0393,2024-05-12,Electronics,Bluetooth Speaker,4461.66,1,Central,UPI,40.0,6.0,5.0,4461.66
3438,CUST0172,2025-02-17,Beauty,Sunscreen SPF50,5877.56,1,Central,Debit Card,18.0,7.0,4.0,5877.56
1102,CUST0131,2025-03-18,Beauty,Sunscreen SPF50,4999.16,1,west,Credit Card,41.0,4.0,4.0,4999.16
3693,CUST0055,2025-12-14,Home & Kitchen,Non-stick Pan,4185.23,1,South,Credit Card,26.0,6.0,3.0,4185.23
3958,CUST0107,2024-08-21,Electronics,Wireless Earbuds,4397.76,2,East,UPI,42.0,4.0,4.0,8795.52
1447,CUST0788,2024-07-09,Fashion,Leather Wallet,5201.36,1,Central,Credit Card,22.0,3.0,4.0,5201.36
2858,CUST0256,2024-10-07,Fashion,Running Shoes,2092.83,1,South,UPI,50.0,2.0,5.0,2092.83
2274,CUST0527,2025-09-26,Beauty,Hair Dryer,775.51,1,South,UPI,22.0,6.0,5.0,775.51
1135,CUST0743,2025-04-22,Beauty,Hair Dryer,1201.15,1,North,Debit Card,31.0,2.0,5.0,1201.15
1575,CUST0626,2025-03-25,Beauty,Hair Dryer,1605.46,2,Central,UPI,35.0,1.0,5.0,3210.92
1877,CUST0475,2024-04-06,Fashion,Cotton T-Shirt,2019.96,2,West,Credit Card,42.0,4.0,4.0,4039.92
2514,CUST0066,2024-02-07,Electronics,Bluetooth Speaker,332.94,1,South,UPI,49.0,2.0,5.0,332.94
1857,CUST0401,2024-05-14,Home & Kitchen,Coffee Maker,1146.65,1,Central,Net Banking,22.0,3.0,5.0,1146.65
1129,CUST0390,2024-12-24,Electronics,Wireless Earbuds,3735.72,1,East,Net Banking,43.0,4.0,4.0,3735.72
1748,CUST0813,2025-03-11,Fashion,Running Shoes,4445.49,1,East,Credit Card,16.0,4.0,5.0,4445.49
1573,CUST0286,2024-12-17,Home & Kitchen,LED Desk Lamp,3055.95,2,North,Net Banking,47.0,4.0,3.0,6111.9
3507,CUST0397,2025-01-19,Fashion,Running Shoes,4768.59,1,West,Debit Card,26.0,10.0,5.0,4768.59
3705,CUST0393,2024-11-11,Fashion,Leather Wallet,989.34,1,Central,DEBIT CARD,30.0,5.0,4.0,989.34
1876,CUST0621,2025-01-23,Electronics,Bluetooth Speaker,5513.32,1,Central,Net Banking,47.0,2.0,5.0,5513.32
1104,CUST0739,2024-11-06,Sports,Dumbbell Set,2852.37,5,south,Cash on Delivery,44.0,1.0,3.0,14261.85
2660,CUST0649,2024-09-15,Fashion,Cotton T-Shirt,4381.25,1,Central,Credit Card,35.0,4.0,5.0,4381.25
1411,CUST0073,2024-11-21,Fashion,Sunglasses,3614.96,1,West,DEBIT CARD,44.0,4.0,3.0,3614.96
3016,CUST0685,2025-12-24,Sports,Dumbbell Set,5524.3,1,North,Debit Card,23.0,4.0,4.0,5524.3
2179,CUST0481,2025-09-29,Electronics,Power Bank,2368.9,2,West,UPI,48.0,6.0,5.0,4737.8
2821,CUST0137,2025-09-19,Electronics,Phone Case,3759.77,1,north,UPI,42.0,4.0,3.0,3759.77
1605,CUST0480,2025-11-23,Home & Kitchen,Storage Boxes,4390.0,1,Central,UPI,22.0,4.0,5.0,4390.0
3881,CUST0797,2025-03-22,Sports,Football,2318.03,1,South,Credit Card,25.0,2.0,4.0,2318.03
3001,CUST0889,2025-06-26,Fashion,Sunglasses,3687.65,2,East,Credit Card,38.0,4.0,5.0,7375.3
3384,CUST0374,2024-09-22,Electronics,Smartwatch,1606.55,1,North,Credit Card,33.0,7.0,4.0,1606.55
2434,CUST0449,2025-10-12,Fashion,Running Shoes,4353.82,1,North,Debit Card,41.0,2.0,,4353.82
1385,CUST0880,2024-04-05,Electronics,Wireless Earbuds,5799.62,1,North,Credit Card,24.0,4.0,5.0,5799.62
3863,CUST0266,2024-11-15,Home & Kitchen,LED Desk Lamp,2042.36,1,West,Credit Card,29.0,6.0,4.0,2042.36
1057,CUST0138,2025-03-22,Home & Kitchen,Coffee Maker,4399.42,1,North,Cash on Delivery,39.0,2.0,4.0,4399.42
1712,CUST0785,2024-01-23,Sports,Dumbbell Set,1713.18,1,East,UPI,32.0,2.0,5.0,1713.18
1325,CUST0003,2024-02-18,Electronics,Wireless Earbuds,583.52,1,Central,Credit Card,29.0,10.0,4.0,583.52
1079,CUST0296,2025-09-14,Sports,Dumbbell Set,4397.66,1,East,Debit Card,42.0,3.0,2.0,4397.66
1541,CUST0166,2025-03-16,Sports,Football,458.41,1,East,Debit Card,,3.0,,458.41
1356,CUST0481,2025-06-08,Home & Kitchen,Storage Boxes,3797.35,1,north,UPI,39.0,1.0,4.0,3797.35
1360,CUST0072,2024-02-13,Beauty,Face Serum,296.08,1,North,Net Banking,67.0,2.0,2.0,296.08
2019,CUST0286,2024-11-28,Electronics,Smartwatch,3525.69,1,East,Net Banking,36.0,3.0,3.0,3525.69
3631,CUST0250,2025-03-30,Home & Kitchen,Non-stick Pan,1185.31,1,West,Cash on Delivery,,4.0,,1185.31
3969,CUST0436,2024-11-21,Beauty,Makeup Kit,4932.19,1,East,Credit Card,28.0,4.0,5.0,4932.19
1916,CUST0132,2024-11-15,Home & Kitchen,Wall Clock,2011.26,1,Central,Net Banking,22.0,4.0,5.0,2011.26
1308,CUST0603,2024-06-12,Beauty,Lip Balm Set,5606.36,1,North,UPI,29.0,2.0,5.0,5606.36
2414,CUST0531,2025-05-17,Electronics,Bluetooth Speaker,1546.4,1,East,Debit Card,34.0,3.0,5.0,1546.4
1814,CUST0892,2024-11-13,Home & Kitchen,LED Desk Lamp,2097.76,1,East,Net Banking,30.0,2.0,,2097.76
1042,CUST0186,2024-01-25,Electronics,Phone Case,3389.16,1,Central,Cash on Delivery,,7.0,,3389.16
3702,CUST0079,2024-01-05,Sports,Football,4862.81,3,East,UPI,25.0,1.0,4.0,14588.43
2406,CUST0182,2024-04-22,Fashion,Denim Jacket,160.09,1,east,UPI,43.0,2.0,5.0,160.09
2574,CUST0396,2024-02-07,Fashion,Denim Jacket,947.22,1,Central,Cash on Delivery,25.0,7.0,5.0,947.22
1883,CUST0293,2025-03-14,Electronics,Power Bank,1408.46,2,South,Credit Card,32.0,2.0,4.0,2816.92
1699,CUST0585,2025-12-19,Electronics,Phone Case,2841.38,1,South,UPI,32.0,3.0,4.0,2841.38
3755,CUST0156,2025-04-09,Beauty,Sunscreen SPF50,555.34,1,North,UPI,31.0,4.0,5.0,555.34
1004,CUST0777,2025-04-29,Home & Kitchen,Coffee Maker,3704.14,1,West,CREDIT CARD,,1.0,,3704.14
1216,CUST0284,2025-09-05,Fashion,Denim Jacket,1788.22,2,South,Debit Card,20.0,2.0,5.0,3576.44
1977,CUST0732,2025-01-31,Electronics,Power Bank,1171.32,1,Central,Credit Card,16.0,2.0,4.0,1171.32
1099,CUST0710,2025-07-22,Electronics,Bluetooth Speaker,2759.13,1,central,Debit Card,,4.0,,2759.13
2616,CUST0066,2024-08-12,Beauty,Sunscreen SPF50,2608.36,1,Central,Cash on Delivery,30.0,2.0,3.0,2608.36
3840,CUST0461,2025-06-13,Electronics,Bluetooth Speaker,658.99,1,South,UPI,36.0,3.0,3.0,658.99
3692,CUST0173,2024-04-13,Beauty,Sunscreen SPF50,3044.79,1,east,UPI,38.0,4.0,4.0,3044.79
2371,CUST0078,2025-07-09,Fashion,Running Shoes,3117.55,1,North,UPI,38.0,2.0,4.0,3117.55
3582,CUST0284,2025-09-17,Beauty,Lip Balm Set,5626.97,1,west,Credit Card,47.0,2.0,3.0,5626.97
3495,CUST0872,2025-02-05,Home & Kitchen,Storage Boxes,3487.34,2,North,Net Banking,39.0,2.0,4.0,6974.68
2192,CUST0777,2025-05-29,Fashion,Leather Wallet,5866.86,2,East,UPI,32.0,3.0,4.0,11733.72
3262,CUST0119,2024-05-13,Electronics,Bluetooth Speaker,3674.25,3,south,Net Banking,42.0,7.0,4.0,11022.75
2800,CUST0379,2024-09-20,Home & Kitchen,Coffee Maker,3429.84,1,West,Debit Card,39.0,2.0,3.0,3429.84
2517,CUST0889,2024-07-25,Fashion,Sunglasses,3918.28,1,North,UPI,38.0,2.0,5.0,3918.28
1701,CUST0295,2024-02-22,Sports,Football,5989.67,5,South,Net Banking,26.0,3.0,5.0,29948.35
1456,CUST0191,2024-11-23,Electronics,Smartwatch,5246.82,1,Central,Debit Card,32.0,5.0,5.0,5246.82
3386,CUST0367,2025-04-10,Electronics,Power Bank,5585.65,1,East,UPI,45.0,3.0,2.0,5585.65
3237,CUST0323,2025-09-20,Electronics,Power Bank,1457.2,1,South,UPI,26.0,4.0,5.0,1457.2
1522,CUST0694,2024-04-04,Fashion,Denim Jacket,5341.43,2,west,Credit Card,16.0,3.0,5.0,10682.86
2261,CUST0071,2024-06-13,Fashion,Sunglasses,2606.24,1,North,UPI,34.0,4.0,5.0,2606.24
2938,CUST0619,2024-10-13,Sports,Resistance Bands,4415.44,1,West,Credit Card,40.0,10.0,4.0,4415.44
2038,CUST0357,2025-11-12,Beauty,Sunscreen SPF50,4915.14,1,North,UPI,25.0,2.0,1.0,4915.14
1390,CUST0283,2025-03-06,Beauty,Lip Balm Set,1600.06,1,South,UPI,19.0,3.0,4.0,1600.06
1952,CUST0173,2025-06-08,Fashion,Cotton T-Shirt,2414.34,1,North,UPI,39.0,5.0,4.0,2414.34
2778,CUST0232,2024-12-13,Sports,Cricket Bat,2800.19,2,West,Debit Card,29.0,5.0,5.0,5600.38
1412,CUST0877,2024-04-11,Beauty,Lip Balm Set,691.13,2,West,Credit Card,25.0,4.0,5.0,1382.26
2773,CUST0249,2025-08-24,Fashion,Cotton T-Shirt,5726.93,1,North,UPI,36.0,3.0,4.0,5726.93
3565,CUST0272,2025-06-16,Beauty,Lip Balm Set,1899.67,1,West,UPI,32.0,7.0,5.0,1899.67
2302,CUST0154,2024-06-11,Fashion,Sunglasses,2602.32,1,North,UPI,50.0,3.0,3.0,2602.32
3569,CUST0318,2025-12-29,Fashion,Cotton T-Shirt,1407.02,2,North,UPI,32.0,4.0,5.0,2814.04
2297,CUST0162,2024-12-20,Home & Kitchen,Coffee Maker,538.54,1,South,Credit Card,34.0,4.0,3.0,538.54
3356,CUST0219,2025-12-17,Fashion,Running Shoes,1871.36,1,East,UPI,42.0,3.0,5.0,1871.36
2269,CUST0030,2025-04-11,Home & Kitchen,Non-stick Pan,2811.81,1,south,Credit Card,16.0,7.0,5.0,2811.81
3346,CUST0263,2024-05-06,Beauty,Lip Balm Set,5729.56,2,East,UPI,16.0,3.0,5.0,11459.12
3765,CUST0645,2024-07-25,Home & Kitchen,Non-stick Pan,2823.61,2,West,Cash on Delivery,38.0,2.0,4.0,5647.22
3036,CUST0397,2024-10-19,Electronics,Power Bank,2238.66,3,West,UPI,31.0,5.0,5.0,6715.98
2022,CUST0478,2024-12-23,Electronics,Wireless Earbuds,1318.41,1,West,Net Banking,55.0,3.0,4.0,1318.41
1502,CUST0402,2024-09-14,Fashion,Sunglasses,1685.09,1,South,UPI,33.0,1.0,4.0,1685.09
3976,CUST0634,2025-07-23,Sports,Dumbbell Set,572.75,2,North,Credit Card,36.0,2.0,4.0,1145.5
1759,CUST0339,2024-05-22,Sports,Cricket Bat,892.04,1,west,Net Banking,40.0,1.0,2.0,892.04
3229,CUST0125,2025-08-01,Electronics,Power Bank,2112.45,1,West,UPI,48.0,4.0,5.0,2112.45
1429,CUST0387,2025-10-23,Home & Kitchen,Wall Clock,498.58,1,Central,UPI,33.0,2.0,5.0,498.58
2581,CUST0806,2025-05-25,Home & Kitchen,Wall Clock,4946.51,1,South,Debit Card,44.0,1.0,5.0,4946.51
2318,CUST0841,2025-04-21,Electronics,Wireless Earbuds,4501.61,2,Central,UPI,16.0,3.0,4.0,9003.22
2137,CUST0279,2024-12-28,Home & Kitchen,Non-stick Pan,2044.85,1,south,UPI,29.0,2.0,5.0,2044.85
1074,CUST0821,2025-09-28,Home & Kitchen,Coffee Maker,1913.06,2,North,Credit Card,25.0,3.0,4.0,3826.12
1026,CUST0792,2024-09-12,Fashion,Cotton T-Shirt,2988.89,1,East,CREDIT CARD,38.0,3.0,5.0,2988.89
2345,CUST0874,2024-09-24,Home & Kitchen,Wall Clock,3012.24,2,north,UPI,30.0,1.0,2.0,6024.48
2980,CUST0175,2025-06-26,Home & Kitchen,LED Desk Lamp,5448.61,3,East,UPI,20.0,5.0,3.0,16345.83
2127,CUST0836,2024-06-17,Sports,Dumbbell Set,2613.97,2,West,UPI,20.0,4.0,,5227.94
2584,CUST0828,2025-03-17,Home & Kitchen,Storage Boxes,3224.95,1,East,UPI,21.0,5.0,5.0,3224.95
2140,CUST0055,2024-02-03,Electronics,Power Bank,2198.11,1,west,Debit Card,25.0,3.0,5.0,2198.11
1506,CUST0459,2024-03-28,Electronics,Bluetooth Speaker,2173.27,1,central,Credit Card,32.0,4.0,5.0,2173.27
2395,CUST0271,2024-10-20,Electronics,Power Bank,334.48,1,,CREDIT CARD,,,,334.48
3467,CUST0759,2024-12-22,Fashion,Running Shoes,4704.1,1,Central,UPI,30.0,1.0,5.0,4704.1
3032,CUST0445,2024-09-09,Fashion,Leather Wallet,2267.43,1,East,Credit Card,44.0,4.0,3.0,2267.43
3754,CUST0517,2024-10-28,Electronics,Wireless Earbuds,2368.15,5,west,DEBIT CARD,31.0,7.0,3.0,11840.75
3005,CUST0533,2025-02-11,Home & Kitchen,Coffee Maker,1923.79,1,west,Debit Card,32.0,10.0,5.0,1923.79
2788,CUST0328,2024-05-12,Sports,Football,4383.52,1,North,Credit Card,41.0,3.0,4.0,4383.52
2121,CUST0591,2025-06-11,Sports,Football,5248.96,1,North,Cash on Delivery,29.0,6.0,4.0,5248.96
3376,CUST0329,2025-01-07,Electronics,Power Bank,2613.35,1,East,Credit Card,32.0,4.0,2.0,2613.35
1587,CUST0716,2024-07-16,Beauty,Lip Balm Set,3193.36,1,east,NET BANKING,34.0,4.0,4.0,3193.36
2759,CUST0816,2024-12-29,Beauty,Makeup Kit,4109.08,1,South,Credit Card,35.0,2.0,3.0,4109.08
1612,CUST0112,2024-07-08,Fashion,Leather Wallet,2368.81,1,south,Net Banking,37.0,2.0,5.0,2368.81
2139,CUST0778,2025-04-15,Sports,Football,254.59,1,North,UPI,33.0,5.0,3.0,254.59
1426,CUST0421,2025-11-22,Fashion,Denim Jacket,291.04,1,South,Credit Card,42.0,2.0,3.0,291.04
1649,CUST0477,2025-01-18,Electronics,Wireless Earbuds,1186.71,1,West,UPI,28.0,3.0,5.0,1186.71
2090,CUST0591,2024-08-02,Fashion,Denim Jacket,395.73,2,south,NET BANKING,32.0,3.0,4.0,791.46
3469,CUST0160,2024-02-07,Electronics,Bluetooth Speaker,4318.93,1,North,Cash on Delivery,27.0,3.0,5.0,4318.93
3473,CUST0735,2025-02-13,Home & Kitchen,Non-stick Pan,3178.62,1,South,Cash on Delivery,25.0,3.0,5.0,3178.62
2409,CUST0145,2025-05-14,Sports,Football,4827.63,1,East,Credit Card,47.0,2.0,3.0,4827.63
1566,CUST0270,2025-05-28,Electronics,Smartwatch,776.12,2,West,Credit Card,27.0,6.0,4.0,1552.24
2719,CUST0119,2024-03-03,Home & Kitchen,LED Desk Lamp,528.52,1,East,UPI,29.0,4.0,4.0,528.52
1886,CUST0376,2025-05-06,Fashion,Cotton T-Shirt,2073.16,2,East,Net Banking,20.0,4.0,4.0,4146.32
3921,CUST0139,2025-11-04,Electronics,Smartwatch,3198.31,5,Central,UPI,37.0,6.0,5.0,15991.55
3814,CUST0205,2024-08-24,Sports,Yoga Mat,5285.22,1,South,UPI,25.0,4.0,3.0,5285.22
3040,CUST0275,2025-07-17,Home & Kitchen,Wall Clock,4748.35,1,south,UPI,24.0,1.0,3.0,4748.35
1692,CUST0051,2024-01-13,Sports,Yoga Mat,609.44,1,North,UPI,24.0,4.0,4.0,609.44
3115,CUST0788,2025-04-01,Fashion,Leather Wallet,864.85,1,south,UPI,26.0,3.0,5.0,864.85
1630,CUST0166,2025-07-29,Sports,Resistance Bands,5312.28,1,East,Credit Card,41.0,6.0,2.0,5312.28
3869,CUST0881,2024-10-11,Sports,Cricket Bat,5854.47,1,East,UPI,50.0,1.0,4.0,5854.47
3242,CUST0292,2025-08-02,Fashion,Leather Wallet,1603.74,1,North,UPI,40.0,3.0,5.0,1603.74
1501,CUST0455,2024-10-24,Electronics,Phone Case,1290.51,1,Central,Debit Card,23.0,1.0,2.0,1290.51
2692,CUST0246,2025-01-02,Fashion,Cotton T-Shirt,5931.25,3,central,UPI,40.0,4.0,5.0,17793.75
2873,CUST0023,2025-03-23,Electronics,Phone Case,870.67,1,central,UPI,43.0,6.0,3.0,870.67
1409,CUST0566,2025-08-29,Fashion,Cotton T-Shirt,2372.88,1,East,Net Banking,19.0,1.0,4.0,2372.88
2344,CUST0443,2025-08-17,Fashion,Cotton T-Shirt,257.84,1,South,UPI,46.0,3.0,5.0,257.84
1165,CUST0793,2025-06-09,Electronics,Phone Case,623.38,1,South,NET BANKING,36.0,3.0,5.0,623.38
3484,CUST0427,2025-04-08,Sports,Cricket Bat,3759.55,1,North,Net Banking,28.0,6.0,1.0,3759.55
1244,CUST0687,2025-12-15,Fashion,Running Shoes,5524.6,1,East,Credit Card,46.0,4.0,5.0,5524.6
3849,CUST0736,2025-06-03,Sports,Cricket Bat,1855.99,2,west,Debit Card,27.0,2.0,,3711.98
3818,CUST0617,2025-01-02,Home & Kitchen,LED Desk Lamp,5578.92,1,East,Net Banking,29.0,2.0,4.0,5578.92
2523,CUST0057,2024-03-07,Fashion,Cotton T-Shirt,5299.74,1,East,DEBIT CARD,29.0,3.0,4.0,5299.74
1379,CUST0050,2025-02-22,Home & Kitchen,Non-stick Pan,2224.8,1,North,Net Banking,42.0,5.0,5.0,2224.8
2088,CUST0619,2024-07-29,Sports,Cricket Bat,5517.48,1,East,Cash on Delivery,36.0,3.0,3.0,5517.48
2804,CUST0007,2025-10-23,Beauty,Makeup Kit,1452.12,1,Central,Cash on Delivery,21.0,4.0,3.0,1452.12
3576,CUST0701,2024-06-15,Beauty,Face Serum,855.05,1,Central,Debit Card,33.0,5.0,4.0,855.05
1295,CUST0500,2025-01-10,Fashion,Denim Jacket,4926.0,1,East,Debit Card,30.0,7.0,5.0,4926.0
2941,CUST0338,2024-01-10,Fashion,Running Shoes,5236.34,1,south,NET BANKING,46.0,3.0,3.0,5236.34
2912,CUST0064,2024-06-26,Beauty,Hair Dryer,4697.63,1,West,Debit Card,41.0,2.0,5.0,4697.63
3176,CUST0119,2025-03-22,Sports,Dumbbell Set,1739.39,2,Central,Debit Card,26.0,3.0,2.0,3478.78
3953,CUST0207,2025-05-03,Fashion,Sunglasses,2303.78,1,south,Debit Card,41.0,3.0,2.0,2303.78
2679,CUST0031,2025-10-24,Home & Kitchen,LED Desk Lamp,2117.33,1,west,Net Banking,45.0,4.0,4.0,2117.33
1316,CUST0597,2025-08-21,Electronics,Power Bank,1198.63,1,North,Debit Card,33.0,2.0,3.0,1198.63
1529,CUST0402,2024-05-25,Electronics,Phone Case,5092.07,1,South,Credit Card,40.0,6.0,4.0,5092.07
3951,CUST0680,2025-12-27,Beauty,Face Serum,919.89,1,East,Cash on Delivery,39.0,10.0,5.0,919.89
2178,CUST0672,2025-05-25,Electronics,Power Bank,174.14,1,East,Debit Card,35.0,3.0,4.0,174.14
1190,CUST0314,2024-06-07,Fashion,Denim Jacket,284.16,1,Central,Debit Card,32.0,4.0,3.0,284.16
1028,CUST0400,2025-02-11,Beauty,Face Serum,5492.46,1,north,UPI,41.0,3.0,5.0,5492.46
2972,CUST0413,2025-11-14,Electronics,Power Bank,1721.39,1,West,Net Banking,26.0,3.0,5.0,1721.39
1275,CUST0352,2025-07-24,Beauty,Makeup Kit,2226.99,1,South,Credit Card,36.0,7.0,4.0,2226.99
3589,CUST0682,2025-12-03,Fashion,Cotton T-Shirt,229.23,2,South,Debit Card,21.0,3.0,4.0,458.46
2075,CUST0018,2024-02-27,Beauty,Sunscreen SPF50,4402.68,5,West,UPI,24.0,5.0,4.0,22013.4
2797,CUST0667,2025-03-29,Electronics,Wireless Earbuds,455.12,1,Central,Credit Card,23.0,4.0,5.0,455.12
3204,CUST0134,2024-11-26,Fashion,Sunglasses,2087.68,1,west,Credit Card,38.0,2.0,5.0,2087.68
2874,CUST0773,2024-08-26,Fashion,Denim Jacket,5404.9,1,Central,Net Banking,43.0,5.0,2.0,5404.9
2948,CUST0559,2025-11-18,Electronics,Wireless Earbuds,3073.19,1,North,Credit Card,35.0,4.0,,3073.19
3815,CUST0129,2025-11-01,Electronics,Wireless Earbuds,4640.66,1,south,UPI,30.0,4.0,4.0,4640.66
2335,CUST0091,2024-11-19,Beauty,Face Serum,3934.53,1,South,Net Banking,36.0,4.0,4.0,3934.53
3627,CUST0566,2024-02-04,Fashion,Running Shoes,4563.06,1,East,CREDIT CARD,44.0,2.0,1.0,4563.06
3234,CUST0680,2025-03-31,Electronics,Smartwatch,3904.01,1,East,UPI,28.0,4.0,2.0,3904.01
1586,CUST0405,2024-10-30,Electronics,Wireless Earbuds,412.43,1,central,Net Banking,20.0,3.0,4.0,412.43
1838,CUST0155,2025-05-03,Electronics,Power Bank,1504.76,1,Central,CASH ON DELIVERY,22.0,5.0,3.0,1504.76
1711,CUST0762,2024-12-04,Electronics,Bluetooth Speaker,2308.75,1,East,Credit Card,22.0,7.0,3.0,2308.75
3273,CUST0820,2025-02-24,Electronics,Smartwatch,1288.91,1,Central,UPI,25.0,7.0,5.0,1288.91
3479,CUST0656,2025-05-24,Electronics,Wireless Earbuds,1239.9,1,North,UPI,33.0,3.0,5.0,1239.9
2251,CUST0767,2025-05-05,Electronics,Power Bank,2758.22,1,Central,Debit Card,36.0,3.0,3.0,2758.22
3907,CUST0099,2024-08-10,Home & Kitchen,Storage Boxes,982.74,1,East,Cash on Delivery,41.0,5.0,3.0,982.74
3806,CUST0128,2025-08-01,Electronics,Wireless Earbuds,3402.71,5,South,UPI,22.0,2.0,3.0,17013.55
2438,CUST0402,2025-04-08,Electronics,Wireless Earbuds,5657.26,1,North,UPI,25.0,6.0,4.0,5657.26
2770,CUST0743,2025-01-10,Beauty,Hair Dryer,4461.56,1,East,Credit Card,29.0,4.0,3.0,4461.56
2554,CUST0617,2025-08-13,Electronics,Bluetooth Speaker,371.81,1,East,Cash on Delivery,35.0,5.0,4.0,371.81
1817,CUST0626,2025-12-14,Fashion,Sunglasses,5331.36,1,east,UPI,34.0,2.0,3.0,5331.36
3963,CUST0457,2024-03-19,Electronics,Phone Case,3476.53,2,West,Debit Card,33.0,4.0,3.0,6953.06
3836,CUST0153,2025-07-30,Home & Kitchen,Wall Clock,5647.92,2,East,Cash on Delivery,30.0,4.0,3.0,11295.84
1958,CUST0175,2024-12-02,Fashion,Sunglasses,586.77,2,South,UPI,21.0,1.0,5.0,1173.54
1303,CUST0068,2024-09-22,Sports,Dumbbell Set,3731.71,1,North,UPI,37.0,3.0,2.0,3731.71
1572,CUST0031,2024-05-20,Fashion,Running Shoes,272534.5,1,North,Debit Card,37.0,1.0,1.0,5450.69
3683,CUST0734,2025-09-18,Electronics,Wireless Earbuds,2464.92,2,Central,Debit Card,41.0,10.0,3.0,4929.84
2967,CUST0614,2025-05-31,Sports,Cricket Bat,4562.08,1,North,UPI,39.0,2.0,5.0,4562.08
1631,CUST0103,2025-09-08,Fashion,Sunglasses,4526.42,1,West,Net Banking,26.0,2.0,4.0,4526.42
2512,CUST0498,2025-09-16,Home & Kitchen,LED Desk Lamp,1396.85,2,North,UPI,23.0,10.0,1.0,2793.7
3448,CUST0728,2025-03-31,Beauty,Makeup Kit,1395.93,2,West,Debit Card,17.0,4.0,5.0,2791.86
3914,CUST0845,2025-07-25,Electronics,Smartwatch,4513.93,1,West,UPI,29.0,3.0,4.0,4513.93
3472,CUST0485,2025-12-22,Electronics,Smartwatch,5340.68,1,South,Net Banking,30.0,6.0,,5340.68
2064,CUST0081,2024-09-29,Fashion,Sunglasses,1238.3,3,North,Net Banking,50.0,10.0,5.0,3714.9
2826,CUST0284,2025-07-27,Home & Kitchen,Non-stick Pan,3008.23,2,Central,Credit Card,20.0,3.0,5.0,6016.46
3459,CUST0876,2024-07-10,Electronics,Wireless Earbuds,5161.84,1,East,Debit Card,29.0,4.0,2.0,5161.84
3189,CUST0522,2025-09-20,Electronics,Phone Case,3203.21,1,Central,UPI,21.0,3.0,4.0,3203.21
2973,CUST0662,2025-01-22,Sports,Football,4770.13,1,North,Cash on Delivery,32.0,5.0,3.0,4770.13
3623,CUST0741,2025-05-15,Electronics,Smartwatch,4115.76,1,East,Net Banking,35.0,1.0,5.0,4115.76
3602,CUST0128,2025-10-16,Sports,Football,1367.58,1,East,DEBIT CARD,34.0,2.0,3.0,1367.58
3644,CUST0613,2025-07-18,Fashion,Running Shoes,1130.36,1,North,Cash on Delivery,40.0,4.0,5.0,1130.36
1924,CUST0895,2025-04-19,Electronics,Smartwatch,4551.55,2,east,UPI,16.0,4.0,5.0,9103.1
1723,CUST0739,2025-08-28,Fashion,Sunglasses,4908.43,2,North,UPI,21.0,1.0,4.0,9816.86
1060,CUST0046,2025-04-10,Electronics,Power Bank,1779.75,1,North,Credit Card,47.0,1.0,3.0,1779.75
3222,CUST0381,2025-10-26,Fashion,Running Shoes,4045.9,2,South,Credit Card,34.0,2.0,4.0,8091.8
3422,CUST0686,2025-06-23,Electronics,Wireless Earbuds,4640.57,1,West,Debit Card,50.0,7.0,5.0,4640.57
2832,CUST0805,2025-07-12,Electronics,Power Bank,1087.34,2,Central,UPI,39.0,4.0,4.0,2174.68
1024,CUST0516,2024-10-03,Home & Kitchen,LED Desk Lamp,3090.43,1,central,Credit Card,33.0,3.0,3.0,3090.43
1578,CUST0269,2025-06-07,Beauty,Sunscreen SPF50,2207.56,1,,UPI,,,,2207.56
1684,CUST0142,2024-03-17,Sports,Resistance Bands,2005.97,2,South,Credit Card,23.0,3.0,4.0,4011.94
2016,CUST0396,2024-02-14,Home & Kitchen,Non-stick Pan,5662.66,2,North,UPI,30.0,1.0,4.0,11325.32
1347,CUST0049,2025-09-29,Electronics,Smartwatch,1121.23,1,South,UPI,36.0,2.0,1.0,1121.23
3260,CUST0097,2025-12-30,Electronics,Power Bank,5726.59,5,South,DEBIT CARD,,1.0,,28632.95
2668,CUST0550,2024-04-05,Fashion,Leather Wallet,195.03,2,South,Credit Card,53.0,4.0,5.0,390.06
2556,CUST0356,2025-07-19,Home & Kitchen,Storage Boxes,2321.05,1,North,UPI,16.0,2.0,5.0,2321.05
3971,CUST0030,2025-02-03,Sports,Dumbbell Set,2718.64,1,South,Cash on Delivery,35.0,4.0,5.0,2718.64
1009,CUST0726,2024-01-28,Fashion,Cotton T-Shirt,5199.16,1,East,Credit Card,27.0,3.0,4.0,5199.16
3935,CUST0540,2025-03-05,Sports,Yoga Mat,1751.59,1,Central,Net Banking,34.0,4.0,5.0,1751.59
1229,CUST0454,2024-04-14,Beauty,Sunscreen SPF50,3931.73,2,West,UPI,32.0,2.0,3.0,7863.46
1490,CUST0746,2025-08-12,Sports,Yoga Mat,1625.21,1,West,UPI,23.0,2.0,3.0,1625.21
3564,CUST0356,2025-02-07,Fashion,Leather Wallet,5593.38,1,East,Cash on Delivery,19.0,4.0,4.0,5593.38
2666,CUST0400,2024-02-16,Home & Kitchen,Storage Boxes,4871.91,1,North,Credit Card,34.0,7.0,5.0,4871.91
1830,CUST0308,2025-05-06,Fashion,Denim Jacket,2372.77,1,East,UPI,31.0,10.0,4.0,2372.77
1386,CUST0791,2025-05-29,Home & Kitchen,Wall Clock,5986.09,1,East,Cash on Delivery,43.0,3.0,4.0,5986.09
2704,CUST0663,2025-08-30,Electronics,Bluetooth Speaker,2387.38,1,South,Credit Card,36.0,5.0,4.0,2387.38
1450,CUST0735,2025-09-06,Home & Kitchen,Storage Boxes,5862.88,1,East,Net Banking,42.0,7.0,4.0,5862.88
3789,CUST0066,2025-02-06,Electronics,Wireless Earbuds,2664.66,1,south,UPI,30.0,3.0,4.0,2664.66
1016,CUST0184,2024-08-12,Fashion,Sunglasses,3860.96,1,west,UPI,22.0,3.0,4.0,3860.96
2115,CUST0207,2025-09-13,Electronics,Bluetooth Speaker,1012.08,1,west,UPI,34.0,2.0,2.0,1012.08
3832,CUST0317,2024-07-06,Beauty,Face Serum,1957.05,1,South,Debit Card,27.0,7.0,3.0,1957.05
2389,CUST0680,2024-02-29,Electronics,Bluetooth Speaker,3158.81,1,North,UPI,36.0,7.0,4.0,3158.81
3442,CUST0273,2025-03-15,Beauty,Sunscreen SPF50,3844.26,2,North,UPI,40.0,3.0,3.0,7688.52
2589,CUST0292,2024-01-29,Home & Kitchen,Non-stick Pan,4032.73,1,South,UPI,35.0,4.0,5.0,4032.73
1824,CUST0081,2025-08-06,Beauty,Hair Dryer,2886.98,1,North,Credit Card,43.0,5.0,2.0,2886.98
3143,CUST0665,2024-09-16,Sports,Resistance Bands,4682.12,2,West,Credit Card,29.0,3.0,5.0,9364.24
3756,CUST0771,2025-06-21,Fashion,Denim Jacket,1901.02,1,South,UPI,23.0,6.0,4.0,1901.02
2227,CUST0294,2024-10-25,Fashion,Cotton T-Shirt,5140.94,2,central,UPI,36.0,4.0,5.0,10281.88
2919,CUST0631,2024-06-16,Home & Kitchen,LED Desk Lamp,2415.26,1,South,Credit Card,37.0,6.0,4.0,2415.26
3649,CUST0047,2025-12-06,Home & Kitchen,Coffee Maker,1042.57,1,,UPI,,,,1042.57
2959,CUST0244,2025-07-20,Home & Kitchen,Wall Clock,643.66,1,West,Debit Card,28.0,4.0,5.0,643.66
2232,CUST0655,2025-11-29,Home & Kitchen,Non-stick Pan,1331.34,2,North,UPI,37.0,4.0,4.0,2662.68
2789,CUST0685,2025-01-18,Beauty,Sunscreen SPF50,5314.88,1,Central,Credit Card,29.0,3.0,5.0,5314.88
2010,CUST0072,2025-08-06,Electronics,Wireless Earbuds,4763.03,1,North,UPI,38.0,1.0,5.0,4763.03
3732,CUST0879,2024-11-09,Sports,Dumbbell Set,5019.12,1,east,UPI,32.0,3.0,5.0,5019.12
3793,CUST0207,2024-02-04,Electronics,Bluetooth Speaker,1124.02,1,Central,Cash on Delivery,37.0,3.0,4.0,1124.02
3729,CUST0556,2025-04-17,Fashion,Denim Jacket,2710.89,2,Central,UPI,35.0,2.0,5.0,5421.78
3774,CUST0292,2025-04-11,Sports,Resistance Bands,4599.11,1,South,Debit Card,23.0,1.0,4.0,4599.11
3417,CUST0594,2025-03-21,Electronics,Smartwatch,2914.7,1,south,Credit Card,29.0,5.0,5.0,2914.7
2107,CUST0396,2024-12-05,Fashion,Denim Jacket,3782.65,2,West,Credit Card,31.0,2.0,3.0,7565.3
1498,CUST0679,2025-04-04,Beauty,Sunscreen SPF50,3114.11,2,West,UPI,26.0,4.0,5.0,6228.22
1353,CUST0451,2024-07-06,Fashion,Sunglasses,3014.3,1,West,UPI,34.0,3.0,5.0,3014.3
3512,CUST0376,2025-09-07,Electronics,Bluetooth Speaker,5426.3,2,North,UPI,24.0,7.0,5.0,10852.6
1443,CUST0749,2025-10-15,Electronics,Smartwatch,762.35,1,West,Credit Card,25.0,1.0,5.0,762.35
1002,CUST0253,2024-12-09,Electronics,Bluetooth Speaker,5019.79,1,West,Debit Card,29.0,2.0,3.0,5019.79
1286,CUST0511,2024-11-12,Electronics,Power Bank,2709.27,2,West,UPI,53.0,1.0,3.0,5418.54
2561,CUST0877,2024-08-27,Electronics,Smartwatch,550.88,2,West,Net Banking,35.0,1.0,4.0,1101.76
2647,CUST0383,2025-09-01,Beauty,Sunscreen SPF50,4553.13,1,west,UPI,33.0,10.0,5.0,4553.13
1784,CUST0550,2025-05-08,Sports,Football,4770.11,1,South,Debit Card,26.0,3.0,,4770.11
1861,CUST0121,2024-09-06,Fashion,Denim Jacket,5022.65,2,West,Debit Card,42.0,4.0,5.0,10045.3
3327,CUST0088,2025-11-05,Fashion,Leather Wallet,3670.45,1,South,Credit Card,23.0,3.0,2.0,3670.45
3659,CUST0524,2024-09-06,Beauty,Makeup Kit,4744.92,1,East,UPI,28.0,4.0,3.0,4744.92
1349,CUST0735,2024-07-10,Home & Kitchen,Wall Clock,3547.09,1,North,Credit Card,35.0,2.0,4.0,3547.09
1069,CUST0511,2024-04-27,Electronics,Bluetooth Speaker,4309.07,1,central,Credit Card,33.0,4.0,5.0,4309.07
1404,CUST0869,2025-06-10,Sports,Resistance Bands,5358.75,1,South,Credit Card,49.0,4.0,4.0,5358.75
3348,CUST0702,2025-01-20,Electronics,Phone Case,1959.37,1,South,Net Banking,38.0,2.0,4.0,1959.37
1755,CUST0585,2024-09-16,Beauty,Hair Dryer,794.51,2,Central,Credit Card,33.0,4.0,5.0,1589.02
1798,CUST0766,2024-04-06,Fashion,Running Shoes,2582.28,2,Central,Credit Card,16.0,2.0,4.0,5164.56
2051,CUST0258,2024-09-27,Home & Kitchen,Storage Boxes,2471.93,1,central,UPI,30.0,3.0,4.0,2471.93
1229,CUST0454,2024-04-14,Beauty,Sunscreen SPF50,3931.73,2,West,UPI,32.0,2.0,3.0,7863.46
3426,CUST0206,2024-01-03,Fashion,Cotton T-Shirt,55575.0,1,Central,Debit Card,30.0,4.0,5.0,1111.5
1178,CUST0648,2024-09-17,Fashion,Denim Jacket,3365.25,2,West,Net Banking,43.0,1.0,4.0,6730.5
1954,CUST0053,2025-11-14,Electronics,Bluetooth Speaker,3120.92,1,Central,Credit Card,26.0,3.0,5.0,3120.92
2381,CUST0392,2025-07-26,Electronics,Wireless Earbuds,203.85,1,East,Net Banking,24.0,7.0,4.0,203.85
3080,CUST0552,2025-12-26,Fashion,Cotton T-Shirt,3873.15,1,Central,UPI,33.0,3.0,5.0,3873.15
2783,CUST0372,2025-05-30,Sports,Dumbbell Set,3703.75,1,North,Cash on Delivery,33.0,3.0,4.0,3703.75
3100,CUST0225,2025-12-18,Home & Kitchen,Storage Boxes,4246.88,2,Central,Debit Card,30.0,3.0,3.0,8493.76
3937,CUST0440,2025-09-22,Electronics,Bluetooth Speaker,1230.11,1,south,Cash on Delivery,44.0,3.0,5.0,1230.11
1253,CUST0471,2024-06-08,Home & Kitchen,Storage Boxes,3228.73,1,West,UPI,25.0,2.0,4.0,3228.73
2439,CUST0375,2024-04-12,Electronics,Smartwatch,2600.8,2,Central,Cash on Delivery,35.0,1.0,5.0,5201.6
1559,CUST0705,2025-06-30,Electronics,Bluetooth Speaker,5860.1,1,North,CREDIT CARD,37.0,2.0,5.0,5860.1
2578,CUST0249,2024-02-16,Home & Kitchen,Non-stick Pan,3146.34,2,east,Credit Card,46.0,7.0,3.0,6292.68
2885,CUST0298,2024-08-18,Fashion,Leather Wallet,3805.08,1,South,Debit Card,38.0,3.0,4.0,3805.08
1194,CUST0074,2025-03-01,Beauty,Lip Balm Set,5138.46,1,West,Net Banking,32.0,3.0,4.0,5138.46
3898,CUST0864,2025-04-22,Sports,Resistance Bands,2107.65,2,West,Credit Card,24.0,1.0,2.0,4215.3
2508,CUST0438,2025-03-21,Home & Kitchen,Wall Clock,4222.45,2,North,Debit Card,44.0,4.0,5.0,8444.9
2898,CUST0862,2025-05-06,Sports,Football,5046.86,2,South,UPI,40.0,5.0,3.0,10093.72
2970,CUST0419,2025-11-01,Beauty,Lip Balm Set,3204.19,1,Central,Cash on Delivery,35.0,4.0,5.0,3204.19
1245,CUST0013,2024-12-30,Beauty,Hair Dryer,2937.43,5,East,Credit Card,19.0,2.0,4.0,14687.15
1446,CUST0756,2024-02-17,Electronics,Wireless Earbuds,1187.36,2,South,UPI,26.0,5.0,5.0,2374.72
1477,CUST0079,2024-07-03,Electronics,Smartwatch,4279.84,1,central,UPI,32.0,4.0,4.0,4279.84
1539,CUST0517,2025-11-23,Sports,Resistance Bands,3478.55,1,East,Credit Card,16.0,3.0,4.0,3478.55
2331,CUST0604,2025-06-30,Fashion,Running Shoes,1217.81,1,West,UPI,38.0,4.0,4.0,1217.81
1256,CUST0141,2025-07-30,Sports,Yoga Mat,910.09,1,South,Net Banking,40.0,6.0,4.0,910.09
1452,CUST0217,2025-12-26,Home & Kitchen,Wall Clock,2521.15,1,North,Credit Card,46.0,2.0,5.0,2521.15
3767,CUST0829,2024-04-06,Fashion,Sunglasses,2512.04,3,central,Credit Card,23.0,3.0,,7536.12
2489,CUST0133,2025-01-01,Beauty,Lip Balm Set,2155.03,1,East,UPI,26.0,3.0,4.0,2155.03
2745,CUST0722,2025-06-25,Fashion,Sunglasses,5243.01,1,South,UPI,37.0,3.0,4.0,5243.01
3353,CUST0652,2025-11-28,Home & Kitchen,Non-stick Pan,3541.75,1,South,UPI,22.0,3.0,4.0,3541.75
2877,CUST0702,2024-05-11,Electronics,Power Bank,3575.0,3,East,UPI,43.0,2.0,5.0,10725.0
3421,CUST0456,2025-09-18,Home & Kitchen,LED Desk Lamp,5973.36,3,Central,Credit Card,32.0,4.0,5.0,17920.08
3494,CUST0397,2025-08-12,Home & Kitchen,Storage Boxes,5836.14,1,west,Debit Card,16.0,3.0,3.0,5836.14
3638,CUST0079,2025-08-24,Electronics,Power Bank,1966.03,1,East,CASH ON DELIVERY,26.0,3.0,5.0,1966.03
3880,CUST0060,2024-01-12,Fashion,Denim Jacket,3055.5,1,North,Net Banking,16.0,7.0,3.0,3055.5
1949,CUST0653,2025-11-10,Home & Kitchen,LED Desk Lamp,1464.27,2,South,UPI,24.0,6.0,2.0,2928.54
1511,CUST0522,2024-06-29,Electronics,Phone Case,2093.21,2,East,UPI,37.0,4.0,2.0,4186.42
2394,CUST0842,2025-01-14,Electronics,Power Bank,2993.36,1,east,Debit Card,23.0,2.0,5.0,2993.36
2509,CUST0868,2024-07-20,Home & Kitchen,Coffee Maker,2056.14,2,,UPI,,,,4112.28
3194,CUST0668,2025-02-28,Fashion,Leather Wallet,4478.47,2,North,UPI,37.0,7.0,4.0,8956.94
3265,CUST0504,2025-11-27,Fashion,Leather Wallet,2299.22,2,Central,Cash on Delivery,20.0,3.0,5.0,4598.44
2332,CUST0676,2024-07-23,Home & Kitchen,Coffee Maker,5998.07,1,Central,UPI,42.0,3.0,4.0,5998.07
2310,CUST0307,2024-03-16,Fashion,Denim Jacket,5040.64,1,North,Debit Card,27.0,7.0,3.0,5040.64
3799,CUST0702,2024-03-16,Home & Kitchen,Wall Clock,4430.06,2,South,UPI,30.0,4.0,4.0,8860.12
2876,CUST0658,2025-06-18,Home & Kitchen,Storage Boxes,1794.74,5,Central,Credit Card,45.0,1.0,5.0,8973.7
3634,CUST0271,2024-10-31,Beauty,Hair Dryer,399.49,1,South,Cash on Delivery,39.0,4.0,4.0,399.49
3439,CUST0751,2025-06-21,Home & Kitchen,Non-stick Pan,5077.81,1,East,CASH ON DELIVERY,32.0,10.0,4.0,5077.81
3177,CUST0606,2024-02-26,Sports,Resistance Bands,4661.73,2,West,UPI,45.0,3.0,3.0,9323.46
2894,CUST0581,2024-10-17,Sports,Dumbbell Set,279.99,1,West,Net Banking,36.0,6.0,2.0,279.99
3480,CUST0723,2024-11-09,Electronics,Phone Case,5685.77,1,South,Credit Card,35.0,4.0,5.0,5685.77
3394,CUST0890,2024-12-28,Electronics,Smartwatch,580.92,1,Central,Credit Card,35.0,4.0,5.0,580.92
1622,CUST0195,2024-04-30,Electronics,Smartwatch,2255.96,1,North,Cash on Delivery,42.0,3.0,4.0,2255.96
2511,CUST0519,2024-04-20,Home & Kitchen,Coffee Maker,3293.76,1,East,Credit Card,41.0,1.0,4.0,3293.76
3146,CUST0712,2024-05-18,Home & Kitchen,Non-stick Pan,1708.41,2,west,UPI,32.0,4.0,,3416.82
2672,CUST0890,2025-04-27,Electronics,Bluetooth Speaker,1992.4,1,West,Credit Card,31.0,1.0,3.0,1992.4
2701,CUST0527,2025-10-09,Sports,Dumbbell Set,5834.16,1,Central,DEBIT CARD,44.0,3.0,3.0,5834.16
2852,CUST0559,2024-03-08,Beauty,Makeup Kit,5513.09,1,Central,Net Banking,43.0,5.0,4.0,5513.09
2201,CUST0270,2025-06-03,Electronics,Smartwatch,1872.61,1,North,Cash on Delivery,30.0,2.0,4.0,1872.61
3689,CUST0752,2024-12-30,Electronics,Power Bank,2865.55,2,North,Debit Card,34.0,4.0,,5731.1
1664,CUST0042,2025-12-06,Sports,Dumbbell Set,985.65,2,central,Debit Card,30.0,5.0,5.0,1971.3
1775,CUST0732,2025-01-02,Electronics,Bluetooth Speaker,2536.11,1,West,Credit Card,29.0,2.0,1.0,2536.11
1574,CUST0810,2025-01-31,Electronics,Smartwatch,351.26,1,West,Credit Card,27.0,6.0,4.0,351.26
2915,CUST0571,2024-04-03,Fashion,Running Shoes,1189.36,2,East,UPI,41.0,2.0,3.0,2378.72
3332,CUST0314,2024-06-30,Home & Kitchen,Coffee Maker,1594.86,2,South,UPI,17.0,3.0,4.0,3189.72
3453,CUST0257,2025-06-03,Home & Kitchen,Storage Boxes,2837.47,2,East,Credit Card,17.0,4.0,4.0,5674.94
3618,CUST0164,2024-08-20,Beauty,Hair Dryer,2386.2,1,West,Cash on Delivery,34.0,4.0,4.0,2386.2
2903,CUST0027,2024-10-29,Home & Kitchen,Non-stick Pan,193252.5,1,South,UPI,35.0,4.0,5.0,3865.05
2122,CUST0594,2025-03-19,Home & Kitchen,Storage Boxes,894.82,2,South,Net Banking,29.0,7.0,4.0,1789.64
3012,CUST0448,2024-07-24,Electronics,Bluetooth Speaker,1770.24,1,East,Credit Card,27.0,2.0,4.0,1770.24
3527,CUST0517,2025-10-19,Fashion,Leather Wallet,3680.48,1,West,Net Banking,26.0,1.0,3.0,3680.48
2982,CUST0494,2025-01-21,Home & Kitchen,Wall Clock,3035.96,1,East,UPI,48.0,3.0,5.0,3035.96
1140,CUST0217,2025-11-21,Electronics,Wireless Earbuds,393.2,1,East,UPI,25.0,10.0,5.0,393.2
3028,CUST0508,2025-03-31,Electronics,Wireless Earbuds,5629.81,1,,Debit Card,,,,5629.81
1283,CUST0421,2024-04-18,Fashion,Leather Wallet,3608.11,1,,UPI,,,,3608.11
1259,CUST0892,2024-04-10,Home & Kitchen,LED Desk Lamp,3066.64,1,East,Credit Card,31.0,2.0,5.0,3066.64
1617,CUST0865,2024-08-08,Electronics,Phone Case,5654.15,1,Central,Debit Card,26.0,5.0,5.0,5654.15
2798,CUST0151,2025-02-16,Fashion,Denim Jacket,4677.79,2,west,Debit Card,44.0,2.0,3.0,9355.58
3102,CUST0141,2025-03-07,Beauty,Hair Dryer,707.28,1,East,UPI,22.0,7.0,4.0,707.28
3111,CUST0557,2024-10-21,Electronics,Phone Case,790.61,2,Central,UPI,41.0,4.0,4.0,1581.22
1726,CUST0868,2024-05-26,Home & Kitchen,LED Desk Lamp,5911.84,3,West,Credit Card,41.0,2.0,,17735.52
2637,CUST0753,2025-10-12,Electronics,Wireless Earbuds,4426.13,2,South,UPI,32.0,4.0,,8852.26
3181,CUST0342,2024-09-10,Home & Kitchen,LED Desk Lamp,2200.35,1,South,UPI,41.0,2.0,4.0,2200.35
1678,CUST0105,2025-02-19,Fashion,Sunglasses,2140.3,2,South,UPI,23.0,3.0,3.0,4280.6
2990,CUST0237,2024-09-08,Sports,Football,2833.99,1,East,Debit Card,17.0,2.0,4.0,2833.99
2153,CUST0185,2025-01-14,Home & Kitchen,Non-stick Pan,2228.74,1,North,Debit Card,36.0,1.0,4.0,2228.74
2882,CUST0573,2024-08-24,Home & Kitchen,LED Desk Lamp,4369.14,1,south,Credit Card,29.0,2.0,5.0,4369.14
1056,CUST0798,2025-07-31,Electronics,Power Bank,4859.51,2,South,Credit Card,42.0,4.0,5.0,9719.02
2991,CUST0274,2025-01-13,Fashion,Leather Wallet,2807.47,2,North,CASH ON DELIVERY,42.0,10.0,2.0,5614.94
3747,CUST0264,2025-02-06,Electronics,Smartwatch,2458.71,1,south,NET BANKING,23.0,2.0,1.0,2458.71
2412,CUST0065,2025-10-24,Electronics,Smartwatch,223.96,1,East,UPI,49.0,1.0,5.0,223.96
3219,CUST0639,2024-02-20,Home & Kitchen,Non-stick Pan,1976.87,1,Central,NET BANKING,48.0,2.0,5.0,1976.87
2289,CUST0026,2024-09-16,Fashion,Cotton T-Shirt,2652.0,1,South,Debit Card,48.0,2.0,4.0,2652.0
1167,CUST0846,2025-01-26,Home & Kitchen,LED Desk Lamp,2947.67,1,West,UPI,31.0,5.0,3.0,2947.67
3868,CUST0476,2024-12-10,Fashion,Sunglasses,5773.03,1,Central,Credit Card,24.0,3.0,5.0,5773.03
1873,CUST0254,2024-06-17,Fashion,Sunglasses,3504.97,2,East,Credit Card,36.0,1.0,5.0,7009.94
2362,CUST0374,2025-10-26,Electronics,Phone Case,3828.83,2,South,UPI,25.0,6.0,5.0,7657.66
1888,CUST0719,2024-06-16,Sports,Resistance Bands,781.36,3,Central,Debit Card,36.0,6.0,4.0,2344.08
1889,CUST0385,2025-05-10,Home & Kitchen,Non-stick Pan,1911.78,1,North,Debit Card,56.0,2.0,4.0,1911.78
3365,CUST0839,2025-11-23,Fashion,Denim Jacket,4237.85,2,Central,UPI,37.0,2.0,,8475.7
3412,CUST0157,2025-03-12,Sports,Yoga Mat,268.35,2,central,UPI,28.0,6.0,4.0,536.7
2820,CUST0698,2025-01-16,Home & Kitchen,Wall Clock,4546.55,1,,Credit Card,,,,4546.55
3444,CUST0581,2024-09-27,Electronics,Wireless Earbuds,405.0,1,West,Credit Card,35.0,2.0,5.0,405.0
1499,CUST0294,2024-05-08,Sports,Yoga Mat,4389.47,2,North,Debit Card,28.0,6.0,2.0,8778.94
1715,CUST0516,2024-08-04,Home & Kitchen,LED Desk Lamp,2689.19,2,South,UPI,16.0,1.0,5.0,5378.38
3721,CUST0318,2024-12-01,Electronics,Wireless Earbuds,1412.48,1,central,Cash on Delivery,39.0,4.0,4.0,1412.48
2057,CUST0706,2025-04-09,Electronics,Wireless Earbuds,758.47,1,west,UPI,36.0,3.0,5.0,758.47
3734,CUST0254,2024-12-19,Home & Kitchen,Wall Clock,2574.28,1,North,UPI,27.0,3.0,3.0,2574.28
1365,CUST0472,2024-07-04,Fashion,Running Shoes,1777.06,1,North,Cash on Delivery,39.0,1.0,5.0,1777.06
3080,CUST0552,2025-12-26,Fashion,Cotton T-Shirt,3873.15,1,Central,UPI,33.0,3.0,5.0,3873.15
3305,CUST0666,2025-02-23,Electronics,Wireless Earbuds,4188.04,2,south,Credit Card,36.0,7.0,4.0,8376.08
2728,CUST0216,2024-07-03,Electronics,Bluetooth Speaker,3715.93,1,North,UPI,16.0,3.0,5.0,3715.93
3908,CUST0597,2024-07-17,Home & Kitchen,Wall Clock,3799.36,1,South,Credit Card,21.0,1.0,4.0,3799.36
1686,CUST0246,2025-09-28,Fashion,Running Shoes,4943.48,1,East,CREDIT CARD,27.0,3.0,5.0,4943.48
1801,CUST0597,2025-04-09,Beauty,Sunscreen SPF50,2973.96,1,South,Cash on Delivery,24.0,5.0,4.0,2973.96
1618,CUST0800,2024-05-06,Beauty,Hair Dryer,4987.18,1,North,CREDIT CARD,49.0,5.0,5.0,4987.18
2996,CUST0444,2025-11-14,Electronics,Bluetooth Speaker,4702.96,1,West,Cash on Delivery,41.0,2.0,4.0,4702.96
1601,CUST0860,2024-01-25,Electronics,Smartwatch,2030.97,1,East,UPI,16.0,1.0,5.0,2030.97
1124,CUST0678,2025-07-11,Sports,Dumbbell Set,2853.27,1,West,Credit Card,21.0,4.0,5.0,2853.27
2598,CUST0637,2025-04-24,Sports,Yoga Mat,5965.26,1,North,UPI,,4.0,,5965.26
1335,CUST0699,2024-10-25,Beauty,Hair Dryer,5611.39,2,East,UPI,54.0,3.0,4.0,11222.78
3270,CUST0118,2025-01-31,Beauty,Hair Dryer,1406.08,2,East,Debit Card,22.0,5.0,3.0,2812.16
1305,CUST0785,2025-05-21,Fashion,Running Shoes,643.16,2,East,Credit Card,34.0,3.0,4.0,1286.32
3402,CUST0590,2024-12-02,Fashion,Denim Jacket,3412.78,1,South,Credit Card,30.0,3.0,5.0,3412.78
1981,CUST0015,2025-07-22,Fashion,Running Shoes,151.41,1,North,Credit Card,23.0,7.0,3.0,151.41
2689,CUST0610,2025-07-07,Home & Kitchen,Coffee Maker,3842.94,1,east,UPI,23.0,4.0,4.0,3842.94
3664,CUST0885,2024-03-21,Electronics,Phone Case,3544.01,1,West,UPI,29.0,3.0,4.0,3544.01
3195,CUST0143,2024-11-12,Home & Kitchen,Coffee Maker,5200.33,1,Central,UPI,22.0,3.0,4.0,5200.33
1919,CUST0384,2024-11-21,Sports,Resistance Bands,4838.29,3,Central,UPI,29.0,3.0,5.0,14514.87
2080,CUST0106,2025-10-31,Fashion,Denim Jacket,4119.41,1,South,Net Banking,19.0,3.0,4.0,4119.41
2009,CUST0112,2025-07-08,Electronics,Power Bank,4500.23,5,West,Net Banking,21.0,4.0,4.0,22501.15
1582,CUST0432,2024-02-20,Sports,Dumbbell Set,5605.72,1,East,Debit Card,38.0,3.0,1.0,5605.72
2893,CUST0355,2025-03-31,Home & Kitchen,Non-stick Pan,3215.93,1,South,UPI,38.0,4.0,4.0,3215.93
2617,CUST0202,2025-04-18,Sports,Dumbbell Set,3659.23,1,West,Credit Card,41.0,2.0,2.0,3659.23
2275,CUST0076,2024-04-29,Electronics,Bluetooth Speaker,5465.37,1,West,Credit Card,33.0,4.0,5.0,5465.37
2285,CUST0746,2025-02-19,Sports,Dumbbell Set,3496.64,1,East,Cash on Delivery,37.0,2.0,4.0,3496.64
2195,CUST0819,2024-07-15,Home & Kitchen,Coffee Maker,1186.67,2,north,UPI,39.0,3.0,4.0,2373.34
1829,CUST0391,2025-11-06,Beauty,Lip Balm Set,3599.91,1,Central,UPI,38.0,4.0,4.0,3599.91
1992,CUST0621,2025-08-21,Electronics,Wireless Earbuds,3539.37,1,East,Net Banking,31.0,2.0,4.0,3539.37
2198,CUST0578,2024-12-28,Fashion,Leather Wallet,5936.09,1,West,UPI,38.0,3.0,5.0,5936.09
2196,CUST0263,2024-10-18,Home & Kitchen,LED Desk Lamp,5120.6,1,West,UPI,43.0,7.0,5.0,5120.6
2825,CUST0740,2024-03-11,Home & Kitchen,Storage Boxes,2330.16,2,Central,Debit Card,47.0,5.0,4.0,4660.32
2862,CUST0263,2025-08-11,Electronics,Phone Case,5470.57,1,South,UPI,32.0,10.0,4.0,5470.57
2351,CUST0562,2024-07-04,Sports,Dumbbell Set,3790.53,1,South,UPI,31.0,4.0,2.0,3790.53
2528,CUST0831,2024-09-05,Electronics,Bluetooth Speaker,702.63,1,West,UPI,25.0,1.0,3.0,702.63
2559,CUST0537,2024-10-11,Electronics,Phone Case,3772.08,2,West,Net Banking,36.0,1.0,5.0,7544.16
3392,CUST0800,2024-06-19,Sports,Yoga Mat,4225.5,2,North,UPI,31.0,4.0,4.0,8451.0
3228,CUST0869,2025-05-24,Beauty,Hair Dryer,637.59,1,East,Credit Card,31.0,2.0,5.0,637.59
1410,CUST0129,2024-02-23,Fashion,Sunglasses,5260.67,5,South,CREDIT CARD,26.0,4.0,5.0,26303.35
1676,CUST0128,2025-05-23,Fashion,Running Shoes,3674.28,1,North,Cash on Delivery,20.0,3.0,5.0,3674.28
1298,CUST0392,2024-05-07,Home & Kitchen,Coffee Maker,4543.0,1,,Cash on Delivery,,,,4543.0
1926,CUST0168,2024-02-29,Electronics,Phone Case,3105.21,1,West,Net Banking,34.0,5.0,5.0,3105.21
1023,CUST0776,2025-02-04,Home & Kitchen,Coffee Maker,1952.16,1,Central,CREDIT CARD,52.0,2.0,4.0,1952.16
3054,CUST0454,2024-04-11,Fashion,Cotton T-Shirt,5613.31,1,South,Credit Card,32.0,4.0,5.0,5613.31
3183,CUST0472,2025-02-10,Electronics,Smartwatch,1997.24,2,central,Cash on Delivery,34.0,3.0,5.0,3994.48
1729,CUST0494,2025-07-26,Electronics,Bluetooth Speaker,3432.73,1,Central,UPI,26.0,10.0,4.0,3432.73
2622,CUST0493,2024-09-13,Home & Kitchen,Coffee Maker,3642.22,1,West,Credit Card,24.0,4.0,5.0,3642.22
2347,CUST0060,2025-12-24,Sports,Football,3527.27,2,east,Credit Card,24.0,4.0,3.0,7054.54
2308,CUST0302,2024-10-16,Electronics,Bluetooth Speaker,5605.1,1,North,UPI,35.0,4.0,5.0,5605.1
1894,CUST0053,2025-07-19,Home & Kitchen,LED Desk Lamp,1992.8,1,East,Cash on Delivery,28.0,7.0,5.0,1992.8
1672,CUST0215,2025-07-13,Electronics,Phone Case,2941.31,1,north,Credit Card,46.0,2.0,5.0,2941.31
2673,CUST0207,2025-02-21,Electronics,Power Bank,3163.56,2,East,Debit Card,31.0,3.0,,6327.12
2200,CUST0135,2024-05-10,Electronics,Wireless Earbuds,3943.71,1,North,Credit Card,34.0,1.0,3.0,3943.71
1182,CUST0661,2024-05-01,Fashion,Cotton T-Shirt,4923.29,2,South,Debit Card,40.0,5.0,5.0,9846.58
2750,CUST0053,2024-07-07,Electronics,Power Bank,5595.4,1,Central,UPI,25.0,2.0,4.0,5595.4
3925,CUST0329,2025-10-09,Home & Kitchen,LED Desk Lamp,3196.04,1,West,CREDIT CARD,44.0,3.0,4.0,3196.04
1294,CUST0095,2024-08-27,Beauty,Makeup Kit,4830.02,1,South,Net Banking,58.0,3.0,3.0,4830.02
1202,CUST0068,2025-09-02,Beauty,Sunscreen SPF50,453.95,2,West,Credit Card,50.0,2.0,4.0,907.9
3119,CUST0362,2024-07-13,Electronics,Smartwatch,3868.42,1,North,Net Banking,39.0,4.0,5.0,3868.42
1127,CUST0194,2025-10-21,Electronics,Phone Case,2174.2,2,,CREDIT CARD,,,,4348.4
1532,CUST0450,2024-12-16,Fashion,Cotton T-Shirt,3022.47,1,West,Credit Card,25.0,2.0,4.0,3022.47
2432,CUST0553,2024-01-08,Electronics,Wireless Earbuds,5454.1,3,North,Net Banking,33.0,1.0,5.0,16362.3
1200,CUST0494,2025-08-15,Home & Kitchen,Non-stick Pan,5886.02,1,North,Credit Card,42.0,3.0,4.0,5886.02
2498,CUST0066,2024-08-26,Electronics,Power Bank,3441.22,1,West,UPI,32.0,2.0,4.0,3441.22
3085,CUST0083,2025-03-12,Electronics,Wireless Earbuds,2624.0,2,South,Net Banking,39.0,3.0,4.0,5248.0
2956,CUST0372,2025-10-12,Fashion,Leather Wallet,5628.93,1,East,UPI,20.0,3.0,4.0,5628.93
1693,CUST0365,2025-12-19,Beauty,Makeup Kit,384.4,5,west,Debit Card,22.0,4.0,4.0,1922.0
1935,CUST0548,2024-04-29,Fashion,Running Shoes,5177.69,1,South,DEBIT CARD,40.0,4.0,4.0,5177.69
1687,CUST0587,2024-11-27,Fashion,Running Shoes,3906.34,1,North,Credit Card,44.0,3.0,3.0,3906.34
1818,CUST0092,2025-12-16,Beauty,Makeup Kit,5434.31,1,West,Debit Card,22.0,6.0,4.0,5434.31
1217,CUST0089,2025-09-27,Electronics,Wireless Earbuds,5001.96,1,North,CREDIT CARD,35.0,1.0,4.0,5001.96
3813,CUST0657,2024-08-09,Electronics,Power Bank,2721.86,1,north,Debit Card,25.0,3.0,3.0,2721.86
2278,CUST0381,2024-06-26,Beauty,Hair Dryer,582.14,1,West,UPI,31.0,3.0,5.0,582.14
1153,CUST0167,2025-01-12,Electronics,Bluetooth Speaker,2260.52,2,east,Net Banking,34.0,2.0,4.0,4521.04
3411,CUST0228,2025-01-28,Beauty,Makeup Kit,3533.92,1,North,UPI,36.0,3.0,4.0,3533.92
2842,CUST0350,2024-05-13,Home & Kitchen,Non-stick Pan,855.07,2,Central,UPI,34.0,3.0,5.0,1710.14
3103,CUST0509,2024-10-14,Beauty,Lip Balm Set,1792.07,1,Central,Net Banking,25.0,5.0,2.0,1792.07
1966,CUST0355,2025-10-13,Electronics,Wireless Earbuds,3993.83,2,Central,Cash on Delivery,24.0,3.0,5.0,7987.66
1479,CUST0682,2025-06-01,Fashion,Leather Wallet,2232.35,1,South,Cash on Delivery,43.0,3.0,3.0,2232.35
2283,CUST0180,2025-12-23,Fashion,Denim Jacket,3142.2,1,North,UPI,29.0,6.0,5.0,3142.2
2605,CUST0677,2025-04-01,Beauty,Lip Balm Set,3854.96,1,Central,UPI,41.0,3.0,4.0,3854.96
3964,CUST0679,2024-02-21,Electronics,Smartwatch,1923.73,1,South,CREDIT CARD,24.0,6.0,,1923.73
2667,CUST0764,2025-09-06,Home & Kitchen,Storage Boxes,4902.87,2,South,UPI,41.0,3.0,5.0,9805.74
3834,CUST0799,2025-06-07,Electronics,Wireless Earbuds,4023.22,1,North,Credit Card,33.0,3.0,5.0,4023.22
2151,CUST0079,2025-12-28,Sports,Cricket Bat,291.44,1,East,Credit Card,49.0,2.0,4.0,291.44
1813,CUST0626,2025-08-27,Fashion,Cotton T-Shirt,799.55,1,East,Debit Card,35.0,2.0,2.0,799.55
3709,CUST0889,2025-05-29,Beauty,Face Serum,4280.98,2,Central,Credit Card,51.0,2.0,5.0,8561.96
2555,CUST0133,2025-11-30,Beauty,Face Serum,1710.8,1,East,Debit Card,36.0,1.0,3.0,1710.8
1251,CUST0233,2024-10-16,Fashion,Leather Wallet,1793.88,2,Central,NET BANKING,30.0,6.0,4.0,3587.76
1844,CUST0561,2025-10-16,Fashion,Leather Wallet,2335.85,1,Central,Credit Card,43.0,1.0,5.0,2335.85
3393,CUST0656,2025-06-22,Electronics,Power Bank,4042.53,1,west,Net Banking,27.0,10.0,5.0,4042.53
2265,CUST0114,2024-04-06,Home & Kitchen,Coffee Maker,489.57,1,Central,UPI,27.0,3.0,4.0,489.57
2009,CUST0112,2025-07-08,Electronics,Power Bank,4500.23,5,West,Net Banking,21.0,4.0,4.0,22501.15
1328,CUST0727,2025-06-24,Home & Kitchen,Storage Boxes,2411.73,1,South,Cash on Delivery,48.0,3.0,4.0,2411.73
1968,CUST0027,2025-03-03,Electronics,Power Bank,391.31,1,North,UPI,49.0,1.0,3.0,391.31
1950,CUST0679,2025-09-21,Sports,Football,406.84,1,East,UPI,36.0,5.0,5.0,406.84
3326,CUST0072,2024-01-20,Electronics,Phone Case,3893.68,1,south,Net Banking,25.0,3.0,5.0,3893.68
1973,CUST0833,2024-01-16,Fashion,Leather Wallet,2281.66,1,West,UPI,39.0,4.0,5.0,2281.66
2897,CUST0871,2024-05-11,Fashion,Cotton T-Shirt,5732.17,1,Central,Debit Card,39.0,6.0,5.0,5732.17
1188,CUST0772,2024-01-20,Fashion,Leather Wallet,4715.34,1,Central,UPI,39.0,2.0,5.0,4715.34
1247,CUST0549,2024-07-22,Home & Kitchen,Wall Clock,4855.96,1,North,UPI,40.0,2.0,1.0,4855.96
3093,CUST0563,2024-11-03,Beauty,Face Serum,3447.72,1,Central,UPI,21.0,2.0,4.0,3447.72
3508,CUST0419,2025-05-31,Home & Kitchen,Wall Clock,2468.53,1,Central,Credit Card,33.0,4.0,4.0,2468.53
3918,CUST0111,2025-03-05,Fashion,Sunglasses,4951.51,1,Central,Net Banking,49.0,5.0,4.0,4951.51
3090,CUST0016,2025-10-19,Fashion,Denim Jacket,4687.41,1,Central,Cash on Delivery,20.0,2.0,4.0,4687.41
3324,CUST0627,2024-07-15,Electronics,Power Bank,3577.54,1,east,Debit Card,40.0,4.0,5.0,3577.54
2327,CUST0441,2025-12-16,Beauty,Makeup Kit,4423.61,1,South,UPI,24.0,5.0,3.0,4423.61
1284,CUST0433,2024-02-09,Fashion,Running Shoes,428.7,2,West,UPI,28.0,5.0,4.0,857.4
3385,CUST0826,2024-08-25,Home & Kitchen,Coffee Maker,3710.84,1,East,UPI,43.0,4.0,3.0,3710.84
1158,CUST0259,2025-03-03,Electronics,Power Bank,1517.22,1,west,UPI,22.0,6.0,5.0,1517.22
3301,CUST0052,2024-08-16,Electronics,Wireless Earbuds,5086.53,2,South,UPI,,1.0,,10173.06
2506,CUST0214,2024-02-13,Beauty,Face Serum,1059.75,1,South,Credit Card,30.0,4.0,5.0,1059.75
1904,CUST0124,2025-07-07,Electronics,Bluetooth Speaker,4937.14,1,Central,UPI,48.0,3.0,5.0,4937.14
2346,CUST0533,2025-10-08,Beauty,Sunscreen SPF50,2536.42,1,North,UPI,23.0,1.0,5.0,2536.42
2270,CUST0849,2024-04-22,Electronics,Phone Case,3235.96,1,East,UPI,28.0,2.0,5.0,3235.96
3399,CUST0834,2024-02-04,Home & Kitchen,Storage Boxes,5708.81,1,west,UPI,16.0,3.0,5.0,5708.81
1976,CUST0549,2025-05-19,Fashion,Sunglasses,3201.36,3,North,Debit Card,40.0,5.0,5.0,9604.08
3164,CUST0175,2024-09-23,Fashion,Cotton T-Shirt,3137.25,1,Central,Cash on Delivery,21.0,5.0,4.0,3137.25
2646,CUST0379,2025-01-28,Home & Kitchen,LED Desk Lamp,4352.41,1,North,Debit Card,35.0,4.0,4.0,4352.41
2680,CUST0254,2024-06-17,Home & Kitchen,LED Desk Lamp,1907.4,2,West,Credit Card,53.0,3.0,3.0,3814.8
3172,CUST0066,2025-09-20,Electronics,Bluetooth Speaker,4706.41,1,Central,NET BANKING,43.0,5.0,1.0,4706.41
1123,CUST0693,2025-03-05,Home & Kitchen,Storage Boxes,1341.65,1,central,UPI,30.0,3.0,1.0,1341.65
2073,CUST0278,2024-07-07,Electronics,Bluetooth Speaker,2343.54,1,west,Net Banking,25.0,4.0,5.0,2343.54
2535,CUST0044,2024-08-19,Beauty,Sunscreen SPF50,1136.2,1,Central,Cash on Delivery,45.0,3.0,4.0,1136.2
2305,CUST0138,2024-10-01,Beauty,Sunscreen SPF50,3824.29,2,North,Debit Card,32.0,4.0,3.0,7648.58
3445,CUST0218,2025-05-15,Electronics,Wireless Earbuds,1558.68,1,Central,UPI,39.0,4.0,2.0,1558.68
3540,CUST0778,2025-07-16,Home & Kitchen,LED Desk Lamp,5545.17,1,South,Cash on Delivery,32.0,10.0,5.0,5545.17
1418,CUST0618,2024-12-13,Electronics,Smartwatch,5986.83,1,North,Credit Card,41.0,3.0,4.0,5986.83
3503,CUST0764,2025-07-05,Electronics,Power Bank,4514.58,1,East,Credit Card,31.0,3.0,5.0,4514.58
1870,CUST0172,2024-01-14,Home & Kitchen,Storage Boxes,4641.99,1,East,UPI,32.0,2.0,3.0,4641.99
3454,CUST0383,2025-12-10,Fashion,Leather Wallet,4150.63,1,South,Net Banking,16.0,3.0,4.0,4150.63
2031,CUST0350,2024-02-05,Fashion,Leather Wallet,3389.97,1,East,Debit Card,35.0,3.0,4.0,3389.97
3973,CUST0075,2024-08-14,Electronics,Power Bank,443.89,2,Central,Debit Card,28.0,2.0,2.0,887.78
3188,CUST0802,2025-01-23,Fashion,Leather Wallet,1719.06,1,South,Debit Card,17.0,1.0,4.0,1719.06
1757,CUST0232,2024-06-02,Home & Kitchen,Storage Boxes,5615.48,1,West,Debit Card,22.0,7.0,3.0,5615.48
2702,CUST0030,2025-06-08,Electronics,Smartwatch,1412.5,1,North,UPI,34.0,5.0,5.0,1412.5
2543,CUST0810,2024-12-13,Beauty,Sunscreen SPF50,3065.47,1,West,UPI,19.0,6.0,4.0,3065.47
2157,CUST0868,2025-03-30,Electronics,Wireless Earbuds,773.72,1,North,Credit Card,35.0,7.0,5.0,773.72
2109,CUST0778,2024-11-01,Fashion,Sunglasses,746.31,1,Central,Debit Card,22.0,2.0,5.0,746.31
1068,CUST0300,2025-08-28,Sports,Yoga Mat,1149.69,1,South,UPI,24.0,7.0,4.0,1149.69
3271,CUST0137,2024-12-21,Fashion,Running Shoes,2608.38,2,North,Credit Card,24.0,4.0,4.0,5216.76
1333,CUST0699,2024-12-05,Beauty,Hair Dryer,2304.83,1,north,NET BANKING,35.0,1.0,5.0,2304.83
2593,CUST0004,2024-04-05,Fashion,Sunglasses,2750.38,1,Central,UPI,36.0,2.0,3.0,2750.38
1337,CUST0074,2025-03-17,Electronics,Smartwatch,3445.86,1,east,Credit Card,34.0,4.0,5.0,3445.86
1913,CUST0637,2025-10-28,Electronics,Phone Case,4186.29,1,South,Credit Card,41.0,4.0,4.0,4186.29
2576,CUST0165,2024-08-01,Electronics,Bluetooth Speaker,5320.68,1,South,Net Banking,47.0,7.0,4.0,5320.68
2537,CUST0334,2024-06-14,Electronics,Power Bank,5262.36,1,East,Debit Card,30.0,2.0,4.0,5262.36
3161,CUST0788,2024-06-25,Electronics,Smartwatch,2702.66,1,South,Cash on Delivery,38.0,2.0,,2702.66
1473,CUST0586,2024-06-27,Electronics,Wireless Earbuds,2937.68,2,west,NET BANKING,30.0,3.0,3.0,5875.36
1902,CUST0360,2025-10-11,Beauty,Hair Dryer,4693.15,1,Central,Credit Card,36.0,4.0,4.0,4693.15
2407,CUST0200,2025-05-26,Sports,Cricket Bat,1022.89,2,West,UPI,31.0,2.0,,2045.78
1866,CUST0524,2025-11-07,Beauty,Face Serum,894.01,1,East,Credit Card,27.0,2.0,4.0,894.01
2536,CUST0471,2025-04-26,Electronics,Phone Case,4818.57,1,West,UPI,28.0,2.0,4.0,4818.57
1885,CUST0861,2024-05-04,Sports,Yoga Mat,4851.27,1,North,Credit Card,29.0,3.0,5.0,4851.27
1478,CUST0617,2025-06-29,Home & Kitchen,Wall Clock,2784.15,1,South,Cash on Delivery,43.0,4.0,5.0,2784.15
2330,CUST0660,2025-02-26,Beauty,Hair Dryer,3039.26,1,East,UPI,38.0,1.0,5.0,3039.26
2567,CUST0017,2024-10-08,Sports,Football,2217.38,1,West,Net Banking,33.0,3.0,4.0,2217.38
2343,CUST0392,2024-01-23,Electronics,Smartwatch,5467.0,2,Central,UPI,40.0,3.0,2.0,10934.0
1742,CUST0833,2025-11-15,Beauty,Makeup Kit,282.03,1,West,Credit Card,22.0,4.0,5.0,282.03
3782,CUST0047,2024-09-17,Electronics,Power Bank,1400.16,2,South,UPI,32.0,2.0,5.0,2800.32
2341,CUST0358,2024-06-14,Electronics,Phone Case,5125.15,1,East,Cash on Delivery,54.0,5.0,4.0,5125.15
3635,CUST0616,2024-06-12,Electronics,Bluetooth Speaker,5338.03,1,South,UPI,16.0,4.0,2.0,5338.03
1133,CUST0774,2024-01-24,Sports,Dumbbell Set,2639.14,1,South,Credit Card,17.0,4.0,4.0,2639.14
3787,CUST0230,2025-12-24,Electronics,Phone Case,5684.49,1,North,UPI,41.0,6.0,4.0,5684.49
3191,CUST0554,2024-01-21,Fashion,Cotton T-Shirt,5440.04,1,east,UPI,29.0,2.0,2.0,5440.04
1982,CUST0001,2024-04-22,Fashion,Sunglasses,3688.9,1,west,Debit Card,51.0,3.0,3.0,3688.9
2234,CUST0565,2025-12-24,Beauty,Lip Balm Set,4243.28,1,North,DEBIT CARD,30.0,4.0,5.0,4243.28
3948,CUST0337,2025-06-01,Sports,Cricket Bat,2824.05,1,East,Credit Card,18.0,2.0,2.0,2824.05
2629,CUST0885,2024-01-29,Home & Kitchen,LED Desk Lamp,3955.33,1,West,Credit Card,31.0,3.0,4.0,3955.33
3597,CUST0121,2025-02-13,Beauty,Makeup Kit,3663.5,1,Central,Debit Card,34.0,3.0,4.0,3663.5
2757,CUST0049,2025-12-15,Home & Kitchen,LED Desk Lamp,4668.59,3,West,Cash on Delivery,19.0,4.0,4.0,14005.77
3481,CUST0536,2025-08-24,Electronics,Bluetooth Speaker,3844.54,5,East,Credit Card,30.0,2.0,3.0,19222.7
2150,CUST0897,2025-12-10,Fashion,Running Shoes,2019.94,1,Central,Net Banking,52.0,4.0,5.0,2019.94
3446,CUST0032,2025-08-08,Sports,Resistance Bands,2381.9,1,North,UPI,41.0,4.0,5.0,2381.9
3942,CUST0672,2025-10-01,Electronics,Power Bank,451.91,1,North,CREDIT CARD,33.0,4.0,5.0,451.91
3537,CUST0303,2025-02-15,Beauty,Hair Dryer,1892.9,2,south,UPI,33.0,2.0,4.0,3785.8
1257,CUST0725,2025-11-21,Fashion,Leather Wallet,672.34,1,South,UPI,16.0,4.0,5.0,672.34
1551,CUST0358,2024-02-16,Home & Kitchen,Storage Boxes,5361.37,1,South,Credit Card,24.0,4.0,5.0,5361.37
1634,CUST0054,2025-11-21,Home & Kitchen,Coffee Maker,1309.51,1,North,UPI,31.0,10.0,5.0,1309.51
1899,CUST0434,2024-06-15,Beauty,Lip Balm Set,4339.56,1,Central,UPI,25.0,5.0,3.0,4339.56
1290,CUST0407,2024-03-21,Beauty,Lip Balm Set,5607.61,2,East,Net Banking,30.0,4.0,5.0,11215.22
3418,CUST0026,2024-08-20,Fashion,Cotton T-Shirt,2514.08,1,West,UPI,25.0,1.0,5.0,2514.08
1778,CUST0502,2024-05-25,Beauty,Lip Balm Set,2002.12,1,East,Credit Card,16.0,2.0,4.0,2002.12
3452,CUST0621,2025-04-02,Sports,Cricket Bat,2879.64,1,West,Credit Card,45.0,6.0,4.0,2879.64
1054,CUST0551,2025-11-15,Electronics,Smartwatch,3696.12,1,West,UPI,34.0,4.0,5.0,3696.12
2808,CUST0039,2024-11-15,Home & Kitchen,Wall Clock,3080.44,1,East,Net Banking,38.0,3.0,4.0,3080.44
3174,CUST0506,2025-12-20,Home & Kitchen,LED Desk Lamp,4836.16,1,North,Credit Card,16.0,3.0,5.0,4836.16
1558,CUST0845,2025-09-19,Fashion,Sunglasses,5730.53,1,west,UPI,36.0,5.0,5.0,5730.53
3784,CUST0476,2025-05-11,Fashion,Denim Jacket,235.35,1,south,UPI,35.0,4.0,5.0,235.35
2986,CUST0538,2025-05-14,Home & Kitchen,Wall Clock,2086.21,1,West,Credit Card,50.0,1.0,4.0,2086.21
1041,CUST0885,2025-11-29,Fashion,Sunglasses,734.91,1,South,Debit Card,35.0,4.0,,734.91
3202,CUST0639,2025-09-15,Electronics,Power Bank,1795.57,2,West,Debit Card,30.0,3.0,5.0,3591.14
2173,CUST0647,2025-07-23,Sports,Cricket Bat,3802.89,2,West,UPI,49.0,6.0,4.0,7605.78
1262,CUST0053,2024-09-08,Home & Kitchen,Wall Clock,401.59,1,Central,UPI,26.0,5.0,5.0,401.59
3491,CUST0137,2024-09-16,Electronics,Wireless Earbuds,4097.99,1,Central,Cash on Delivery,38.0,1.0,3.0,4097.99
3792,CUST0342,2024-03-12,Beauty,Face Serum,5753.38,1,West,UPI,30.0,2.0,4.0,5753.38
1084,CUST0670,2024-11-22,Home & Kitchen,Non-stick Pan,3633.0,1,East,UPI,18.0,4.0,3.0,3633.0
3420,CUST0043,2025-05-13,Fashion,Denim Jacket,2365.26,2,Central,Net Banking,24.0,3.0,2.0,4730.52
3441,CUST0367,2024-07-12,Electronics,Wireless Earbuds,2671.44,1,North,Credit Card,27.0,7.0,4.0,2671.44
2084,CUST0587,2025-07-07,Sports,Resistance Bands,3408.84,2,West,Net Banking,24.0,3.0,4.0,6817.68
2890,CUST0280,2025-12-26,Electronics,Wireless Earbuds,3632.84,1,North,UPI,49.0,3.0,3.0,3632.84
3804,CUST0792,2025-05-18,Electronics,Wireless Earbuds,310.3,1,East,Cash on Delivery,42.0,5.0,3.0,310.3
3051,CUST0656,2025-11-26,Electronics,Power Bank,4981.08,1,west,UPI,51.0,3.0,2.0,4981.08
1031,CUST0346,2024-12-15,Home & Kitchen,Storage Boxes,3312.72,1,West,DEBIT CARD,16.0,5.0,4.0,3312.72
2538,CUST0824,2025-03-29,Fashion,Denim Jacket,2481.18,1,North,UPI,34.0,6.0,5.0,2481.18
1783,CUST0748,2024-01-29,Electronics,Power Bank,5989.6,2,North,Credit Card,32.0,4.0,3.0,11979.2
3437,CUST0509,2024-10-30,Electronics,Wireless Earbuds,4884.91,1,North,Cash on Delivery,40.0,6.0,3.0,4884.91
3758,CUST0851,2025-12-03,Beauty,Sunscreen SPF50,2610.45,1,,UPI,,,,2610.45
1209,CUST0377,2025-10-27,Home & Kitchen,Non-stick Pan,614.53,2,East,NET BANKING,35.0,5.0,4.0,1229.06
3848,CUST0360,2024-10-25,Home & Kitchen,LED Desk Lamp,826.52,1,West,UPI,23.0,2.0,4.0,826.52
2914,CUST0612,2025-09-30,Home & Kitchen,Storage Boxes,3949.89,1,South,Credit Card,30.0,4.0,4.0,3949.89
2607,CUST0587,2024-04-13,Sports,Resistance Bands,5459.69,2,south,Debit Card,38.0,4.0,5.0,10919.38
2021,CUST0049,2025-07-13,Fashion,Sunglasses,463.24,2,Central,Credit Card,16.0,2.0,5.0,926.48
3677,CUST0233,2025-08-05,Beauty,Hair Dryer,4535.19,1,North,UPI,16.0,3.0,5.0,4535.19
2404,CUST0111,2025-01-31,Sports,Resistance Bands,289.27,1,West,Net Banking,35.0,7.0,4.0,289.27
3066,CUST0108,2024-02-01,Electronics,Wireless Earbuds,4184.59,2,West,Debit Card,22.0,4.0,3.0,8369.18
1210,CUST0156,2025-04-01,Fashion,Leather Wallet,2243.12,1,South,UPI,29.0,5.0,4.0,2243.12
1154,CUST0631,2025-11-06,Home & Kitchen,LED Desk Lamp,1025.77,1,West,Net Banking,45.0,2.0,4.0,1025.77
3322,CUST0372,2025-12-04,Fashion,Denim Jacket,3273.95,2,West,Debit Card,24.0,3.0,5.0,6547.9
2591,CUST0625,2025-11-22,Beauty,Lip Balm Set,3114.26,1,South,Debit Card,29.0,6.0,4.0,3114.26
2148,CUST0599,2025-01-24,Electronics,Smartwatch,5154.74,2,South,Debit Card,29.0,5.0,4.0,10309.48
2968,CUST0365,2025-02-14,Electronics,Bluetooth Speaker,3515.98,3,West,Credit Card,37.0,5.0,,10547.94
2634,CUST0133,2024-02-11,Home & Kitchen,Wall Clock,469.54,1,north,UPI,18.0,1.0,3.0,469.54
1598,CUST0066,2024-01-21,Sports,Football,5798.28,1,East,Net Banking,29.0,2.0,4.0,5798.28
2932,CUST0594,2024-09-16,Fashion,Sunglasses,5100.32,1,South,UPI,30.0,5.0,3.0,5100.32
2657,CUST0619,2024-07-14,Fashion,Running Shoes,4305.96,1,North,UPI,36.0,3.0,4.0,4305.96
1681,CUST0276,2024-08-23,Home & Kitchen,Coffee Maker,456.23,1,Central,UPI,35.0,3.0,4.0,456.23
2566,CUST0524,2025-09-09,Fashion,Sunglasses,427.18,2,East,Net Banking,16.0,6.0,4.0,854.36
2329,CUST0044,2025-12-22,Fashion,Running Shoes,4524.31,2,South,Net Banking,24.0,6.0,4.0,9048.62
2519,CUST0289,2024-07-20,Beauty,Makeup Kit,3385.03,1,East,Debit Card,27.0,5.0,4.0,3385.03
3268,CUST0583,2025-01-22,Home & Kitchen,Wall Clock,4871.89,1,West,Net Banking,36.0,4.0,5.0,4871.89
1222,CUST0262,2025-08-01,Electronics,Phone Case,3965.51,3,north,UPI,43.0,4.0,5.0,11896.53
1226,CUST0019,2025-12-04,Sports,Resistance Bands,4258.21,5,North,Credit Card,38.0,2.0,4.0,21291.05
3862,CUST0712,2025-12-09,Sports,Football,1020.1,2,North,UPI,41.0,4.0,5.0,2040.2
3377,CUST0813,2025-01-04,Electronics,Bluetooth Speaker,1262.83,5,West,Credit Card,27.0,4.0,5.0,6314.15
2761,CUST0711,2025-04-10,Electronics,Phone Case,2437.6,1,West,Credit Card,46.0,6.0,5.0,2437.6
2361,CUST0241,2025-02-11,Sports,Dumbbell Set,2227.53,1,North,Net Banking,24.0,4.0,3.0,2227.53
3531,CUST0886,2025-10-22,Electronics,Smartwatch,2949.12,1,west,UPI,29.0,2.0,3.0,2949.12
3261,CUST0530,2024-09-13,Home & Kitchen,Non-stick Pan,5820.09,1,Central,Credit Card,27.0,6.0,5.0,5820.09
2493,CUST0770,2024-05-15,Beauty,Face Serum,5401.36,3,east,UPI,44.0,4.0,4.0,16204.08
3210,CUST0195,2025-05-29,Home & Kitchen,Non-stick Pan,4486.32,1,West,Net Banking,17.0,5.0,3.0,4486.32
3223,CUST0545,2024-05-15,Electronics,Smartwatch,2183.77,2,Central,Net Banking,38.0,3.0,3.0,4367.54
3010,CUST0302,2024-01-01,Home & Kitchen,Non-stick Pan,1002.38,1,Central,UPI,32.0,7.0,5.0,1002.38
1206,CUST0520,2025-01-21,Home & Kitchen,LED Desk Lamp,2274.14,2,West,UPI,,2.0,,4548.28
2028,CUST0885,2025-01-02,Fashion,Running Shoes,913.17,3,Central,Credit Card,26.0,6.0,5.0,2739.51
3728,CUST0818,2025-05-31,Fashion,Leather Wallet,4781.45,2,Central,UPI,29.0,3.0,4.0,9562.9
3099,CUST0811,2025-03-16,Electronics,Wireless Earbuds,1754.11,1,East,UPI,37.0,6.0,4.0,1754.11
2047,CUST0201,2024-02-21,Sports,Yoga Mat,3249.18,1,East,Debit Card,28.0,5.0,5.0,3249.18
1694,CUST0011,2025-12-02,Fashion,Leather Wallet,1700.06,1,West,Credit Card,28.0,3.0,5.0,1700.06
3381,CUST0455,2025-08-28,Electronics,Phone Case,1109.18,2,East,Credit Card,34.0,2.0,3.0,2218.36
3398,CUST0042,2024-10-13,Fashion,Cotton T-Shirt,3531.84,3,West,UPI,27.0,3.0,5.0,10595.52
2187,CUST0526,2024-02-17,Sports,Dumbbell Set,1382.48,1,East,Credit Card,44.0,6.0,5.0,1382.48
2370,CUST0214,2024-02-07,Fashion,Cotton T-Shirt,3235.99,1,East,Debit Card,37.0,2.0,5.0,3235.99
2908,CUST0240,2024-12-24,Sports,Yoga Mat,4932.56,1,East,Debit Card,32.0,2.0,4.0,4932.56
1017,CUST0346,2025-09-01,Electronics,Power Bank,3856.15,1,East,UPI,23.0,1.0,4.0,3856.15
3993,CUST0494,2025-10-26,Electronics,Bluetooth Speaker,3187.64,1,north,UPI,31.0,2.0,3.0,3187.64
2677,CUST0358,2025-10-12,Sports,Cricket Bat,3988.55,2,West,UPI,35.0,6.0,4.0,7977.1
2185,CUST0399,2025-06-08,Home & Kitchen,LED Desk Lamp,2524.44,1,East,UPI,25.0,3.0,5.0,2524.44
1657,CUST0717,2024-03-22,Sports,Football,4787.25,1,Central,Debit Card,39.0,1.0,5.0,4787.25
2572,CUST0362,2025-08-30,Fashion,Sunglasses,5900.64,1,East,UPI,37.0,10.0,2.0,5900.64
2738,CUST0241,2025-07-22,Electronics,Phone Case,2811.76,5,north,Credit Card,36.0,4.0,5.0,14058.8
2420,CUST0391,2025-07-02,Beauty,Lip Balm Set,358.43,3,South,Net Banking,34.0,4.0,4.0,1075.29
1400,CUST0030,2024-01-12,Sports,Cricket Bat,1037.89,2,South,Credit Card,43.0,7.0,5.0,2075.78
1619,CUST0702,2024-10-24,Sports,Yoga Mat,2795.46,1,North,UPI,36.0,3.0,5.0,2795.46
1509,CUST0837,2025-09-07,Fashion,Leather Wallet,3457.68,1,West,Credit Card,31.0,5.0,5.0,3457.68
1868,CUST0762,2025-09-09,Home & Kitchen,Wall Clock,4433.59,1,North,Credit Card,42.0,4.0,5.0,4433.59
1887,CUST0844,2024-01-12,Home & Kitchen,Coffee Maker,4224.57,1,West,UPI,18.0,2.0,4.0,4224.57
1600,CUST0496,2025-06-26,Sports,Dumbbell Set,2017.47,2,west,UPI,32.0,2.0,3.0,4034.94
3142,CUST0512,2025-12-01,Electronics,Bluetooth Speaker,3176.18,2,South,Credit Card,40.0,3.0,5.0,6352.36
1458,CUST0003,2025-11-20,Beauty,Makeup Kit,2500.49,1,Central,Cash on Delivery,30.0,3.0,4.0,2500.49
2118,CUST0113,2025-08-21,Electronics,Power Bank,782.74,1,North,Net Banking,19.0,3.0,5.0,782.74
1871,CUST0288,2025-02-23,Home & Kitchen,Storage Boxes,1987.16,1,South,Credit Card,37.0,3.0,5.0,1987.16
1791,CUST0162,2025-06-26,Electronics,Bluetooth Speaker,1741.22,2,north,UPI,26.0,3.0,4.0,3482.44
1955,CUST0518,2025-01-26,Home & Kitchen,Non-stick Pan,5733.25,1,South,Cash on Delivery,36.0,3.0,5.0,5733.25
1651,CUST0125,2025-07-08,Home & Kitchen,Storage Boxes,1292.85,1,North,UPI,26.0,4.0,4.0,1292.85
1734,CUST0858,2025-05-27,Electronics,Phone Case,5395.97,1,central,Cash on Delivery,20.0,2.0,4.0,5395.97
3825,CUST0811,2025-02-09,Home & Kitchen,Wall Clock,2509.78,2,central,UPI,32.0,6.0,3.0,5019.56
1380,CUST0720,2024-05-20,Electronics,Phone Case,3260.22,1,West,Credit Card,28.0,2.0,3.0,3260.22
1957,CUST0562,2025-03-29,Fashion,Running Shoes,4233.73,1,east,Credit Card,28.0,4.0,5.0,4233.73
1172,CUST0065,2025-07-27,Electronics,Bluetooth Speaker,2965.86,1,south,UPI,29.0,2.0,5.0,2965.86
2945,CUST0530,2025-11-08,Fashion,Leather Wallet,5870.41,1,West,UPI,25.0,1.0,4.0,5870.41
1660,CUST0802,2025-09-25,Fashion,Sunglasses,2387.53,1,east,UPI,37.0,1.0,1.0,2387.53
2095,CUST0419,2025-03-27,Home & Kitchen,Wall Clock,5801.06,3,Central,Net Banking,44.0,1.0,4.0,17403.18
3464,CUST0845,2025-12-18,Electronics,Wireless Earbuds,4950.27,2,South,UPI,16.0,6.0,3.0,9900.54
1643,CUST0326,2024-10-23,Fashion,Sunglasses,5424.54,2,East,Debit Card,39.0,6.0,4.0,10849.08
1169,CUST0156,2024-12-10,Beauty,Sunscreen SPF50,490.26,5,East,UPI,33.0,10.0,4.0,2451.3
2518,CUST0465,2025-12-15,Beauty,Face Serum,5429.76,2,Central,Debit Card,30.0,4.0,2.0,10859.52
2801,CUST0237,2025-10-27,Electronics,Bluetooth Speaker,1942.78,2,Central,Credit Card,24.0,3.0,3.0,3885.56
2918,CUST0124,2025-02-15,Home & Kitchen,Coffee Maker,4682.64,1,Central,UPI,30.0,1.0,5.0,4682.64
1273,CUST0696,2025-12-21,Electronics,Wireless Earbuds,5889.98,2,East,Credit Card,28.0,7.0,3.0,11779.96
2216,CUST0790,2025-03-03,Fashion,Running Shoes,1752.85,1,central,UPI,40.0,7.0,3.0,1752.85
2119,CUST0112,2024-03-21,Home & Kitchen,Wall Clock,4667.09,2,East,UPI,23.0,5.0,2.0,9334.18
3486,CUST0593,2024-04-07,Home & Kitchen,Non-stick Pan,582.0,3,east,Debit Card,37.0,6.0,5.0,1746.0
2067,CUST0625,2024-06-05,Sports,Dumbbell Set,4751.92,1,West,Net Banking,29.0,2.0,4.0,4751.92
3105,CUST0797,2024-11-23,Beauty,Sunscreen SPF50,4635.63,1,Central,Credit Card,37.0,3.0,5.0,4635.63
3926,CUST0206,2024-09-20,Fashion,Sunglasses,2525.01,2,Central,Cash on Delivery,40.0,1.0,4.0,5050.02
3319,CUST0750,2024-02-17,Electronics,Wireless Earbuds,925.09,1,South,DEBIT CARD,28.0,1.0,5.0,925.09
2913,CUST0721,2024-02-11,Sports,Yoga Mat,3119.81,1,South,Net Banking,40.0,5.0,3.0,3119.81
1039,CUST0548,2025-05-07,Home & Kitchen,LED Desk Lamp,5629.39,1,East,Cash on Delivery,36.0,3.0,4.0,5629.39
1307,CUST0503,2024-10-25,Fashion,Sunglasses,1598.22,1,South,Credit Card,47.0,4.0,,1598.22
1007,CUST0839,2024-12-03,Beauty,Makeup Kit,3307.2,1,Central,UPI,32.0,2.0,,3307.2
1782,CUST0673,2025-09-14,Electronics,Power Bank,705.99,1,west,UPI,31.0,4.0,4.0,705.99
2191,CUST0369,2025-03-19,Fashion,Running Shoes,2706.91,1,north,UPI,37.0,5.0,4.0,2706.91
1535,CUST0723,2025-01-10,Fashion,Sunglasses,5284.5,1,,UPI,,,,5284.5
1584,CUST0496,2024-06-21,Fashion,Sunglasses,2530.36,1,South,UPI,16.0,3.0,5.0,2530.36
3397,CUST0570,2024-05-05,Beauty,Lip Balm Set,2814.38,1,West,UPI,19.0,3.0,4.0,2814.38
3944,CUST0531,2024-11-25,Fashion,Leather Wallet,1679.37,1,Central,UPI,32.0,6.0,5.0,1679.37
3957,CUST0829,2024-05-20,Fashion,Running Shoes,4721.94,1,North,Cash on Delivery,37.0,2.0,4.0,4721.94
3751,CUST0671,2024-07-21,Beauty,Face Serum,1700.12,1,North,Cash on Delivery,47.0,5.0,5.0,1700.12
3216,CUST0547,2024-12-22,Electronics,Wireless Earbuds,3752.21,1,West,Credit Card,16.0,5.0,3.0,3752.21
1317,CUST0115,2024-01-18,Beauty,Hair Dryer,1886.2,1,South,Credit Card,23.0,4.0,5.0,1886.2
2795,CUST0617,2024-12-29,Fashion,Running Shoes,5827.75,1,North,UPI,31.0,4.0,4.0,5827.75
1272,CUST0493,2025-08-12,Beauty,Sunscreen SPF50,3347.48,1,Central,Credit Card,33.0,1.0,3.0,3347.48
1549,CUST0389,2025-08-03,Home & Kitchen,LED Desk Lamp,5171.23,1,North,Cash on Delivery,25.0,7.0,4.0,5171.23
2693,CUST0659,2024-08-19,Home & Kitchen,Coffee Maker,2725.7,3,East,Credit Card,27.0,3.0,2.0,8177.1
2720,CUST0018,2025-11-18,Electronics,Smartwatch,2764.81,5,south,UPI,40.0,3.0,5.0,13824.05
3761,CUST0310,2025-12-05,Electronics,Power Bank,5545.31,1,North,UPI,16.0,4.0,5.0,5545.31
3771,CUST0055,2024-10-29,Home & Kitchen,Non-stick Pan,2753.3,1,Central,UPI,36.0,3.0,5.0,2753.3
1599,CUST0506,2024-09-15,Electronics,Power Bank,3012.28,1,Central,Net Banking,33.0,6.0,4.0,3012.28
2690,CUST0606,2024-06-18,Beauty,Hair Dryer,3839.52,1,West,UPI,24.0,6.0,5.0,3839.52
1895,CUST0413,2025-08-14,Beauty,Hair Dryer,3100.63,1,South,UPI,32.0,1.0,3.0,3100.63
3615,CUST0818,2025-07-17,Fashion,Leather Wallet,4054.83,1,West,CASH ON DELIVERY,20.0,5.0,3.0,4054.83
2776,CUST0297,2025-05-02,Home & Kitchen,Storage Boxes,2504.15,1,south,UPI,28.0,4.0,5.0,2504.15
1571,CUST0430,2025-09-29,Electronics,Wireless Earbuds,3202.14,1,South,Cash on Delivery,26.0,2.0,3.0,3202.14
3000,CUST0691,2025-08-23,Electronics,Wireless Earbuds,1933.44,1,North,UPI,47.0,4.0,5.0,1933.44
3123,CUST0634,2024-01-30,Home & Kitchen,Coffee Maker,260.98,1,South,Net Banking,24.0,5.0,5.0,260.98
1062,CUST0216,2024-09-09,Electronics,Smartwatch,5919.6,1,West,Credit Card,49.0,7.0,4.0,5919.6
2248,CUST0231,2025-08-30,Beauty,Sunscreen SPF50,525.54,1,north,Net Banking,23.0,4.0,3.0,525.54
3287,CUST0730,2025-01-03,Beauty,Hair Dryer,5675.11,1,East,DEBIT CARD,28.0,7.0,4.0,5675.11
2260,CUST0738,2025-11-05,Electronics,Phone Case,468.3,1,South,Debit Card,30.0,5.0,4.0,468.3
1810,CUST0266,2024-06-13,Fashion,Denim Jacket,2356.92,1,North,UPI,21.0,2.0,3.0,2356.92
2050,CUST0090,2024-07-03,Home & Kitchen,Storage Boxes,5585.1,2,West,UPI,37.0,2.0,3.0,11170.2
3450,CUST0190,2025-08-19,Electronics,Smartwatch,4920.64,1,Central,Net Banking,34.0,3.0,4.0,4920.64
1108,CUST0825,2025-08-06,Sports,Cricket Bat,5664.98,1,south,UPI,30.0,4.0,4.0,5664.98
3154,CUST0446,2025-08-09,Home & Kitchen,Storage Boxes,3149.79,2,South,UPI,28.0,3.0,1.0,6299.58
1674,CUST0789,2025-07-11,Fashion,Denim Jacket,2275.44,1,East,Cash on Delivery,32.0,2.0,5.0,2275.44
1666,CUST0169,2024-07-09,Electronics,Bluetooth Speaker,2871.45,1,Central,UPI,16.0,4.0,5.0,2871.45
1510,CUST0590,2024-11-07,Sports,Football,856.37,3,Central,Debit Card,27.0,2.0,4.0,2569.11
2641,CUST0243,2024-05-03,Electronics,Bluetooth Speaker,1400.94,1,East,UPI,41.0,2.0,5.0,1400.94
3645,CUST0173,2024-03-24,Sports,Yoga Mat,1077.61,1,East,Credit Card,41.0,3.0,4.0,1077.61
2533,CUST0263,2024-05-03,Fashion,Running Shoes,3160.14,1,West,CREDIT CARD,38.0,1.0,4.0,3160.14
1867,CUST0541,2024-05-23,Home & Kitchen,Wall Clock,5846.1,1,south,UPI,25.0,2.0,5.0,5846.1
2856,CUST0752,2025-03-23,Fashion,Sunglasses,565.51,1,Central,UPI,40.0,1.0,4.0,565.51
2737,CUST0754,2025-01-22,Home & Kitchen,Non-stick Pan,323.06,1,North,UPI,36.0,5.0,3.0,323.06
2104,CUST0351,2024-09-27,Home & Kitchen,LED Desk Lamp,3791.54,1,South,Credit Card,37.0,3.0,4.0,3791.54
2061,CUST0896,2025-09-30,Fashion,Cotton T-Shirt,5888.3,1,North,UPI,32.0,2.0,5.0,5888.3
3106,CUST0669,2025-11-01,Home & Kitchen,Wall Clock,342.78,2,West,UPI,31.0,7.0,5.0,685.56
3733,CUST0330,2024-06-27,Fashion,Leather Wallet,3787.57,2,North,Debit Card,18.0,4.0,5.0,7575.14
2974,CUST0278,2024-12-31,Electronics,Smartwatch,2743.42,1,Central,UPI,37.0,4.0,3.0,2743.42
1590,CUST0773,2025-06-20,Beauty,Hair Dryer,3093.84,2,North,Credit Card,27.0,3.0,,6187.68
3408,CUST0787,2024-07-31,Fashion,Running Shoes,3653.44,1,East,Net Banking,37.0,6.0,5.0,3653.44
3616,CUST0526,2024-04-13,Fashion,Sunglasses,1827.18,2,South,UPI,23.0,3.0,3.0,3654.36
1087,CUST0088,2025-03-18,Electronics,Smartwatch,3107.22,1,South,Net Banking,39.0,6.0,4.0,3107.22
3915,CUST0453,2025-09-26,Fashion,Cotton T-Shirt,5300.13,3,North,Credit Card,45.0,3.0,4.0,15900.39
1772,CUST0703,2024-11-12,Sports,Cricket Bat,2705.63,1,West,UPI,39.0,3.0,3.0,2705.63
3379,CUST0788,2024-01-08,Home & Kitchen,Coffee Maker,4472.41,2,South,Debit Card,43.0,1.0,5.0,8944.82
2250,CUST0546,2024-06-09,Electronics,Power Bank,5659.97,2,South,UPI,22.0,5.0,5.0,11319.94
1709,CUST0089,2024-12-21,Beauty,Hair Dryer,3083.43,1,East,Credit Card,44.0,5.0,3.0,3083.43
3920,CUST0188,2025-11-18,Home & Kitchen,Storage Boxes,1615.99,3,East,Debit Card,30.0,3.0,3.0,4847.97
2861,CUST0582,2024-10-30,Sports,Yoga Mat,1907.8,1,South,UPI,29.0,2.0,4.0,1907.8
3129,CUST0424,2025-05-01,Electronics,Power Bank,702.92,2,east,UPI,25.0,7.0,4.0,1405.84
3647,CUST0679,2024-02-09,Sports,Football,3421.34,1,South,UPI,21.0,3.0,3.0,3421.34
1419,CUST0650,2025-07-29,Home & Kitchen,Wall Clock,2826.04,1,North,UPI,16.0,4.0,3.0,2826.04
2462,CUST0177,2025-07-14,Electronics,Power Bank,2451.67,1,North,Net Banking,30.0,3.0,5.0,2451.67
2485,CUST0068,2025-07-31,Home & Kitchen,Non-stick Pan,2755.62,1,East,Credit Card,41.0,5.0,3.0,2755.62
3772,CUST0372,2024-04-11,Fashion,Cotton T-Shirt,1473.64,1,West,UPI,29.0,5.0,4.0,1473.64
3884,CUST0089,2025-04-20,Beauty,Hair Dryer,2270.55,1,East,UPI,32.0,2.0,5.0,2270.55
1852,CUST0707,2024-09-02,Sports,Cricket Bat,4094.18,1,East,Net Banking,19.0,1.0,4.0,4094.18
2005,CUST0560,2025-04-13,Fashion,Leather Wallet,1657.29,1,South,Credit Card,22.0,3.0,5.0,1657.29
2997,CUST0736,2024-09-14,Electronics,Smartwatch,615.88,2,North,CASH ON DELIVERY,47.0,2.0,5.0,1231.76
2835,CUST0627,2025-12-06,Electronics,Bluetooth Speaker,749.12,1,North,CREDIT CARD,41.0,5.0,3.0,749.12
3373,CUST0640,2024-02-29,Fashion,Denim Jacket,5523.28,5,North,Debit Card,49.0,3.0,4.0,27616.4
1437,CUST0540,2025-12-28,Beauty,Hair Dryer,2486.1,1,East,Credit Card,26.0,4.0,4.0,2486.1
2317,CUST0488,2024-03-29,Home & Kitchen,LED Desk Lamp,5577.12,1,Central,UPI,38.0,2.0,5.0,5577.12
2624,CUST0100,2024-07-06,Sports,Football,5166.41,2,South,Debit Card,17.0,3.0,5.0,10332.82
2481,CUST0024,2025-12-23,Electronics,Smartwatch,4075.88,3,West,UPI,36.0,10.0,4.0,12227.64
2649,CUST0389,2025-02-09,Fashion,Running Shoes,1028.28,1,West,UPI,28.0,2.0,3.0,1028.28
2004,CUST0052,2025-11-20,Electronics,Phone Case,3187.79,2,central,UPI,50.0,3.0,5.0,6375.58
2279,CUST0635,2025-07-12,Sports,Yoga Mat,4812.9,1,Central,Net Banking,29.0,5.0,5.0,4812.9
2824,CUST0782,2024-10-27,Fashion,Sunglasses,1015.28,1,Central,Cash on Delivery,46.0,4.0,,1015.28
3433,CUST0618,2024-07-14,Fashion,Cotton T-Shirt,1773.12,1,East,Credit Card,45.0,4.0,3.0,1773.12
3886,CUST0518,2024-08-05,Sports,Cricket Bat,5964.95,1,West,UPI,35.0,1.0,4.0,5964.95
2837,CUST0377,2025-03-30,Home & Kitchen,Coffee Maker,2992.92,1,South,CASH ON DELIVERY,35.0,2.0,4.0,2992.92
3842,CUST0743,2025-05-18,Sports,Football,1206.52,1,North,UPI,28.0,3.0,4.0,1206.52
2547,CUST0110,2024-07-17,Electronics,Bluetooth Speaker,474.04,1,East,UPI,22.0,5.0,5.0,474.04
1336,CUST0356,2025-05-22,Beauty,Lip Balm Set,3977.9,1,South,Debit Card,21.0,1.0,5.0,3977.9
1089,CUST0386,2024-05-26,Beauty,Makeup Kit,868.24,2,East,UPI,44.0,6.0,5.0,1736.48
1875,CUST0333,2024-02-15,Electronics,Smartwatch,3751.4,1,South,Cash on Delivery,25.0,4.0,5.0,3751.4
3630,CUST0879,2025-06-05,Beauty,Makeup Kit,2231.04,1,central,UPI,32.0,5.0,3.0,2231.04
1544,CUST0301,2025-09-01,Electronics,Smartwatch,5281.2,1,West,Net Banking,31.0,3.0,3.0,5281.2
2242,CUST0669,2025-01-03,Beauty,Makeup Kit,3551.82,1,East,Credit Card,39.0,7.0,5.0,3551.82
2881,CUST0059,2024-03-12,Electronics,Power Bank,433.88,1,East,Cash on Delivery,23.0,2.0,4.0,433.88
3893,CUST0016,2024-01-15,Sports,Resistance Bands,226.49,1,North,UPI,26.0,5.0,5.0,226.49
3496,CUST0175,2024-05-19,Home & Kitchen,Non-stick Pan,1864.03,1,North,UPI,18.0,4.0,5.0,1864.03
1320,CUST0856,2024-04-02,Home & Kitchen,Non-stick Pan,3265.15,1,Central,Credit Card,39.0,4.0,3.0,3265.15
1520,CUST0697,2025-08-26,Home & Kitchen,Non-stick Pan,5774.28,1,North,Net Banking,31.0,5.0,2.0,5774.28
3337,CUST0579,2025-09-21,Fashion,Sunglasses,3889.34,3,East,Credit Card,36.0,3.0,,11668.02
1879,CUST0360,2025-08-18,Sports,Cricket Bat,2276.82,1,South,Debit Card,35.0,2.0,3.0,2276.82
1826,CUST0099,2025-02-01,Sports,Yoga Mat,2775.67,1,North,Debit Card,41.0,3.0,5.0,2775.67
2291,CUST0888,2025-10-25,Beauty,Makeup Kit,5847.52,1,central,UPI,46.0,4.0,5.0,5847.52
3571,CUST0096,2025-03-30,Beauty,Face Serum,758.61,1,East,Debit Card,35.0,1.0,3.0,758.61
3550,CUST0534,2024-04-08,Beauty,Sunscreen SPF50,5201.71,1,South,UPI,35.0,3.0,1.0,5201.71
1139,CUST0757,2024-09-07,Home & Kitchen,Storage Boxes,804.73,1,East,Credit Card,32.0,7.0,2.0,804.73
1164,CUST0134,2024-01-12,Sports,Dumbbell Set,5593.98,1,South,Net Banking,21.0,5.0,4.0,5593.98
2619,CUST0184,2025-08-20,Electronics,Bluetooth Speaker,4250.43,1,Central,UPI,20.0,6.0,4.0,4250.43
3831,CUST0615,2024-07-19,Home & Kitchen,Wall Clock,3718.36,1,north,Credit Card,37.0,2.0,5.0,3718.36
2792,CUST0329,2024-10-17,Home & Kitchen,Storage Boxes,1862.96,1,West,Cash on Delivery,37.0,7.0,3.0,1862.96
2046,CUST0428,2024-11-07,Fashion,Leather Wallet,5420.64,3,West,UPI,36.0,6.0,3.0,16261.92
1961,CUST0793,2025-08-20,Fashion,Denim Jacket,5179.04,1,West,UPI,31.0,3.0,3.0,5179.04
2751,CUST0690,2025-04-18,Home & Kitchen,Coffee Maker,2955.74,1,West,Credit Card,48.0,3.0,4.0,2955.74
3572,CUST0069,2025-11-17,Sports,Yoga Mat,288.03,1,Central,Net Banking,32.0,4.0,,288.03
3282,CUST0131,2025-02-10,Electronics,Smartwatch,3907.65,1,West,DEBIT CARD,22.0,2.0,5.0,3907.65
2505,CUST0596,2024-06-29,Fashion,Sunglasses,5806.09,1,Central,Net Banking,37.0,4.0,3.0,5806.09
3325,CUST0038,2024-08-15,Sports,Yoga Mat,2934.86,1,West,UPI,16.0,4.0,1.0,2934.86
3961,CUST0256,2025-07-22,Fashion,Sunglasses,1943.38,2,East,Debit Card,39.0,2.0,4.0,3886.76
2060,CUST0445,2024-03-22,Electronics,Wireless Earbuds,4120.84,1,East,Net Banking,23.0,3.0,5.0,4120.84
3725,CUST0711,2024-06-04,Electronics,Phone Case,4199.29,2,North,UPI,34.0,6.0,5.0,8398.58
1656,CUST0895,2024-03-05,Electronics,Smartwatch,3497.86,1,Central,Net Banking,19.0,3.0,5.0,3497.86
3065,CUST0444,2025-01-12,Fashion,Cotton T-Shirt,5329.53,1,Central,Debit Card,45.0,2.0,4.0,5329.53
3901,CUST0297,2024-04-30,Fashion,Sunglasses,502.49,1,East,UPI,31.0,2.0,3.0,502.49
1138,CUST0824,2024-10-10,Electronics,Phone Case,364.53,2,north,Debit Card,26.0,4.0,4.0,729.06
3372,CUST0884,2025-01-23,Sports,Cricket Bat,5492.83,1,south,Net Banking,31.0,3.0,4.0,5492.83
2977,CUST0617,2024-08-20,Electronics,Phone Case,279.51,1,North,UPI,33.0,2.0,5.0,279.51
2582,CUST0290,2025-02-11,Electronics,Power Bank,2839.96,1,West,Net Banking,16.0,6.0,4.0,2839.96
1698,CUST0849,2025-03-22,Fashion,Leather Wallet,1445.49,2,North,Credit Card,32.0,1.0,5.0,2890.98
2098,CUST0013,2024-12-18,Electronics,Bluetooth Speaker,3188.74,1,West,Credit Card,28.0,6.0,5.0,3188.74
3287,CUST0730,2025-01-03,Beauty,Hair Dryer,5675.11,1,East,DEBIT CARD,28.0,7.0,4.0,5675.11
3621,CUST0786,2025-11-25,Fashion,Denim Jacket,4771.34,1,Central,Net Banking,,7.0,,4771.34
2393,CUST0683,2025-08-12,Fashion,Denim Jacket,2314.09,2,South,UPI,28.0,4.0,1.0,4628.18
3928,CUST0296,2025-10-21,Electronics,Bluetooth Speaker,4404.75,1,Central,UPI,38.0,1.0,3.0,4404.75
2267,CUST0621,2024-04-19,Electronics,Wireless Earbuds,3725.6,3,South,Credit Card,37.0,1.0,4.0,11176.8
1136,CUST0303,2024-01-28,Electronics,Smartwatch,1660.08,1,West,Cash on Delivery,42.0,3.0,5.0,1660.08
2170,CUST0479,2025-11-18,Fashion,Cotton T-Shirt,2264.09,1,North,Cash on Delivery,35.0,1.0,5.0,2264.09
3136,CUST0768,2024-10-06,Beauty,Makeup Kit,3775.32,1,South,Net Banking,28.0,7.0,3.0,3775.32
2504,CUST0727,2025-05-14,Fashion,Sunglasses,4886.73,3,East,Credit Card,16.0,3.0,3.0,14660.19
2363,CUST0892,2025-06-20,Sports,Dumbbell Set,201.97,1,East,Credit Card,16.0,6.0,4.0,201.97
3410,CUST0209,2025-12-10,Electronics,Power Bank,4324.13,1,central,UPI,37.0,4.0,5.0,4324.13
1149,CUST0787,2024-02-12,Home & Kitchen,Storage Boxes,4624.57,2,Central,Credit Card,29.0,7.0,2.0,9249.14
1304,CUST0795,2024-06-12,Sports,Yoga Mat,5646.96,1,North,Credit Card,43.0,4.0,5.0,5646.96
2018,CUST0310,2024-01-26,Fashion,Cotton T-Shirt,4999.24,1,West,Debit Card,28.0,2.0,4.0,4999.24
2925,CUST0808,2024-01-11,Home & Kitchen,Storage Boxes,2694.38,1,South,Debit Card,17.0,1.0,5.0,2694.38
2053,CUST0249,2024-01-28,Fashion,Denim Jacket,1851.13,1,East,UPI,16.0,10.0,4.0,1851.13
3736,CUST0450,2024-01-14,Fashion,Leather Wallet,877.2,3,North,Debit Card,24.0,4.0,1.0,2631.6
3366,CUST0225,2025-07-02,Electronics,Bluetooth Speaker,4251.34,1,West,NET BANKING,36.0,2.0,4.0,4251.34
2905,CUST0347,2025-09-21,Sports,Yoga Mat,3375.72,1,East,NET BANKING,42.0,3.0,3.0,3375.72
3610,CUST0883,2024-10-21,Electronics,Power Bank,2795.73,1,North,UPI,35.0,10.0,3.0,2795.73
1199,CUST0327,2024-10-31,Beauty,Makeup Kit,2864.01,3,West,Credit Card,17.0,2.0,3.0,8592.03
2769,CUST0409,2024-03-27,Beauty,Sunscreen SPF50,508.09,1,East,Net Banking,33.0,3.0,4.0,508.09
3241,CUST0722,2025-09-14,Electronics,Smartwatch,5541.44,1,East,Credit Card,40.0,10.0,5.0,5541.44
1405,CUST0148,2024-05-07,Home & Kitchen,LED Desk Lamp,5198.6,1,North,NET BANKING,39.0,10.0,5.0,5198.6
3663,CUST0246,2025-07-07,Sports,Football,3085.65,1,West,Credit Card,17.0,10.0,4.0,3085.65
1484,CUST0338,2025-05-10,Sports,Dumbbell Set,1913.56,1,Central,UPI,37.0,2.0,5.0,1913.56
2183,CUST0476,2025-08-29,Electronics,Bluetooth Speaker,2414.86,1,Central,Net Banking,33.0,3.0,5.0,2414.86
2340,CUST0466,2025-12-14,Home & Kitchen,Storage Boxes,523.67,1,East,Net Banking,33.0,4.0,4.0,523.67
2281,CUST0177,2025-09-07,Sports,Resistance Bands,441.33,1,Central,Net Banking,23.0,4.0,4.0,441.33
2032,CUST0153,2025-05-14,Electronics,Power Bank,4518.35,2,East,UPI,22.0,3.0,4.0,9036.7
1792,CUST0473,2024-05-04,Beauty,Makeup Kit,3217.95,2,South,Net Banking,25.0,3.0,5.0,6435.9
1800,CUST0528,2025-10-29,Fashion,Running Shoes,3685.63,1,Central,Debit Card,27.0,3.0,5.0,3685.63
2202,CUST0568,2024-06-12,Electronics,Power Bank,3742.08,2,South,Credit Card,,5.0,,7484.16
1423,CUST0455,2024-02-08,Sports,Dumbbell Set,3089.57,1,South,UPI,41.0,6.0,4.0,3089.57
3983,CUST0793,2024-12-15,Sports,Yoga Mat,5110.65,1,North,UPI,41.0,2.0,4.0,5110.65
2884,CUST0366,2025-08-14,Home & Kitchen,Storage Boxes,2534.74,2,West,Credit Card,34.0,3.0,5.0,5069.48
3956,CUST0285,2025-05-09,Sports,Dumbbell Set,222.72,1,South,CREDIT CARD,25.0,5.0,3.0,222.72
2480,CUST0830,2024-07-22,Home & Kitchen,LED Desk Lamp,4809.15,1,central,Cash on Delivery,55.0,2.0,5.0,4809.15
2929,CUST0387,2025-08-17,Sports,Cricket Bat,1279.26,5,South,Debit Card,36.0,3.0,5.0,6396.3
3866,CUST0063,2025-04-08,Sports,Cricket Bat,313.35,3,east,UPI,36.0,5.0,2.0,940.05
2530,CUST0561,2025-05-09,Fashion,Cotton T-Shirt,4177.19,1,Central,Debit Card,44.0,7.0,5.0,4177.19
1903,CUST0881,2025-08-03,Fashion,Denim Jacket,333.47,1,South,CREDIT CARD,21.0,3.0,,333.47
1686,CUST0246,2025-09-28,Fashion,Running Shoes,4943.48,1,East,CREDIT CARD,27.0,3.0,5.0,4943.48
2552,CUST0418,2025-09-08,Home & Kitchen,Coffee Maker,1735.04,2,West,Net Banking,43.0,4.0,,3470.08
1160,CUST0648,2024-11-06,Home & Kitchen,Non-stick Pan,3284.59,1,North,UPI,33.0,3.0,5.0,3284.59
2000,CUST0015,2024-01-23,Beauty,Hair Dryer,3144.63,1,East,UPI,27.0,2.0,4.0,3144.63
3591,CUST0212,2024-01-26,Electronics,Wireless Earbuds,728.96,2,North,Net Banking,27.0,4.0,4.0,1457.92
3827,CUST0522,2024-09-25,Sports,Resistance Bands,336.07,1,East,Debit Card,26.0,6.0,4.0,336.07
3251,CUST0317,2025-02-17,Fashion,Running Shoes,686.94,2,North,Credit Card,42.0,4.0,5.0,1373.88
1113,CUST0571,2025-07-21,Sports,Cricket Bat,4023.36,1,west,Net Banking,35.0,3.0,5.0,4023.36
3853,CUST0309,2024-01-31,Electronics,Bluetooth Speaker,4573.23,1,West,Net Banking,33.0,4.0,4.0,4573.23
2447,CUST0385,2024-03-23,Electronics,Bluetooth Speaker,2432.65,1,South,Net Banking,27.0,1.0,3.0,2432.65
2953,CUST0793,2025-02-25,Electronics,Phone Case,503.35,1,Central,CASH ON DELIVERY,37.0,2.0,5.0,503.35
1923,CUST0131,2024-08-08,Electronics,Power Bank,3851.16,3,North,CREDIT CARD,28.0,4.0,4.0,11553.48
2625,CUST0364,2025-06-12,Beauty,Lip Balm Set,4097.56,2,Central,Credit Card,39.0,1.0,5.0,8195.12
3586,CUST0314,2025-09-14,Home & Kitchen,Coffee Maker,482.17,2,Central,NET BANKING,40.0,2.0,4.0,964.34
2320,CUST0869,2025-11-01,Sports,Yoga Mat,919.42,1,East,UPI,36.0,2.0,5.0,919.42
2664,CUST0145,2024-08-28,Fashion,Cotton T-Shirt,2807.75,1,North,UPI,34.0,5.0,4.0,2807.75
1816,CUST0334,2025-03-22,Electronics,Smartwatch,3640.45,1,West,UPI,24.0,3.0,5.0,3640.45
3267,CUST0231,2024-11-10,Beauty,Face Serum,4756.19,1,West,Credit Card,21.0,3.0,4.0,4756.19
2474,CUST0593,2025-05-13,Fashion,Leather Wallet,1450.99,3,West,Cash on Delivery,38.0,7.0,5.0,4352.97
2774,CUST0395,2024-05-31,Electronics,Bluetooth Speaker,3993.72,1,north,Credit Card,24.0,3.0,3.0,3993.72
1680,CUST0136,2024-04-13,Fashion,Denim Jacket,171.39,1,East,Net Banking,29.0,3.0,3.0,171.39
3563,CUST0781,2024-11-27,Electronics,Power Bank,3851.31,2,Central,UPI,46.0,2.0,2.0,7702.62
2094,CUST0450,2024-05-04,Electronics,Phone Case,4906.66,1,Central,UPI,51.0,1.0,2.0,4906.66
1081,CUST0475,2025-03-06,Electronics,Power Bank,470.36,1,South,Credit Card,22.0,3.0,5.0,470.36
2951,CUST0032,2024-03-06,Fashion,Denim Jacket,2287.23,2,,Debit Card,,,,4574.46
2240,CUST0566,2024-01-20,Fashion,Sunglasses,4441.32,1,West,Debit Card,45.0,3.0,3.0,4441.32
1330,CUST0593,2024-02-09,Home & Kitchen,Non-stick Pan,3658.66,2,East,UPI,34.0,6.0,5.0,7317.32
1243,CUST0216,2024-05-26,Sports,Cricket Bat,3150.48,1,East,UPI,31.0,3.0,4.0,3150.48
1642,CUST0614,2025-12-06,Home & Kitchen,Wall Clock,5764.74,1,West,Net Banking,40.0,6.0,5.0,5764.74
1697,CUST0328,2025-04-08,Electronics,Phone Case,4704.32,1,East,Credit Card,28.0,3.0,3.0,4704.32
3258,CUST0878,2024-10-26,Beauty,Hair Dryer,1446.74,1,Central,Debit Card,29.0,3.0,1.0,1446.74
1754,CUST0059,2025-07-14,Home & Kitchen,Storage Boxes,2019.6,1,East,Net Banking,33.0,1.0,3.0,2019.6
1436,CUST0014,2025-05-09,Fashion,Leather Wallet,2706.75,1,Central,Debit Card,31.0,4.0,5.0,2706.75
2564,CUST0805,2024-03-18,Home & Kitchen,Wall Clock,3040.06,1,south,UPI,19.0,2.0,4.0,3040.06
2935,CUST0861,2025-06-02,Fashion,Denim Jacket,4206.37,1,North,Net Banking,32.0,4.0,5.0,4206.37
3766,CUST0839,2025-10-20,Beauty,Hair Dryer,351.76,1,,UPI,,,,351.76
2713,CUST0390,2025-07-17,Fashion,Cotton T-Shirt,4229.36,1,East,UPI,34.0,4.0,5.0,4229.36
1552,CUST0853,2025-03-31,Beauty,Lip Balm Set,1572.6,1,east,Debit Card,31.0,2.0,3.0,1572.6
3611,CUST0472,2025-04-19,Electronics,Power Bank,3705.92,2,North,Cash on Delivery,54.0,4.0,5.0,7411.84
1602,CUST0463,2025-03-08,Electronics,Smartwatch,4752.33,1,East,Credit Card,28.0,3.0,3.0,4752.33
2965,CUST0832,2025-12-13,Home & Kitchen,Coffee Maker,2272.55,1,West,UPI,27.0,2.0,5.0,2272.55
2014,CUST0498,2024-09-18,Fashion,Running Shoes,3133.11,1,North,UPI,42.0,5.0,3.0,3133.11
3878,CUST0219,2025-03-21,Electronics,Bluetooth Speaker,5882.03,3,East,Credit Card,31.0,6.0,5.0,17646.09
2428,CUST0595,2024-07-28,Beauty,Makeup Kit,5914.81,1,east,UPI,19.0,3.0,5.0,5914.81
3013,CUST0356,2024-09-30,Electronics,Bluetooth Speaker,2801.07,1,west,UPI,28.0,3.0,4.0,2801.07
2387,CUST0421,2025-10-26,Electronics,Wireless Earbuds,2677.8,1,West,Debit Card,35.0,2.0,5.0,2677.8
2296,CUST0142,2025-06-09,Electronics,Wireless Earbuds,161247.0,1,Central,Credit Card,43.0,3.0,4.0,3224.94
1467,CUST0499,2024-01-13,Electronics,Wireless Earbuds,624.81,1,South,Net Banking,39.0,5.0,5.0,624.81
2500,CUST0195,2025-03-09,Electronics,Phone Case,2689.35,1,North,Cash on Delivery,24.0,3.0,4.0,2689.35
3577,CUST0463,2025-06-22,Home & Kitchen,Wall Clock,5666.35,1,East,Credit Card,25.0,6.0,4.0,5666.35
3943,CUST0753,2025-03-21,Beauty,Lip Balm Set,2922.95,2,North,Net Banking,32.0,2.0,5.0,5845.9
1278,CUST0605,2024-01-10,Sports,Resistance Bands,5423.09,1,North,UPI,20.0,10.0,5.0,5423.09
2070,CUST0550,2025-06-15,Electronics,Phone Case,902.18,1,East,UPI,47.0,3.0,1.0,902.18
2549,CUST0055,2025-05-19,Electronics,Smartwatch,4738.53,1,South,Debit Card,20.0,4.0,5.0,4738.53
2025,CUST0673,2024-04-11,Fashion,Running Shoes,3968.64,2,East,Net Banking,36.0,4.0,2.0,7937.28
2466,CUST0019,2025-11-18,Fashion,Sunglasses,1033.99,1,North,Credit Card,19.0,2.0,5.0,1033.99
1941,CUST0559,2025-12-21,Sports,Dumbbell Set,3799.07,1,South,Credit Card,48.0,3.0,4.0,3799.07
2467,CUST0120,2024-01-21,Beauty,Face Serum,1614.46,1,south,Debit Card,30.0,5.0,4.0,1614.46
2324,CUST0335,2024-05-19,Electronics,Wireless Earbuds,471.48,1,North,UPI,27.0,3.0,4.0,471.48
2400,CUST0656,2024-02-25,Electronics,Power Bank,4678.9,1,west,UPI,33.0,4.0,5.0,4678.9
3487,CUST0415,2024-10-19,Electronics,Bluetooth Speaker,5367.16,2,South,Cash on Delivery,37.0,4.0,3.0,10734.32
2450,CUST0532,2025-08-10,Sports,Dumbbell Set,220.25,1,North,Credit Card,35.0,4.0,5.0,220.25
1907,CUST0845,2024-07-11,Home & Kitchen,Coffee Maker,1270.24,1,Central,UPI,36.0,3.0,5.0,1270.24
3680,CUST0269,2025-06-13,Electronics,Power Bank,3025.63,1,South,Debit Card,29.0,6.0,5.0,3025.63
2896,CUST0741,2024-01-18,Fashion,Cotton T-Shirt,2523.66,1,North,UPI,43.0,3.0,5.0,2523.66
1389,CUST0262,2025-03-23,Sports,Yoga Mat,1787.37,1,East,Credit Card,28.0,1.0,5.0,1787.37
3071,CUST0886,2024-12-04,Sports,Football,4198.82,1,East,Credit Card,29.0,3.0,3.0,4198.82
3371,CUST0093,2024-07-23,Electronics,Power Bank,5356.9,1,West,UPI,27.0,4.0,5.0,5356.9
3173,CUST0153,2025-07-28,Sports,Football,3075.38,3,West,UPI,34.0,3.0,2.0,9226.14
1881,CUST0226,2024-10-19,Sports,Cricket Bat,3970.01,1,Central,UPI,41.0,3.0,3.0,3970.01
3738,CUST0552,2024-05-15,Home & Kitchen,LED Desk Lamp,2191.58,1,West,Debit Card,31.0,2.0,5.0,2191.58
1051,CUST0177,2025-03-25,Fashion,Sunglasses,634.08,2,South,Cash on Delivery,20.0,3.0,,1268.16
2888,CUST0399,2025-08-15,Sports,Dumbbell Set,4341.68,1,north,Credit Card,19.0,4.0,3.0,4341.68
2703,CUST0693,2025-09-02,Fashion,Denim Jacket,3695.62,1,South,Debit Card,37.0,7.0,3.0,3695.62
1134,CUST0867,2025-01-05,Home & Kitchen,Coffee Maker,1810.55,1,Central,Debit Card,50.0,3.0,4.0,1810.55
2106,CUST0690,2024-10-30,Beauty,Hair Dryer,517.82,1,Central,UPI,39.0,2.0,4.0,517.82
1704,CUST0365,2025-04-10,Fashion,Running Shoes,1803.6,1,South,Cash on Delivery,31.0,4.0,3.0,1803.6
1483,CUST0877,2024-12-02,Electronics,Wireless Earbuds,802.2,1,Central,Credit Card,46.0,2.0,4.0,802.2
2146,CUST0241,2024-12-30,Home & Kitchen,Wall Clock,2027.16,1,East,Credit Card,24.0,5.0,5.0,2027.16
3039,CUST0624,2024-05-19,Fashion,Leather Wallet,1922.36,1,,CREDIT CARD,,,,1922.36
3946,CUST0232,2025-01-26,Sports,Dumbbell Set,1787.64,1,west,Net Banking,22.0,1.0,4.0,1787.64
1067,CUST0075,2024-12-15,Electronics,Phone Case,1241.42,1,South,Credit Card,32.0,3.0,5.0,1241.42
3314,CUST0615,2024-03-21,Sports,Cricket Bat,3435.22,1,Central,UPI,29.0,1.0,4.0,3435.22
3641,CUST0588,2025-08-29,Home & Kitchen,LED Desk Lamp,5832.92,1,East,Credit Card,45.0,4.0,1.0,5832.92
1908,CUST0686,2025-11-22,Sports,Football,5082.59,1,West,UPI,23.0,2.0,5.0,5082.59
1032,CUST0118,2024-05-06,Electronics,Power Bank,4221.45,1,South,UPI,33.0,2.0,3.0,4221.45
3839,CUST0127,2024-01-30,Electronics,Smartwatch,2206.86,1,Central,CREDIT CARD,40.0,2.0,4.0,2206.86
1011,CUST0541,2025-04-05,Electronics,Phone Case,1330.06,2,Central,Credit Card,55.0,4.0,,2660.12
1065,CUST0554,2024-01-25,Sports,Football,4122.75,2,North,Credit Card,24.0,3.0,4.0,8245.5
1777,CUST0205,2025-01-04,Sports,Resistance Bands,2699.05,1,west,Credit Card,19.0,4.0,3.0,2699.05
1078,CUST0396,2024-10-18,Home & Kitchen,Coffee Maker,4339.65,1,South,Cash on Delivery,27.0,5.0,5.0,4339.65
1492,CUST0246,2025-07-09,Home & Kitchen,LED Desk Lamp,3943.52,1,West,Net Banking,25.0,6.0,3.0,3943.52
3624,CUST0030,2024-07-20,Home & Kitchen,LED Desk Lamp,2054.55,2,North,Debit Card,37.0,3.0,4.0,4109.1
3114,CUST0129,2024-09-26,Sports,Resistance Bands,1968.12,1,North,UPI,34.0,4.0,5.0,1968.12
3763,CUST0266,2025-08-13,Fashion,Leather Wallet,5721.51,1,East,UPI,38.0,7.0,3.0,5721.51
3345,CUST0393,2025-10-22,Electronics,Phone Case,2475.76,1,West,Credit Card,21.0,6.0,4.0,2475.76
1592,CUST0551,2024-07-18,Fashion,Cotton T-Shirt,3197.16,1,Central,Net Banking,32.0,5.0,4.0,3197.16
2286,CUST0275,2024-05-22,Sports,Yoga Mat,1412.65,2,North,Debit Card,36.0,3.0,2.0,2825.3
3523,CUST0893,2025-08-29,Electronics,Power Bank,4428.55,2,East,Credit Card,36.0,3.0,2.0,8857.1
1725,CUST0336,2025-05-07,Beauty,Face Serum,899.88,1,North,UPI,45.0,5.0,4.0,899.88
3521,CUST0371,2025-03-07,Fashion,Running Shoes,458.23,2,North,Cash on Delivery,27.0,2.0,5.0,916.46
2213,CUST0419,2025-12-30,Home & Kitchen,LED Desk Lamp,5050.88,3,East,UPI,32.0,4.0,5.0,15152.64
3300,CUST0076,2024-08-30,Sports,Cricket Bat,3546.11,1,east,Debit Card,28.0,3.0,5.0,3546.11
3581,CUST0337,2025-01-23,Beauty,Hair Dryer,847.09,1,East,Credit Card,42.0,4.0,2.0,847.09
2638,CUST0036,2024-07-24,Fashion,Running Shoes,1103.06,1,East,Cash on Delivery,26.0,1.0,4.0,1103.06
3859,CUST0110,2024-06-30,Home & Kitchen,Storage Boxes,159450.0,1,east,Credit Card,29.0,4.0,4.0,3189.0
3938,CUST0225,2025-01-26,Fashion,Running Shoes,3037.07,1,east,Cash on Delivery,38.0,5.0,5.0,3037.07
1983,CUST0861,2025-09-11,Beauty,Hair Dryer,3471.5,5,central,Debit Card,43.0,4.0,3.0,17357.5
1707,CUST0860,2025-04-12,Fashion,Sunglasses,4419.85,1,East,Credit Card,45.0,4.0,2.0,4419.85
2688,CUST0690,2025-05-29,Beauty,Face Serum,5743.57,1,north,Cash on Delivery,38.0,2.0,4.0,5743.57
3622,CUST0600,2025-05-24,Beauty,Makeup Kit,3368.12,1,West,Net Banking,24.0,3.0,5.0,3368.12
1274,CUST0260,2025-03-21,Beauty,Sunscreen SPF50,3481.81,1,,CASH ON DELIVERY,,,,3481.81
2710,CUST0069,2024-01-18,Fashion,Cotton T-Shirt,3709.67,2,east,Debit Card,29.0,3.0,4.0,7419.34
3741,CUST0278,2025-01-28,Fashion,Denim Jacket,5457.03,1,Central,Debit Card,32.0,1.0,3.0,5457.03
1964,CUST0332,2024-07-22,Home & Kitchen,Storage Boxes,5133.54,1,Central,Cash on Delivery,39.0,2.0,5.0,5133.54
3516,CUST0542,2025-04-05,Beauty,Makeup Kit,1193.49,1,West,Debit Card,16.0,3.0,5.0,1193.49
3858,CUST0210,2024-04-28,Electronics,Power Bank,467.48,1,Central,DEBIT CARD,31.0,3.0,5.0,467.48
3975,CUST0330,2025-07-13,Electronics,Smartwatch,4631.05,1,Central,Net Banking,28.0,2.0,2.0,4631.05
3662,CUST0586,2025-02-26,Electronics,Bluetooth Speaker,4136.63,2,Central,UPI,44.0,3.0,3.0,8273.26
3558,CUST0212,2024-11-26,Sports,Resistance Bands,215.53,1,East,Net Banking,31.0,2.0,5.0,215.53
2453,CUST0119,2025-08-28,Home & Kitchen,LED Desk Lamp,3399.64,1,Central,UPI,32.0,2.0,4.0,3399.64
1150,CUST0658,2025-01-07,Electronics,Power Bank,1816.51,1,South,Debit Card,35.0,5.0,4.0,1816.51
2758,CUST0169,2024-06-27,Electronics,Power Bank,3700.63,1,West,Net Banking,30.0,3.0,5.0,3700.63
1219,CUST0201,2024-03-02,Sports,Resistance Bands,4798.28,1,east,Credit Card,32.0,1.0,5.0,4798.28
1240,CUST0104,2025-04-27,Electronics,Power Bank,1030.55,2,East,Net Banking,20.0,2.0,5.0,2061.1
2132,CUST0735,2025-09-04,Electronics,Wireless Earbuds,2669.95,1,West,Cash on Delivery,31.0,3.0,4.0,2669.95
3707,CUST0546,2024-05-11,Fashion,Running Shoes,3389.24,2,Central,Cash on Delivery,44.0,6.0,5.0,6778.48
3240,CUST0343,2025-12-17,Beauty,Sunscreen SPF50,3314.45,3,Central,Net Banking,28.0,5.0,3.0,9943.35
3382,CUST0293,2025-08-12,Beauty,Lip Balm Set,2841.42,1,North,Cash on Delivery,31.0,3.0,5.0,2841.42
2254,CUST0761,2024-02-03,Home & Kitchen,Non-stick Pan,842.65,1,West,UPI,36.0,2.0,4.0,842.65
2054,CUST0378,2024-04-20,Home & Kitchen,Wall Clock,5617.16,1,South,Net Banking,16.0,3.0,4.0,5617.16
2669,CUST0711,2025-05-23,Beauty,Makeup Kit,1068.79,1,Central,Net Banking,44.0,7.0,4.0,1068.79
3547,CUST0298,2025-11-29,Fashion,Leather Wallet,4218.77,1,North,Credit Card,28.0,5.0,3.0,4218.77
3980,CUST0059,2025-06-15,Fashion,Running Shoes,3767.92,1,Central,UPI,25.0,3.0,3.0,3767.92
2358,CUST0125,2024-02-12,Home & Kitchen,Non-stick Pan,1277.61,1,South,Credit Card,16.0,3.0,5.0,1277.61
1776,CUST0706,2024-05-25,Sports,Dumbbell Set,5908.99,1,North,UPI,40.0,4.0,5.0,5908.99
3822,CUST0517,2024-11-25,Sports,Dumbbell Set,2294.11,1,Central,UPI,30.0,3.0,5.0,2294.11
1840,CUST0381,2024-12-02,Home & Kitchen,Wall Clock,1235.33,1,Central,UPI,41.0,4.0,5.0,1235.33
1628,CUST0679,2025-01-23,Sports,Cricket Bat,1165.98,1,east,Cash on Delivery,20.0,4.0,5.0,1165.98
1324,CUST0335,2025-01-18,Beauty,Lip Balm Set,1340.32,1,North,Debit Card,29.0,6.0,4.0,1340.32
3718,CUST0064,2024-08-27,Fashion,Sunglasses,435.23,1,South,Credit Card,16.0,2.0,5.0,435.23
3947,CUST0053,2025-06-16,Beauty,Makeup Kit,2000.46,3,Central,Cash on Delivery,26.0,3.0,,6001.38
2868,CUST0246,2024-08-28,Fashion,Leather Wallet,4601.7,2,South,Cash on Delivery,36.0,6.0,2.0,9203.4
2161,CUST0175,2025-12-23,Fashion,Running Shoes,3611.2,1,South,UPI,45.0,4.0,5.0,3611.2
2077,CUST0313,2024-06-06,Electronics,Power Bank,4190.41,2,South,UPI,57.0,3.0,4.0,8380.82
1438,CUST0310,2024-05-05,Beauty,Makeup Kit,498.76,1,Central,Debit Card,41.0,2.0,4.0,498.76
1120,CUST0084,2025-01-31,Sports,Cricket Bat,5147.13,1,South,Net Banking,27.0,5.0,4.0,5147.13
3877,CUST0386,2024-11-30,Electronics,Wireless Earbuds,4310.03,1,Central,Credit Card,24.0,5.0,4.0,4310.03
3655,CUST0285,2024-08-04,Home & Kitchen,Non-stick Pan,1013.85,2,West,UPI,32.0,3.0,3.0,2027.7
3981,CUST0411,2025-08-23,Electronics,Wireless Earbuds,2230.07,2,North,Cash on Delivery,18.0,2.0,5.0,4460.14
2815,CUST0112,2024-01-03,Beauty,Hair Dryer,1106.86,1,East,UPI,33.0,4.0,4.0,1106.86
2840,CUST0724,2025-07-27,Electronics,Power Bank,3778.98,1,East,Cash on Delivery,29.0,3.0,3.0,3778.98
2027,CUST0745,2025-07-12,Fashion,Running Shoes,3853.05,1,South,UPI,38.0,1.0,5.0,3853.05
1077,CUST0411,2024-04-27,Fashion,Denim Jacket,4954.36,1,west,Net Banking,43.0,2.0,3.0,4954.36
1901,CUST0068,2025-11-09,Fashion,Cotton T-Shirt,5386.14,1,West,UPI,31.0,4.0,5.0,5386.14
1372,CUST0752,2024-08-24,Electronics,Power Bank,592.62,1,Central,UPI,33.0,1.0,4.0,592.62
2205,CUST0680,2025-06-17,Electronics,Wireless Earbuds,3594.45,1,South,Cash on Delivery,44.0,2.0,4.0,3594.45
3553,CUST0544,2024-07-03,Sports,Resistance Bands,645.36,1,West,Cash on Delivery,36.0,2.0,4.0,645.36
1942,CUST0058,2024-02-22,Sports,Cricket Bat,2275.73,1,North,Cash on Delivery,29.0,10.0,3.0,2275.73
1553,CUST0804,2024-09-20,Beauty,Hair Dryer,5085.81,1,Central,Debit Card,37.0,1.0,5.0,5085.81
1407,CUST0043,2025-08-21,Beauty,Face Serum,3405.98,1,East,UPI,25.0,3.0,5.0,3405.98
3118,CUST0532,2024-11-30,Sports,Resistance Bands,1511.11,1,North,UPI,31.0,3.0,3.0,1511.11
2614,CUST0358,2024-11-27,Fashion,Running Shoes,3164.24,5,south,UPI,29.0,1.0,,15821.2
1969,CUST0761,2024-09-29,Electronics,Wireless Earbuds,611.09,2,West,Cash on Delivery,27.0,3.0,5.0,1222.18
3350,CUST0019,2024-05-01,Fashion,Leather Wallet,4451.2,1,North,Net Banking,25.0,4.0,5.0,4451.2
2747,CUST0135,2025-05-16,Fashion,Leather Wallet,3663.49,1,North,UPI,37.0,6.0,5.0,3663.49
1690,CUST0133,2024-12-03,Sports,Yoga Mat,5482.72,1,East,Credit Card,28.0,4.0,2.0,5482.72
2739,CUST0714,2025-08-15,Fashion,Denim Jacket,3710.2,2,Central,Debit Card,25.0,4.0,5.0,7420.4
1237,CUST0059,2024-05-01,Fashion,Sunglasses,829.41,3,north,UPI,38.0,4.0,5.0,2488.23
3876,CUST0319,2024-06-15,Fashion,Running Shoes,2198.47,1,Central,Credit Card,33.0,2.0,3.0,2198.47
2987,CUST0394,2024-05-22,Sports,Resistance Bands,2443.94,1,East,UPI,52.0,7.0,,2443.94
2984,CUST0530,2024-01-06,Beauty,Hair Dryer,397.76,1,north,UPI,33.0,2.0,5.0,397.76
1500,CUST0732,2024-04-29,Fashion,Denim Jacket,5838.9,1,north,Credit Card,39.0,4.0,4.0,5838.9
1823,CUST0368,2025-06-12,Fashion,Running Shoes,2856.32,2,Central,Net Banking,33.0,2.0,4.0,5712.64
1795,CUST0175,2025-08-26,Home & Kitchen,Wall Clock,2476.16,1,West,Credit Card,30.0,4.0,5.0,2476.16
1991,CUST0290,2025-01-29,Fashion,Running Shoes,2588.48,1,West,UPI,36.0,4.0,5.0,2588.48
1568,CUST0172,2024-05-22,Home & Kitchen,Non-stick Pan,1996.97,2,South,UPI,37.0,4.0,4.0,3993.94
3436,CUST0119,2025-09-04,Fashion,Cotton T-Shirt,1000.51,1,north,Debit Card,29.0,10.0,4.0,1000.51
1391,CUST0796,2024-01-12,Home & Kitchen,Storage Boxes,2551.4,1,South,UPI,25.0,2.0,3.0,2551.4
1744,CUST0793,2024-07-21,Fashion,Cotton T-Shirt,2818.53,1,South,Net Banking,39.0,1.0,3.0,2818.53
3401,CUST0042,2024-05-18,Sports,Cricket Bat,1106.19,1,east,Credit Card,26.0,4.0,5.0,1106.19
2218,CUST0063,2024-12-08,Electronics,Bluetooth Speaker,756.08,1,East,UPI,36.0,1.0,3.0,756.08
1236,CUST0245,2025-03-05,Fashion,Running Shoes,331.09,1,East,UPI,27.0,2.0,1.0,331.09
3773,CUST0223,2025-11-02,Home & Kitchen,LED Desk Lamp,4954.97,1,East,Cash on Delivery,32.0,4.0,5.0,4954.97
1481,CUST0427,2024-07-17,Fashion,Denim Jacket,2566.68,1,north,Debit Card,25.0,4.0,5.0,2566.68
3043,CUST0732,2024-09-24,Electronics,Bluetooth Speaker,3330.62,1,west,UPI,43.0,3.0,5.0,3330.62
2678,CUST0044,2024-08-28,Fashion,Denim Jacket,1589.31,2,North,Credit Card,30.0,2.0,2.0,3178.62
3753,CUST0711,2024-06-17,Sports,Resistance Bands,2063.99,1,West,Cash on Delivery,39.0,2.0,4.0,2063.99
3905,CUST0821,2025-03-22,Sports,Yoga Mat,1126.05,1,North,Credit Card,50.0,4.0,5.0,1126.05
3713,CUST0234,2024-02-21,Beauty,Makeup Kit,1138.54,2,West,UPI,64.0,3.0,5.0,2277.08
3657,CUST0034,2025-05-02,Fashion,Denim Jacket,2645.63,1,South,Debit Card,21.0,4.0,,2645.63
1121,CUST0387,2025-12-07,Home & Kitchen,Coffee Maker,5712.55,1,East,UPI,37.0,3.0,5.0,5712.55
2273,CUST0311,2024-12-31,Fashion,Denim Jacket,3384.91,1,East,Credit Card,20.0,7.0,5.0,3384.91
1927,CUST0649,2024-07-22,Sports,Resistance Bands,591.99,1,North,UPI,25.0,6.0,4.0,591.99
2595,CUST0129,2025-07-07,Electronics,Bluetooth Speaker,4954.68,1,Central,Debit Card,28.0,5.0,4.0,4954.68
1224,CUST0865,2025-11-19,Home & Kitchen,Wall Clock,3171.95,1,East,Net Banking,25.0,1.0,3.0,3171.95
1767,CUST0828,2025-11-05,Fashion,Denim Jacket,300.59,1,West,Net Banking,32.0,3.0,4.0,300.59
1614,CUST0590,2025-02-06,Electronics,Bluetooth Speaker,4481.98,2,South,UPI,,4.0,,8963.96
2246,CUST0246,2024-01-27,Sports,Football,1729.53,1,South,Cash on Delivery,26.0,2.0,4.0,1729.53
2541,CUST0517,2025-02-26,Home & Kitchen,Non-stick Pan,5925.97,2,West,Credit Card,39.0,10.0,5.0,11851.94
1053,CUST0457,2025-12-09,Electronics,Phone Case,5998.35,5,North,UPI,45.0,7.0,5.0,29991.75
1530,CUST0732,2025-05-25,Electronics,Smartwatch,3550.11,2,south,UPI,43.0,2.0,4.0,7100.22
2900,CUST0480,2025-06-08,Fashion,Cotton T-Shirt,372.01,1,North,Debit Card,18.0,2.0,4.0,372.01
3949,CUST0895,2025-11-10,Sports,Football,4461.52,2,West,Credit Card,26.0,6.0,4.0,8923.04
1819,CUST0812,2024-05-19,Electronics,Power Bank,5006.63,3,Central,UPI,23.0,1.0,4.0,15019.89
1156,CUST0580,2025-07-07,Home & Kitchen,LED Desk Lamp,2654.97,2,West,Net Banking,38.0,4.0,5.0,5309.94
3894,CUST0492,2024-11-01,Electronics,Power Bank,5165.29,1,east,Credit Card,37.0,3.0,4.0,5165.29
1249,CUST0083,2025-01-18,Electronics,Wireless Earbuds,4171.33,1,South,UPI,36.0,4.0,4.0,4171.33
1762,CUST0336,2025-12-21,Electronics,Smartwatch,5612.02,1,North,Net Banking,31.0,3.0,3.0,5612.02
2895,CUST0568,2024-02-13,Home & Kitchen,Coffee Maker,5709.75,1,West,UPI,38.0,2.0,4.0,5709.75
3030,CUST0012,2024-11-10,Beauty,Lip Balm Set,350.57,2,South,Debit Card,43.0,6.0,,701.14
2131,CUST0434,2025-01-23,Fashion,Running Shoes,1459.8,1,East,Credit Card,43.0,6.0,4.0,1459.8
1543,CUST0225,2024-06-14,Electronics,Bluetooth Speaker,648.82,2,West,Net Banking,16.0,2.0,4.0,1297.64
1794,CUST0831,2025-08-29,Beauty,Makeup Kit,332.37,2,North,Debit Card,32.0,2.0,3.0,664.74
2726,CUST0562,2025-03-12,Electronics,Bluetooth Speaker,3602.48,1,West,Credit Card,30.0,4.0,5.0,3602.48
1629,CUST0407,2025-08-20,Electronics,Bluetooth Speaker,665.63,1,East,UPI,39.0,10.0,4.0,665.63
3199,CUST0860,2024-11-03,Beauty,Face Serum,4025.55,1,North,Cash on Delivery,24.0,5.0,4.0,4025.55
3717,CUST0024,2024-06-28,Beauty,Hair Dryer,2185.18,5,Central,Credit Card,33.0,2.0,4.0,10925.9
3340,CUST0181,2024-11-23,Fashion,Leather Wallet,3833.51,1,Central,UPI,31.0,4.0,5.0,3833.51
3430,CUST0373,2024-08-06,Fashion,Sunglasses,499.02,1,Central,UPI,32.0,6.0,4.0,499.02
3864,CUST0823,2024-12-11,Electronics,Bluetooth Speaker,190.37,1,West,Debit Card,18.0,5.0,4.0,190.37
2368,CUST0787,2024-11-25,Beauty,Lip Balm Set,2557.4,1,East,Credit Card,30.0,2.0,3.0,2557.4
2621,CUST0865,2024-06-08,Sports,Football,2168.15,1,North,UPI,24.0,4.0,4.0,2168.15
3801,CUST0271,2025-12-29,Home & Kitchen,Storage Boxes,805.7,2,Central,UPI,46.0,5.0,5.0,1611.4
2072,CUST0303,2025-09-25,Sports,Yoga Mat,3207.78,1,South,Debit Card,32.0,1.0,3.0,3207.78
1555,CUST0676,2024-08-03,Fashion,Running Shoes,5804.37,1,South,UPI,38.0,4.0,5.0,5804.37
2829,CUST0478,2024-07-06,Electronics,Phone Case,4117.35,1,North,Debit Card,42.0,1.0,5.0,4117.35
1827,CUST0092,2025-07-07,Fashion,Denim Jacket,1772.48,1,west,Net Banking,27.0,3.0,4.0,1772.48
1974,CUST0076,2024-03-26,Beauty,Face Serum,842.32,5,South,Debit Card,23.0,5.0,4.0,4211.6
2985,CUST0542,2024-08-20,Beauty,Sunscreen SPF50,3814.24,1,East,Debit Card,26.0,7.0,5.0,3814.24
2838,CUST0713,2025-01-05,Fashion,Denim Jacket,3372.28,1,South,Net Banking,36.0,3.0,5.0,3372.28
1536,CUST0620,2024-05-31,Electronics,Phone Case,5734.8,2,East,UPI,,2.0,,11469.6
3687,CUST0767,2024-01-31,Fashion,Running Shoes,1423.03,1,Central,UPI,18.0,2.0,,1423.03
1155,CUST0803,2025-10-16,Home & Kitchen,Wall Clock,1496.94,1,North,CASH ON DELIVERY,20.0,4.0,2.0,1496.94
3596,CUST0761,2025-08-19,Fashion,Leather Wallet,3534.79,1,East,UPI,37.0,5.0,5.0,3534.79
3830,CUST0385,2024-05-31,Beauty,Hair Dryer,4509.62,1,central,Credit Card,38.0,5.0,4.0,4509.62
1323,CUST0057,2025-09-21,Electronics,Phone Case,4780.62,1,Central,CREDIT CARD,35.0,6.0,4.0,4780.62
2711,CUST0542,2024-02-25,Electronics,Wireless Earbuds,2969.79,1,West,UPI,19.0,3.0,5.0,2969.79
1015,CUST0002,2024-04-22,Home & Kitchen,Storage Boxes,529.62,1,North,UPI,39.0,4.0,3.0,529.62
2799,CUST0562,2024-09-12,Home & Kitchen,Coffee Maker,538.49,1,Central,UPI,29.0,10.0,4.0,538.49
3833,CUST0620,2025-07-25,Electronics,Phone Case,1920.2,5,West,Credit Card,65.0,1.0,5.0,9601.0
1083,CUST0476,2024-03-03,Fashion,Sunglasses,1773.88,1,west,Credit Card,32.0,10.0,4.0,1773.88
2944,CUST0403,2024-10-07,Electronics,Power Bank,5681.38,1,South,Debit Card,23.0,10.0,2.0,5681.38
2989,CUST0430,2025-04-06,Fashion,Leather Wallet,3666.61,2,East,UPI,,6.0,,7333.22
2384,CUST0728,2024-04-20,Sports,Resistance Bands,4460.94,1,East,UPI,25.0,3.0,3.0,4460.94
2575,CUST0215,2024-04-30,Fashion,Cotton T-Shirt,5683.24,1,West,Credit Card,26.0,2.0,3.0,5683.24
3059,CUST0557,2025-07-28,Home & Kitchen,Wall Clock,4895.1,1,East,Cash on Delivery,18.0,2.0,5.0,4895.1
3897,CUST0735,2024-05-28,Sports,Cricket Bat,4019.61,1,West,Credit Card,18.0,4.0,4.0,4019.61
2495,CUST0733,2025-08-04,Fashion,Sunglasses,3640.34,1,north,Debit Card,44.0,3.0,4.0,3640.34
1832,CUST0540,2024-06-08,Home & Kitchen,Wall Clock,5248.32,1,north,Net Banking,27.0,4.0,2.0,5248.32
3081,CUST0889,2025-01-07,Electronics,Phone Case,1585.65,1,East,Debit Card,31.0,6.0,5.0,1585.65
2175,CUST0746,2025-10-10,Fashion,Cotton T-Shirt,2121.24,1,central,UPI,25.0,1.0,5.0,2121.24
1414,CUST0220,2025-10-27,Home & Kitchen,Coffee Maker,1879.64,3,West,UPI,26.0,3.0,4.0,5638.92
2818,CUST0892,2024-02-29,Electronics,Bluetooth Speaker,4540.39,1,North,DEBIT CARD,38.0,5.0,5.0,4540.39
1166,CUST0025,2024-06-12,Fashion,Cotton T-Shirt,3697.27,1,West,Credit Card,23.0,6.0,5.0,3697.27
3594,CUST0507,2024-09-16,Fashion,Denim Jacket,3361.93,1,West,UPI,28.0,2.0,4.0,3361.93
3940,CUST0551,2025-07-05,Beauty,Lip Balm Set,328.05,2,East,Credit Card,36.0,4.0,5.0,656.1
1615,CUST0718,2024-02-08,Electronics,Smartwatch,1167.77,1,Central,Debit Card,31.0,3.0,5.0,1167.77
2015,CUST0525,2024-10-26,Fashion,Sunglasses,2506.9,3,East,UPI,32.0,3.0,5.0,7520.7
3138,CUST0287,2024-08-23,Fashion,Leather Wallet,3563.45,1,south,UPI,17.0,6.0,5.0,3563.45
3762,CUST0765,2025-06-19,Sports,Dumbbell Set,2639.67,1,North,Credit Card,30.0,1.0,4.0,2639.67
2238,CUST0845,2025-11-17,Sports,Resistance Bands,1529.16,1,East,UPI,16.0,7.0,4.0,1529.16
3182,CUST0656,2025-06-05,Electronics,Phone Case,3610.33,1,West,Credit Card,27.0,4.0,4.0,3610.33
1556,CUST0067,2025-06-20,Fashion,Denim Jacket,4591.55,1,North,UPI,27.0,1.0,4.0,4591.55
3369,CUST0562,2024-08-16,Fashion,Denim Jacket,4309.47,1,West,UPI,43.0,3.0,4.0,4309.47
3871,CUST0031,2024-08-01,Fashion,Sunglasses,1027.16,1,north,Debit Card,27.0,3.0,4.0,1027.16
2212,CUST0303,2025-05-15,Sports,Yoga Mat,1566.22,1,north,UPI,33.0,4.0,4.0,1566.22
3800,CUST0143,2025-09-11,Electronics,Wireless Earbuds,5300.01,1,North,CREDIT CARD,18.0,2.0,3.0,5300.01
1635,CUST0044,2024-04-22,Home & Kitchen,LED Desk Lamp,342.21,1,West,UPI,26.0,4.0,4.0,342.21
2056,CUST0871,2024-04-01,Electronics,Smartwatch,5268.95,1,North,UPI,22.0,2.0,4.0,5268.95
3341,CUST0383,2025-01-29,Beauty,Face Serum,3109.91,1,Central,Net Banking,45.0,3.0,4.0,3109.91
2709,CUST0194,2025-03-03,Fashion,Denim Jacket,3641.14,1,west,Debit Card,39.0,3.0,5.0,3641.14
1797,CUST0464,2025-11-28,Electronics,Wireless Earbuds,3715.74,1,North,Debit Card,29.0,3.0,,3715.74
3847,CUST0276,2024-07-30,Sports,Resistance Bands,1932.23,1,West,Credit Card,43.0,2.0,5.0,1932.23
1175,CUST0284,2024-04-29,Sports,Yoga Mat,1995.13,1,West,Net Banking,17.0,5.0,2.0,1995.13
1246,CUST0810,2024-10-13,Sports,Resistance Bands,4444.07,2,East,Debit Card,40.0,7.0,2.0,8888.14
2081,CUST0220,2025-01-05,Beauty,Lip Balm Set,1647.49,1,south,Cash on Delivery,38.0,3.0,5.0,1647.49
2655,CUST0111,2024-08-30,Beauty,Lip Balm Set,1280.43,1,Central,Debit Card,41.0,3.0,5.0,1280.43
3979,CUST0420,2025-03-29,Electronics,Bluetooth Speaker,2819.13,1,East,Credit Card,16.0,4.0,3.0,2819.13
1145,CUST0279,2025-08-11,Sports,Yoga Mat,1838.81,1,South,Net Banking,43.0,7.0,4.0,1838.81
1146,CUST0143,2025-10-02,Fashion,Running Shoes,853.22,1,West,Debit Card,38.0,1.0,4.0,853.22
1091,CUST0237,2025-12-14,Beauty,Face Serum,3459.79,5,North,Credit Card,19.0,3.0,4.0,17298.95
1683,CUST0088,2024-07-23,Sports,Cricket Bat,3988.65,1,West,UPI,40.0,6.0,5.0,3988.65
1311,CUST0754,2024-03-03,Beauty,Sunscreen SPF50,1860.44,1,North,Net Banking,25.0,3.0,5.0,1860.44
1094,CUST0634,2024-09-24,Sports,Dumbbell Set,3853.62,1,central,Credit Card,16.0,4.0,5.0,3853.62
3660,CUST0412,2024-08-22,Sports,Resistance Bands,2122.67,1,East,Credit Card,43.0,5.0,4.0,2122.67
2957,CUST0865,2024-02-06,Beauty,Lip Balm Set,1509.01,1,East,Credit Card,25.0,4.0,5.0,1509.01
1925,CUST0853,2024-06-04,Beauty,Sunscreen SPF50,4276.37,1,East,Credit Card,20.0,4.0,3.0,4276.37
3911,CUST0630,2024-12-07,Home & Kitchen,LED Desk Lamp,4787.94,1,South,Debit Card,31.0,5.0,5.0,4787.94
2910,CUST0132,2025-04-07,Beauty,Hair Dryer,4461.33,2,Central,Net Banking,25.0,3.0,3.0,8922.66
2036,CUST0310,2025-06-14,Electronics,Wireless Earbuds,3215.62,1,East,UPI,28.0,6.0,5.0,3215.62
2401,CUST0420,2025-03-15,Fashion,Sunglasses,383.06,5,West,CREDIT CARD,34.0,3.0,4.0,1915.3
3292,CUST0526,2024-02-15,Home & Kitchen,Wall Clock,4121.47,1,North,UPI,30.0,2.0,4.0,4121.47
2501,CUST0788,2025-10-12,Home & Kitchen,Storage Boxes,3282.72,2,West,UPI,32.0,3.0,5.0,6565.44
3263,CUST0406,2024-11-19,Home & Kitchen,LED Desk Lamp,825.42,1,south,Debit Card,16.0,5.0,3.0,825.42
2469,CUST0530,2025-09-30,Electronics,Phone Case,1793.48,1,West,Credit Card,31.0,6.0,3.0,1793.48
1999,CUST0702,2024-07-09,Beauty,Face Serum,3596.34,2,Central,Credit Card,26.0,10.0,5.0,7192.68
1854,CUST0162,2025-07-25,Sports,Yoga Mat,2535.27,1,West,Credit Card,16.0,5.0,5.0,2535.27
3474,CUST0440,2025-08-29,Electronics,Bluetooth Speaker,5722.45,1,West,UPI,40.0,2.0,4.0,5722.45
3205,CUST0748,2024-07-01,Electronics,Smartwatch,249.04,2,Central,Cash on Delivery,28.0,3.0,5.0,498.08
2143,CUST0047,2024-04-14,Beauty,Face Serum,1634.13,2,West,UPI,43.0,2.0,1.0,3268.26
2144,CUST0446,2025-12-11,Beauty,Sunscreen SPF50,4386.63,1,South,Debit Card,29.0,1.0,5.0,4386.63
3275,CUST0506,2024-03-25,Beauty,Lip Balm Set,1333.83,2,Central,Net Banking,33.0,3.0,4.0,2667.66
3049,CUST0018,2025-05-03,Home & Kitchen,Coffee Maker,5422.42,1,,Debit Card,,,,5422.42
1402,CUST0588,2024-12-28,Home & Kitchen,Storage Boxes,813.63,5,west,UPI,20.0,2.0,4.0,4068.15
2104,CUST0351,2024-09-27,Home & Kitchen,LED Desk Lamp,3791.54,1,South,Credit Card,37.0,3.0,4.0,3791.54
1085,CUST0897,2025-04-21,Electronics,Power Bank,2911.59,1,east,UPI,44.0,3.0,4.0,2911.59
3211,CUST0351,2024-11-16,Fashion,Sunglasses,204.14,3,East,Credit Card,22.0,1.0,4.0,612.42
3900,CUST0501,2024-05-19,Beauty,Lip Balm Set,2947.26,-1,East,Net Banking,47.0,3.0,4.0,2947.26
1115,CUST0295,2024-01-31,Sports,Yoga Mat,4981.03,1,Central,Credit Card,42.0,2.0,5.0,4981.03
3626,CUST0438,2024-03-17,Beauty,Lip Balm Set,2043.4,1,West,Cash on Delivery,52.0,4.0,5.0,2043.4
2586,CUST0810,2024-02-17,Home & Kitchen,LED Desk Lamp,5272.01,2,North,Net Banking,31.0,2.0,4.0,10544.02
2568,CUST0565,2024-08-06,Fashion,Denim Jacket,928.07,1,Central,Debit Card,34.0,3.0,4.0,928.07
2502,CUST0375,2025-06-04,Sports,Yoga Mat,5761.28,1,Central,CREDIT CARD,25.0,1.0,3.0,5761.28
2661,CUST0405,2025-06-12,Home & Kitchen,Coffee Maker,3254.18,1,South,Credit Card,,1.0,,3254.18
2557,CUST0666,2024-02-19,Home & Kitchen,Wall Clock,809.51,1,east,UPI,25.0,4.0,4.0,809.51
3008,CUST0301,2024-09-21,Home & Kitchen,Storage Boxes,1850.8,1,East,Net Banking,48.0,3.0,5.0,1850.8
1626,CUST0655,2024-12-10,Home & Kitchen,Storage Boxes,2874.49,1,West,Net Banking,33.0,3.0,4.0,2874.49
2886,CUST0068,2024-05-07,Electronics,Phone Case,341.5,1,Central,Net Banking,16.0,10.0,5.0,341.5
2867,CUST0184,2025-03-05,Home & Kitchen,Non-stick Pan,3507.23,1,central,Credit Card,45.0,2.0,5.0,3507.23
1953,CUST0280,2024-11-17,Sports,Resistance Bands,768.49,1,East,Net Banking,23.0,7.0,1.0,768.49
3307,CUST0070,2024-07-16,Electronics,Phone Case,3904.12,1,Central,UPI,30.0,2.0,4.0,3904.12
1625,CUST0333,2024-04-12,Electronics,Smartwatch,3181.5,1,North,Cash on Delivery,39.0,7.0,4.0,3181.5
1235,CUST0557,2025-07-29,Beauty,Lip Balm Set,3693.81,1,East,Credit Card,49.0,2.0,4.0,3693.81
3184,CUST0110,2025-08-30,Electronics,Bluetooth Speaker,5501.21,1,North,Net Banking,39.0,2.0,5.0,5501.21
3035,CUST0117,2025-08-23,Electronics,Smartwatch,3044.81,3,East,UPI,32.0,4.0,4.0,9134.43
2827,CUST0298,2024-04-27,Fashion,Cotton T-Shirt,2845.34,3,East,Debit Card,37.0,2.0,,8536.02
3856,CUST0556,2024-02-18,Fashion,Cotton T-Shirt,5797.08,2,,NET BANKING,,,,11594.16
2315,CUST0640,2025-12-01,Home & Kitchen,Non-stick Pan,1522.54,1,Central,UPI,24.0,3.0,1.0,1522.54
2526,CUST0784,2024-04-13,Electronics,Wireless Earbuds,2307.98,1,South,Debit Card,19.0,5.0,5.0,2307.98
2563,CUST0049,2025-11-21,Sports,Cricket Bat,3522.29,3,East,Net Banking,22.0,1.0,,10566.87
2753,CUST0872,2024-05-24,Home & Kitchen,Wall Clock,2516.9,1,west,Net Banking,39.0,5.0,5.0,2516.9
2606,CUST0203,2024-11-07,Fashion,Denim Jacket,3465.89,3,South,UPI,46.0,2.0,5.0,10397.67
1344,CUST0212,2025-06-02,Electronics,Smartwatch,3084.22,3,North,Cash on Delivery,30.0,4.0,4.0,9252.66
3990,CUST0812,2024-04-25,Home & Kitchen,Storage Boxes,595.49,1,North,UPI,24.0,4.0,4.0,595.49
3342,CUST0701,2025-06-17,Fashion,Denim Jacket,3143.67,1,Central,Cash on Delivery,25.0,2.0,,3143.67
3413,CUST0015,2025-09-26,Fashion,Cotton T-Shirt,5424.73,2,South,Net Banking,31.0,5.0,5.0,10849.46
3227,CUST0661,2025-03-20,Sports,Resistance Bands,3342.32,1,,Credit Card,,,,3342.32
1997,CUST0336,2024-11-05,Sports,Dumbbell Set,657.47,1,north,Cash on Delivery,32.0,4.0,4.0,657.47
3063,CUST0593,2025-01-06,Beauty,Face Serum,2304.9,3,west,Cash on Delivery,21.0,1.0,2.0,6914.7
2111,CUST0046,2025-07-27,Electronics,Smartwatch,5264.37,1,Central,UPI,20.0,5.0,4.0,5264.37
3214,CUST0832,2024-01-09,Electronics,Power Bank,4115.88,2,South,Credit Card,49.0,7.0,5.0,8231.76
2360,CUST0290,2024-09-15,Home & Kitchen,LED Desk Lamp,4847.5,2,West,Net Banking,28.0,7.0,4.0,9695.0
3108,CUST0471,2025-09-25,Sports,Football,3411.37,1,North,Debit Card,22.0,4.0,5.0,3411.37
1710,CUST0809,2025-12-12,Fashion,Denim Jacket,3425.36,1,East,Credit Card,27.0,3.0,3.0,3425.36
2879,CUST0535,2025-02-06,Electronics,Bluetooth Speaker,1204.37,1,Central,UPI,21.0,2.0,4.0,1204.37
2379,CUST0458,2024-10-23,Electronics,Power Bank,3932.59,1,West,Credit Card,36.0,7.0,2.0,3932.59
1425,CUST0702,2024-02-02,Sports,Yoga Mat,1022.47,2,Central,UPI,18.0,6.0,1.0,2044.94
1293,CUST0453,2024-09-26,Electronics,Bluetooth Speaker,5083.18,1,East,Credit Card,,4.0,,5083.18
2066,CUST0084,2024-03-04,Fashion,Denim Jacket,2968.27,1,,UPI,,,,2968.27
3378,CUST0019,2024-08-30,Fashion,Sunglasses,3125.8,1,Central,Net Banking,29.0,2.0,5.0,3125.8
2639,CUST0490,2024-09-28,Home & Kitchen,Non-stick Pan,3706.33,1,East,Credit Card,29.0,1.0,3.0,3706.33
3478,CUST0025,2024-04-28,Electronics,Power Bank,276.66,2,West,Net Banking,20.0,7.0,3.0,553.32
2013,CUST0812,2024-08-14,Sports,Cricket Bat,4827.54,1,west,UPI,25.0,5.0,4.0,4827.54
3128,CUST0445,2024-02-08,Beauty,Sunscreen SPF50,4099.7,1,South,Cash on Delivery,19.0,3.0,4.0,4099.7
2718,CUST0416,2025-10-18,Sports,Dumbbell Set,3885.96,1,South,UPI,24.0,10.0,5.0,3885.96
1938,CUST0511,2024-06-11,Electronics,Wireless Earbuds,772.25,1,Central,Credit Card,46.0,1.0,4.0,772.25
1835,CUST0309,2025-02-22,Beauty,Sunscreen SPF50,5083.73,1,East,Cash on Delivery,39.0,5.0,4.0,5083.73
1255,CUST0157,2024-06-02,Electronics,Wireless Earbuds,4332.98,1,West,Debit Card,33.0,3.0,4.0,4332.98
2483,CUST0615,2024-08-26,Home & Kitchen,Non-stick Pan,1737.78,1,East,Cash on Delivery,33.0,3.0,5.0,1737.78
3987,CUST0016,2025-09-12,Home & Kitchen,Wall Clock,648.22,1,South,Net Banking,38.0,2.0,2.0,648.22
2408,CUST0376,2025-08-11,Electronics,Bluetooth Speaker,4556.43,1,South,Credit Card,41.0,10.0,3.0,4556.43
3922,CUST0326,2024-10-09,Fashion,Leather Wallet,773.83,1,West,Cash on Delivery,32.0,6.0,4.0,773.83
3185,CUST0585,2024-05-16,Fashion,Cotton T-Shirt,3420.96,1,South,UPI,29.0,3.0,4.0,3420.96
1724,CUST0292,2025-04-02,Fashion,Sunglasses,4733.97,2,East,Cash on Delivery,38.0,2.0,5.0,9467.94
1970,CUST0202,2025-11-06,Fashion,Running Shoes,1536.02,2,north,Credit Card,32.0,10.0,4.0,3072.04
1497,CUST0008,2025-01-26,Electronics,Bluetooth Speaker,2071.06,1,Central,Net Banking,17.0,2.0,5.0,2071.06
1951,CUST0431,2024-02-14,Beauty,Face Serum,1590.68,2,West,Credit Card,35.0,7.0,5.0,3181.36
1806,CUST0349,2025-04-17,Sports,Dumbbell Set,2610.69,1,East,UPI,36.0,3.0,4.0,2610.69
2830,CUST0371,2025-12-05,Fashion,Running Shoes,5965.92,1,West,Net Banking,30.0,4.0,5.0,5965.92
3178,CUST0380,2025-06-17,Fashion,Leather Wallet,1379.19,1,,Net Banking,,,,1379.19
2740,CUST0165,2025-09-15,Sports,Cricket Bat,4248.5,3,Central,Credit Card,25.0,4.0,4.0,12745.5
1338,CUST0315,2024-10-02,Electronics,Wireless Earbuds,3481.48,2,West,Credit Card,41.0,3.0,4.0,6962.96
1731,CUST0052,2024-08-22,Electronics,Power Bank,1418.36,1,Central,UPI,18.0,3.0,4.0,1418.36
1609,CUST0711,2025-11-10,Home & Kitchen,LED Desk Lamp,5634.26,1,West,Debit Card,27.0,5.0,3.0,5634.26
2149,CUST0018,2025-02-23,Home & Kitchen,Non-stick Pan,4778.42,1,west,Credit Card,20.0,2.0,4.0,4778.42
3244,CUST0360,2024-07-09,Electronics,Smartwatch,1062.22,1,South,Credit Card,36.0,2.0,5.0,1062.22
2714,CUST0060,2024-03-21,Electronics,Smartwatch,400.4,2,North,Net Banking,28.0,3.0,4.0,800.8
4000,CUST0570,2025-05-13,Sports,Resistance Bands,693.33,1,South,Cash on Delivery,42.0,1.0,,693.33
1910,CUST0168,2025-01-31,Home & Kitchen,Non-stick Pan,172.04,1,East,Cash on Delivery,29.0,4.0,4.0,172.04
3633,CUST0805,2025-01-21,Electronics,Smartwatch,4115.43,1,west,Debit Card,41.0,6.0,3.0,4115.43
3152,CUST0421,2025-09-30,Beauty,Lip Balm Set,3303.2,1,North,UPI,44.0,7.0,5.0,3303.2
3011,CUST0404,2024-03-13,Electronics,Bluetooth Speaker,2843.23,2,South,Net Banking,18.0,10.0,4.0,5686.46
3492,CUST0525,2025-07-31,Fashion,Denim Jacket,5682.41,3,south,Cash on Delivery,19.0,3.0,5.0,17047.23
2811,CUST0793,2024-07-23,Electronics,Wireless Earbuds,2967.23,1,Central,Cash on Delivery,39.0,4.0,2.0,2967.23
2995,CUST0674,2025-12-11,Fashion,Running Shoes,5226.1,1,East,UPI,37.0,4.0,3.0,5226.1
1720,CUST0434,2025-03-24,Fashion,Cotton T-Shirt,3032.77,1,West,UPI,41.0,10.0,3.0,3032.77
2570,CUST0676,2024-06-24,Electronics,Wireless Earbuds,993.51,1,West,UPI,27.0,2.0,5.0,993.51
3276,CUST0528,2024-03-12,Sports,Dumbbell Set,3575.51,1,East,Credit Card,42.0,2.0,4.0,3575.51
1435,CUST0813,2024-11-18,Electronics,Bluetooth Speaker,5811.65,1,South,Debit Card,20.0,1.0,5.0,5811.65
2300,CUST0696,2025-05-12,Fashion,Denim Jacket,2900.85,1,North,Credit Card,22.0,2.0,5.0,2900.85
3175,CUST0817,2024-07-24,Home & Kitchen,Coffee Maker,1783.36,1,Central,Credit Card,20.0,5.0,4.0,1783.36
1406,CUST0718,2025-10-24,Sports,Cricket Bat,156.51,1,East,Credit Card,38.0,2.0,5.0,156.51
1822,CUST0701,2024-02-09,Beauty,Makeup Kit,2867.81,2,Central,Credit Card,22.0,4.0,5.0,5735.62
2790,CUST0896,2024-03-06,Fashion,Leather Wallet,954.34,1,Central,Credit Card,38.0,3.0,5.0,954.34
3924,CUST0518,2024-05-10,Fashion,Denim Jacket,2230.72,1,,Credit Card,,,,2230.72
3352,CUST0508,2024-05-03,Electronics,Phone Case,5762.86,2,North,UPI,21.0,10.0,5.0,11525.72
3316,CUST0033,2024-12-25,Home & Kitchen,Wall Clock,2056.03,1,South,Net Banking,31.0,4.0,5.0,2056.03
2859,CUST0810,2024-05-20,Beauty,Makeup Kit,2247.95,1,East,Debit Card,35.0,6.0,2.0,2247.95
2558,CUST0371,2024-07-03,Electronics,Bluetooth Speaker,1318.95,2,East,Net Banking,45.0,2.0,3.0,2637.9
1546,CUST0029,2025-07-29,Beauty,Lip Balm Set,1759.33,1,East,Net Banking,30.0,3.0,5.0,1759.33
1213,CUST0629,2024-01-01,Sports,Football,5046.69,1,Central,UPI,44.0,3.0,4.0,5046.69
1897,CUST0124,2024-08-14,Fashion,Denim Jacket,4566.4,1,Central,Credit Card,29.0,10.0,3.0,4566.4
2942,CUST0129,2025-07-03,Home & Kitchen,Wall Clock,1847.07,1,South,UPI,43.0,1.0,2.0,1847.07
2892,CUST0783,2024-06-19,Fashion,Running Shoes,1739.92,2,East,Net Banking,23.0,10.0,5.0,3479.84
1917,CUST0462,2025-09-14,Fashion,Cotton T-Shirt,5980.53,2,North,Debit Card,43.0,5.0,5.0,11961.06
2290,CUST0886,2025-08-01,Sports,Cricket Bat,3538.44,1,East,Net Banking,23.0,4.0,4.0,3538.44
1815,CUST0176,2024-08-31,Beauty,Sunscreen SPF50,1596.15,5,East,Net Banking,28.0,2.0,4.0,7980.75
2266,CUST0394,2025-12-01,Electronics,Phone Case,164.79,1,,UPI,,,,164.79
1343,CUST0628,2025-03-13,Beauty,Sunscreen SPF50,3561.67,1,North,Debit Card,27.0,1.0,4.0,3561.67
3598,CUST0151,2025-11-29,Electronics,Phone Case,1762.71,5,South,UPI,26.0,2.0,5.0,8813.55
2411,CUST0137,2025-05-14,Beauty,Face Serum,3873.79,1,North,Cash on Delivery,26.0,4.0,2.0,3873.79
2215,CUST0816,2024-04-05,Fashion,Sunglasses,2898.34,1,Central,Cash on Delivery,31.0,4.0,3.0,2898.34
1967,CUST0891,2024-04-16,Fashion,Cotton T-Shirt,1737.45,1,West,CREDIT CARD,35.0,3.0,4.0,1737.45
2231,CUST0332,2025-01-16,Home & Kitchen,Storage Boxes,652.18,2,North,UPI,42.0,3.0,4.0,1304.36
3344,CUST0699,2024-02-11,Sports,Cricket Bat,1295.73,1,east,UPI,31.0,3.0,3.0,1295.73
1696,CUST0400,2025-09-21,Fashion,Cotton T-Shirt,2861.78,2,South,CASH ON DELIVERY,37.0,3.0,4.0,5723.56
3122,CUST0609,2024-03-31,Electronics,Wireless Earbuds,794.06,1,west,Debit Card,29.0,5.0,5.0,794.06
1606,CUST0658,2024-03-09,Electronics,Power Bank,1639.78,1,Central,Debit Card,37.0,3.0,5.0,1639.78
1105,CUST0359,2024-01-29,Electronics,Phone Case,4638.05,1,South,UPI,52.0,6.0,5.0,4638.05
1646,CUST0601,2025-05-28,Fashion,Cotton T-Shirt,3525.08,1,Central,Debit Card,44.0,3.0,5.0,3525.08
2405,CUST0083,2025-12-23,Electronics,Smartwatch,3827.5,2,East,Net Banking,16.0,5.0,5.0,7655.0
1495,CUST0634,2025-04-16,Beauty,Sunscreen SPF50,4471.65,1,south,UPI,40.0,2.0,3.0,4471.65
3488,CUST0246,2024-12-27,Fashion,Leather Wallet,4811.51,1,central,Credit Card,33.0,4.0,4.0,4811.51
2020,CUST0594,2024-11-12,Sports,Dumbbell Set,4386.6,2,South,Credit Card,37.0,2.0,5.0,8773.2
1092,CUST0146,2024-10-04,Fashion,Cotton T-Shirt,5034.34,5,Central,UPI,30.0,3.0,3.0,25171.7
2113,CUST0613,2024-01-30,Sports,Resistance Bands,1747.53,1,East,UPI,21.0,4.0,5.0,1747.53
1909,CUST0325,2025-02-01,Home & Kitchen,Storage Boxes,5269.98,1,East,Credit Card,21.0,4.0,5.0,5269.98
2475,CUST0870,2025-11-28,Fashion,Sunglasses,2599.71,1,Central,UPI,31.0,4.0,4.0,2599.71
2742,CUST0018,2025-09-27,Sports,Cricket Bat,219.22,1,North,Credit Card,31.0,5.0,4.0,219.22
3151,CUST0542,2024-12-23,Fashion,Sunglasses,5680.4,2,North,UPI,50.0,3.0,5.0,11360.8
1239,CUST0499,2025-07-07,Electronics,Smartwatch,4986.87,2,East,Credit Card,32.0,4.0,4.0,9973.74
1943,CUST0164,2025-10-30,Sports,Resistance Bands,5091.55,1,East,UPI,50.0,5.0,2.0,5091.55
2271,CUST0073,2024-04-29,Electronics,Power Bank,5839.58,2,,Debit Card,,,,11679.16
1939,CUST0763,2024-10-27,Fashion,Sunglasses,1198.2,1,Central,Debit Card,28.0,3.0,5.0,1198.2
2425,CUST0708,2025-11-08,Electronics,Power Bank,3347.58,1,south,Credit Card,29.0,4.0,4.0,3347.58
2863,CUST0166,2025-08-05,Fashion,Sunglasses,5044.8,2,South,UPI,43.0,7.0,3.0,10089.6
2670,CUST0133,2024-05-31,Home & Kitchen,Storage Boxes,5432.04,1,South,Net Banking,22.0,3.0,2.0,5432.04
1006,CUST0296,2025-04-21,Fashion,Denim Jacket,5822.07,2,West,UPI,35.0,7.0,5.0,11644.14
1248,CUST0703,2024-05-20,Beauty,Makeup Kit,4557.55,2,West,Debit Card,36.0,4.0,5.0,9115.1
1019,CUST0304,2024-05-30,Fashion,Cotton T-Shirt,3317.47,1,North,UPI,26.0,10.0,4.0,3317.47
3170,CUST0101,2025-05-15,Home & Kitchen,Non-stick Pan,1706.66,1,West,UPI,37.0,5.0,5.0,1706.66
2971,CUST0292,2025-01-26,Beauty,Makeup Kit,3799.6,1,East,Credit Card,40.0,3.0,5.0,3799.6
3710,CUST0482,2024-01-17,Home & Kitchen,LED Desk Lamp,673.27,1,East,UPI,36.0,4.0,,673.27
3233,CUST0134,2024-05-08,Home & Kitchen,Coffee Maker,2473.81,2,Central,UPI,16.0,4.0,5.0,4947.62
3323,CUST0424,2025-02-25,Beauty,Face Serum,5849.68,1,North,UPI,16.0,1.0,4.0,5849.68
3482,CUST0114,2024-01-25,Fashion,Sunglasses,1198.13,1,South,Credit Card,38.0,6.0,5.0,1198.13
1812,CUST0719,2025-06-30,Electronics,Power Bank,2149.91,1,East,Credit Card,34.0,4.0,5.0,2149.91
2301,CUST0382,2024-09-01,Beauty,Lip Balm Set,4855.04,1,Central,Net Banking,44.0,4.0,5.0,4855.04
2336,CUST0563,2024-08-04,Beauty,Makeup Kit,3365.57,1,West,Credit Card,33.0,7.0,4.0,3365.57
3910,CUST0388,2024-11-14,Home & Kitchen,Non-stick Pan,2245.25,1,South,UPI,32.0,3.0,5.0,2245.25
1261,CUST0438,2024-06-10,Home & Kitchen,Wall Clock,2459.2,3,West,Debit Card,35.0,10.0,2.0,7377.6
2805,CUST0794,2025-10-20,Home & Kitchen,Coffee Maker,3376.47,2,south,Credit Card,16.0,2.0,3.0,6752.94
2571,CUST0575,2024-09-18,Electronics,Phone Case,1687.51,1,West,Credit Card,36.0,6.0,5.0,1687.51
3230,CUST0163,2025-06-30,Home & Kitchen,LED Desk Lamp,2544.91,1,South,UPI,16.0,10.0,4.0,2544.91
1185,CUST0104,2025-01-01,Electronics,Phone Case,5281.26,1,east,Cash on Delivery,33.0,5.0,5.0,5281.26
3455,CUST0014,2025-01-11,Electronics,Wireless Earbuds,1726.6,1,South,Cash on Delivery,21.0,5.0,4.0,1726.6
2744,CUST0592,2025-12-17,Sports,Cricket Bat,4607.91,1,Central,UPI,27.0,3.0,5.0,4607.91
2631,CUST0071,2024-02-07,Home & Kitchen,Coffee Maker,1668.74,1,Central,NET BANKING,29.0,2.0,2.0,1668.74
2717,CUST0880,2024-12-29,Beauty,Hair Dryer,2934.5,2,west,UPI,38.0,6.0,5.0,5869.0
1521,CUST0804,2025-03-20,Electronics,Phone Case,5624.58,1,central,Net Banking,36.0,2.0,5.0,5624.58
3429,CUST0021,2025-07-28,Fashion,Sunglasses,5382.05,1,Central,Debit Card,21.0,4.0,5.0,5382.05
3017,CUST0746,2024-03-15,Beauty,Lip Balm Set,949.64,1,South,Credit Card,16.0,3.0,4.0,949.64
2659,CUST0444,2025-05-01,Fashion,Sunglasses,989.0,1,West,Credit Card,48.0,5.0,5.0,989.0
2613,CUST0790,2024-11-16,Fashion,Running Shoes,3783.64,1,North,UPI,46.0,2.0,1.0,3783.64
3476,CUST0629,2025-06-25,Electronics,Phone Case,3149.07,1,South,UPI,51.0,1.0,4.0,3149.07
3127,CUST0816,2024-06-04,Fashion,Running Shoes,5932.01,1,Central,NET BANKING,36.0,5.0,5.0,5932.01
3997,CUST0462,2024-10-08,Fashion,Sunglasses,4073.26,1,,Credit Card,,,,4073.26
1608,CUST0888,2024-06-06,Electronics,Phone Case,4845.78,2,South,UPI,,2.0,,9691.56
1231,CUST0611,2024-12-22,Electronics,Bluetooth Speaker,869.57,1,east,Credit Card,43.0,4.0,5.0,869.57
1332,CUST0207,2024-06-04,Electronics,Power Bank,142961.0,1,South,Debit Card,36.0,4.0,5.0,2859.22
2441,CUST0500,2025-07-24,Electronics,Wireless Earbuds,2630.71,1,West,Debit Card,38.0,1.0,4.0,2630.71
2928,CUST0394,2025-01-15,Electronics,Bluetooth Speaker,3922.36,2,East,Credit Card,45.0,1.0,2.0,7844.72
2092,CUST0886,2025-05-26,Home & Kitchen,Storage Boxes,5557.25,2,West,Credit Card,26.0,3.0,5.0,11114.5
2102,CUST0754,2024-05-28,Sports,Yoga Mat,1097.83,2,central,Cash on Delivery,25.0,3.0,4.0,2195.66
2130,CUST0576,2025-09-16,Home & Kitchen,Wall Clock,4932.36,1,West,Cash on Delivery,29.0,3.0,5.0,4932.36
1462,CUST0291,2024-07-27,Sports,Dumbbell Set,2789.91,2,Central,Net Banking,32.0,3.0,4.0,5579.82
1959,CUST0747,2024-08-28,Fashion,Denim Jacket,789.99,1,west,DEBIT CARD,41.0,2.0,5.0,789.99
2663,CUST0456,2024-10-10,Electronics,Smartwatch,4082.68,1,Central,Net Banking,34.0,4.0,5.0,4082.68
1560,CUST0215,2025-08-02,Beauty,Lip Balm Set,2770.63,1,North,Credit Card,25.0,10.0,4.0,2770.63
3739,CUST0323,2024-10-25,Electronics,Bluetooth Speaker,3777.67,1,south,UPI,39.0,1.0,4.0,3777.67
3820,CUST0343,2025-03-13,Fashion,Leather Wallet,3126.91,1,East,Credit Card,36.0,4.0,4.0,3126.91
2520,CUST0647,2024-08-18,Fashion,Denim Jacket,5603.85,1,East,Credit Card,19.0,4.0,4.0,5603.85
3141,CUST0405,2024-08-12,Home & Kitchen,Non-stick Pan,1203.8,1,West,UPI,20.0,7.0,5.0,1203.8
3909,CUST0819,2024-01-18,Fashion,Leather Wallet,2912.07,1,Central,UPI,31.0,4.0,5.0,2912.07
3033,CUST0522,2025-05-28,Home & Kitchen,Storage Boxes,4085.83,1,east,NET BANKING,39.0,2.0,4.0,4085.83
3485,CUST0713,2025-11-07,Sports,Resistance Bands,3242.07,2,central,UPI,32.0,7.0,5.0,6484.14
3539,CUST0621,2025-11-30,Sports,Cricket Bat,3079.98,5,central,NET BANKING,36.0,1.0,5.0,15399.9
1403,CUST0569,2025-05-19,Electronics,Bluetooth Speaker,1662.76,1,East,Debit Card,22.0,3.0,3.0,1662.76
3098,CUST0745,2024-10-31,Fashion,Denim Jacket,1233.11,1,Central,Credit Card,36.0,5.0,1.0,1233.11
3851,CUST0584,2025-04-01,Sports,Dumbbell Set,3960.45,1,west,CREDIT CARD,17.0,2.0,3.0,3960.45
1070,CUST0168,2024-09-15,Fashion,Running Shoes,453.17,1,west,UPI,47.0,2.0,2.0,453.17
2573,CUST0810,2025-04-21,Electronics,Wireless Earbuds,333.69,1,central,CREDIT CARD,27.0,6.0,4.0,333.69
1809,CUST0891,2024-09-29,Fashion,Leather Wallet,4216.9,1,east,Debit Card,25.0,5.0,4.0,4216.9
1012,CUST0556,2024-08-30,Electronics,Smartwatch,1093.14,2,West,Net Banking,22.0,5.0,5.0,2186.28
3026,CUST0496,2024-04-23,Fashion,Denim Jacket,3952.33,2,north,Debit Card,29.0,2.0,1.0,7904.66
3193,CUST0243,2025-09-29,Beauty,Sunscreen SPF50,2622.26,1,Central,UPI,31.0,4.0,4.0,2622.26
1918,CUST0502,2024-09-11,Home & Kitchen,LED Desk Lamp,1445.78,1,Central,Credit Card,32.0,3.0,4.0,1445.78
2452,CUST0665,2024-07-09,Sports,Resistance Bands,5897.01,1,Central,Debit Card,26.0,3.0,5.0,5897.01
3688,CUST0302,2024-12-11,Beauty,Lip Balm Set,216.16,1,South,UPI,47.0,6.0,3.0,216.16
1177,CUST0540,2024-07-18,Fashion,Sunglasses,646.03,2,East,Debit Card,24.0,2.0,4.0,1292.06
1995,CUST0183,2024-10-02,Home & Kitchen,Wall Clock,3220.86,1,north,Debit Card,45.0,3.0,4.0,3220.86
3489,CUST0896,2025-01-06,Fashion,Cotton T-Shirt,3109.49,1,south,Credit Card,16.0,3.0,5.0,3109.49
3570,CUST0394,2024-06-03,Electronics,Phone Case,5792.75,2,Central,Credit Card,39.0,2.0,2.0,11585.5
2256,CUST0896,2024-07-25,Fashion,Denim Jacket,3370.02,1,North,Credit Card,39.0,2.0,2.0,3370.02
2665,CUST0487,2025-09-06,Beauty,Sunscreen SPF50,2411.99,2,South,UPI,31.0,6.0,4.0,4823.98
3192,CUST0024,2025-01-21,Electronics,Wireless Earbuds,2487.16,1,east,UPI,44.0,3.0,5.0,2487.16
3802,CUST0423,2025-05-01,Home & Kitchen,Storage Boxes,2539.14,2,North,UPI,28.0,2.0,5.0,5078.28
3568,CUST0820,2024-06-16,Fashion,Cotton T-Shirt,3540.48,2,South,UPI,55.0,1.0,2.0,7080.96
2705,CUST0302,2024-04-12,Beauty,Lip Balm Set,3375.32,1,South,Credit Card,29.0,6.0,4.0,3375.32
2791,CUST0077,2024-01-13,Electronics,Smartwatch,4712.08,1,North,Cash on Delivery,39.0,5.0,5.0,4712.08
3477,CUST0252,2025-03-10,Electronics,Power Bank,2604.2,1,Central,Net Banking,23.0,6.0,5.0,2604.2
3661,CUST0750,2024-11-08,Electronics,Power Bank,4274.74,2,South,UPI,30.0,6.0,3.0,8549.48
1157,CUST0828,2024-10-14,Beauty,Sunscreen SPF50,1753.84,1,West,Credit Card,26.0,2.0,4.0,1753.84
3588,CUST0495,2025-05-23,Electronics,Smartwatch,4406.12,1,East,UPI,26.0,3.0,4.0,4406.12
2461,CUST0121,2025-03-04,Electronics,Power Bank,2157.58,1,west,Credit Card,39.0,2.0,5.0,2157.58
3047,CUST0732,2024-10-21,Fashion,Denim Jacket,177.04,1,Central,Credit Card,44.0,3.0,3.0,177.04
2851,CUST0054,2025-09-17,Electronics,Power Bank,2092.07,2,East,UPI,36.0,3.0,5.0,4184.14
3510,CUST0809,2025-05-25,Sports,Football,4176.6,3,West,Credit Card,33.0,2.0,5.0,12529.8
3625,CUST0453,2024-01-22,Electronics,Smartwatch,5584.29,1,South,DEBIT CARD,48.0,3.0,4.0,5584.29
3304,CUST0747,2025-07-02,Fashion,Denim Jacket,89382.0,1,East,Debit Card,30.0,2.0,5.0,1787.64
3006,CUST0627,2025-05-01,Fashion,Denim Jacket,5513.46,2,West,Cash on Delivery,28.0,3.0,4.0,11026.92
2186,CUST0574,2025-05-03,Electronics,Wireless Earbuds,2658.2,2,East,Cash on Delivery,32.0,3.0,5.0,5316.4
2007,CUST0135,2025-03-12,Electronics,Smartwatch,3321.5,1,south,Credit Card,16.0,3.0,4.0,3321.5
1561,CUST0629,2025-12-16,Beauty,Lip Balm Set,1704.26,2,,Credit Card,,,,3408.52
3257,CUST0561,2024-09-14,Electronics,Smartwatch,1138.4,1,East,UPI,26.0,3.0,5.0,1138.4
1911,CUST0396,2025-12-02,Beauty,Hair Dryer,3266.36,1,East,NET BANKING,39.0,3.0,4.0,3266.36
2312,CUST0633,2025-01-21,Electronics,Bluetooth Speaker,2004.88,1,Central,UPI,19.0,4.0,4.0,2004.88
3050,CUST0515,2025-03-11,Electronics,Wireless Earbuds,1782.25,1,South,NET BANKING,35.0,6.0,4.0,1782.25
1270,CUST0794,2024-02-18,Home & Kitchen,Non-stick Pan,5692.26,1,North,DEBIT CARD,44.0,4.0,4.0,5692.26
2994,CUST0627,2024-02-03,Home & Kitchen,Coffee Maker,3271.7,1,East,Credit Card,23.0,5.0,5.0,3271.7
1266,CUST0457,2025-09-29,Fashion,Leather Wallet,3488.3,1,west,Net Banking,33.0,4.0,4.0,3488.3
1915,CUST0523,2025-07-03,Fashion,Leather Wallet,1138.99,2,North,UPI,30.0,3.0,5.0,2277.98
3279,CUST0617,2024-08-07,Home & Kitchen,Coffee Maker,5702.16,1,West,Credit Card,24.0,3.0,4.0,5702.16
3232,CUST0874,2024-07-27,Fashion,Sunglasses,3036.74,1,West,Debit Card,25.0,1.0,4.0,3036.74
3996,CUST0270,2025-03-23,Sports,Cricket Bat,2814.09,2,East,UPI,24.0,4.0,5.0,5628.18
1874,CUST0732,2024-02-06,Fashion,Sunglasses,3224.64,1,Central,UPI,28.0,2.0,5.0,3224.64
3094,CUST0594,2025-02-15,Home & Kitchen,Non-stick Pan,5264.07,1,central,Net Banking,38.0,3.0,4.0,5264.07
3447,CUST0821,2025-01-19,Electronics,Smartwatch,1513.46,1,West,Debit Card,26.0,4.0,5.0,1513.46
1476,CUST0548,2024-04-06,Fashion,Sunglasses,382.9,1,south,Debit Card,32.0,7.0,5.0,382.9
2653,CUST0619,2024-01-27,Sports,Resistance Bands,2845.38,1,South,Credit Card,36.0,2.0,5.0,2845.38
2961,CUST0719,2025-10-26,Home & Kitchen,Wall Clock,3785.37,1,East,UPI,30.0,7.0,5.0,3785.37
1046,CUST0505,2025-10-21,Fashion,Denim Jacket,845.08,1,,UPI,,,,845.08
1162,CUST0341,2025-07-03,Electronics,Phone Case,1081.93,1,Central,Credit Card,33.0,2.0,3.0,1081.93
3776,CUST0317,2025-09-15,Sports,Yoga Mat,4179.13,1,South,UPI,23.0,1.0,5.0,4179.13
3678,CUST0299,2024-09-01,Sports,Dumbbell Set,3468.96,2,South,Net Banking,39.0,2.0,3.0,6937.92
1289,CUST0833,2025-10-12,Beauty,Face Serum,3826.34,1,Central,UPI,36.0,4.0,3.0,3826.34
3984,CUST0023,2025-10-31,Beauty,Hair Dryer,1588.31,2,East,UPI,36.0,4.0,5.0,3176.62
2949,CUST0396,2025-07-18,Electronics,Phone Case,5061.69,1,North,UPI,26.0,4.0,4.0,5061.69
1576,CUST0843,2025-06-25,Fashion,Sunglasses,3110.36,1,North,Debit Card,22.0,7.0,5.0,3110.36
1851,CUST0089,2025-02-13,Sports,Football,721.59,1,South,Net Banking,32.0,5.0,1.0,721.59
1912,CUST0788,2024-12-27,Electronics,Wireless Earbuds,726.44,2,East,UPI,26.0,2.0,,1452.88
2255,CUST0582,2024-05-15,Electronics,Bluetooth Speaker,417.37,1,West,UPI,38.0,3.0,2.0,417.37
2834,CUST0701,2024-07-17,Fashion,Sunglasses,3354.56,1,South,Debit Card,24.0,1.0,3.0,3354.56
2723,CUST0186,2025-03-23,Electronics,Bluetooth Speaker,966.88,1,North,CREDIT CARD,25.0,10.0,3.0,966.88
3134,CUST0683,2025-04-05,Electronics,Wireless Earbuds,1369.13,1,East,Credit Card,31.0,6.0,5.0,1369.13
2736,CUST0585,2025-09-15,Electronics,Phone Case,5599.86,3,west,UPI,36.0,6.0,4.0,16799.58
1933,CUST0279,2024-02-26,Beauty,Lip Balm Set,4020.67,5,South,Debit Card,36.0,4.0,3.0,20103.35
2101,CUST0499,2025-02-08,Home & Kitchen,Storage Boxes,1963.09,2,,UPI,,,,3926.18
2208,CUST0553,2025-12-02,Electronics,Bluetooth Speaker,2116.23,1,North,NET BANKING,31.0,3.0,4.0,2116.23
3296,CUST0663,2024-11-20,Sports,Cricket Bat,5875.26,2,North,Cash on Delivery,41.0,6.0,3.0,11750.52
2844,CUST0798,2024-05-06,Sports,Yoga Mat,5192.17,1,North,Credit Card,21.0,2.0,5.0,5192.17
2849,CUST0129,2025-04-12,Sports,Yoga Mat,1959.8,1,south,UPI,31.0,4.0,4.0,1959.8
3525,CUST0119,2025-02-13,Sports,Resistance Bands,1763.67,1,East,UPI,32.0,3.0,5.0,1763.67
2695,CUST0183,2025-10-31,Electronics,Bluetooth Speaker,3819.66,1,East,Credit Card,34.0,3.0,5.0,3819.66
1086,CUST0008,2025-04-02,Fashion,Running Shoes,5399.97,1,South,Net Banking,16.0,5.0,5.0,5399.97
1470,CUST0286,2025-01-03,Fashion,Cotton T-Shirt,1516.37,1,West,CREDIT CARD,39.0,2.0,4.0,1516.37
3274,CUST0519,2025-03-18,Beauty,Makeup Kit,4473.22,1,west,Credit Card,21.0,3.0,4.0,4473.22
3823,CUST0765,2025-09-28,Fashion,Running Shoes,4832.99,2,south,UPI,26.0,3.0,5.0,9665.98
3380,CUST0258,2025-07-07,Sports,Resistance Bands,4369.77,1,East,UPI,39.0,5.0,5.0,4369.77
1234,CUST0479,2024-07-11,Electronics,Wireless Earbuds,5687.87,1,East,UPI,28.0,3.0,4.0,5687.87
3637,CUST0735,2024-05-29,Beauty,Makeup Kit,1149.3,1,West,Credit Card,31.0,2.0,3.0,1149.3
3524,CUST0879,2024-05-25,Fashion,Running Shoes,185.09,1,Central,Cash on Delivery,22.0,3.0,4.0,185.09
3968,CUST0243,2024-07-21,Home & Kitchen,Non-stick Pan,2850.03,5,South,Debit Card,19.0,3.0,2.0,14250.15
3648,CUST0198,2024-02-27,Beauty,Sunscreen SPF50,2657.62,2,North,UPI,22.0,7.0,3.0,5315.24
3470,CUST0556,2024-07-15,Electronics,Phone Case,1271.15,1,North,Debit Card,41.0,2.0,3.0,1271.15
2712,CUST0562,2024-11-02,Electronics,Wireless Earbuds,1319.18,1,Central,UPI,31.0,4.0,5.0,1319.18
1183,CUST0283,2024-07-21,Sports,Football,2022.35,2,Central,Debit Card,34.0,4.0,3.0,4044.7
1989,CUST0635,2024-01-14,Fashion,Sunglasses,5400.43,3,Central,Cash on Delivery,19.0,3.0,4.0,16201.29
2001,CUST0525,2024-08-28,Fashion,Denim Jacket,749.83,1,East,UPI,33.0,1.0,4.0,749.83
2642,CUST0495,2025-04-17,Fashion,Cotton T-Shirt,3941.31,2,South,Debit Card,42.0,2.0,4.0,7882.62
2357,CUST0880,2025-04-25,Home & Kitchen,Wall Clock,5639.52,1,East,UPI,25.0,6.0,3.0,5639.52
2463,CUST0696,2024-04-28,Fashion,Sunglasses,1722.97,1,south,UPI,33.0,7.0,5.0,1722.97
1050,CUST0594,2024-07-19,Sports,Yoga Mat,1960.74,2,East,Net Banking,19.0,4.0,3.0,3921.48
3578,CUST0139,2024-07-16,Electronics,Power Bank,3689.28,2,east,Net Banking,21.0,5.0,5.0,7378.56
2259,CUST0217,2024-09-19,Sports,Cricket Bat,3558.92,1,North,UPI,28.0,5.0,3.0,3558.92
1487,CUST0266,2024-02-18,Fashion,Running Shoes,5113.56,1,North,UPI,44.0,5.0,5.0,5113.56
3982,CUST0024,2024-03-17,Beauty,Hair Dryer,4341.09,1,South,UPI,43.0,5.0,4.0,4341.09
3546,CUST0810,2024-05-24,Home & Kitchen,LED Desk Lamp,2780.13,1,North,UPI,16.0,4.0,,2780.13
2909,CUST0279,2025-06-10,Home & Kitchen,Wall Clock,1103.39,1,Central,UPI,23.0,4.0,5.0,1103.39
1107,CUST0711,2025-02-02,Sports,Yoga Mat,2398.31,1,Central,Cash on Delivery,40.0,7.0,4.0,2398.31
1444,CUST0723,2024-06-01,Electronics,Wireless Earbuds,282.0,2,South,DEBIT CARD,33.0,4.0,5.0,564.0
2955,CUST0053,2024-08-10,Electronics,Power Bank,1608.51,1,West,Net Banking,25.0,4.0,1.0,1608.51
1647,CUST0387,2024-06-09,Beauty,Hair Dryer,609.28,2,West,Cash on Delivery,33.0,7.0,4.0,1218.56
2763,CUST0138,2025-04-19,Electronics,Smartwatch,1039.55,2,North,Credit Card,33.0,3.0,2.0,2079.1
1727,CUST0638,2025-11-10,Fashion,Denim Jacket,2333.26,1,West,UPI,20.0,6.0,5.0,2333.26
3239,CUST0363,2024-02-18,Electronics,Smartwatch,4704.47,2,South,CREDIT CARD,34.0,2.0,4.0,9408.94
2857,CUST0068,2025-03-23,Sports,Yoga Mat,2821.15,1,South,Debit Card,27.0,3.0,4.0,2821.15
3331,CUST0812,2025-12-29,Sports,Resistance Bands,224.22,1,Central,Credit Card,36.0,4.0,5.0,224.22
1030,CUST0620,2025-11-12,Electronics,Phone Case,4962.21,1,Central,UPI,25.0,2.0,4.0,4962.21
1170,CUST0380,2024-09-19,Fashion,Running Shoes,4199.14,1,North,UPI,28.0,3.0,5.0,4199.14
2002,CUST0041,2025-04-06,Electronics,Bluetooth Speaker,241.04,1,North,Credit Card,28.0,3.0,3.0,241.04
3149,CUST0780,2025-10-11,Home & Kitchen,Coffee Maker,4721.48,1,west,Credit Card,32.0,3.0,5.0,4721.48
1198,CUST0131,2025-03-01,Sports,Resistance Bands,4993.03,2,Central,UPI,39.0,4.0,4.0,9986.06
1496,CUST0642,2025-05-30,Electronics,Smartwatch,1171.35,2,South,Debit Card,22.0,4.0,5.0,2342.7
3027,CUST0463,2025-10-03,Fashion,Cotton T-Shirt,1096.58,1,North,Net Banking,32.0,2.0,5.0,1096.58
1648,CUST0730,2024-03-06,Sports,Yoga Mat,4476.45,1,East,Debit Card,27.0,4.0,4.0,4476.45
1045,CUST0754,2024-10-27,Sports,Yoga Mat,4557.26,1,East,UPI,16.0,6.0,3.0,4557.26
3759,CUST0421,2025-03-17,Beauty,Sunscreen SPF50,4479.33,2,West,Net Banking,32.0,2.0,4.0,8958.66
1374,CUST0833,2025-11-26,Beauty,Sunscreen SPF50,2182.98,1,Central,Debit Card,35.0,1.0,5.0,2182.98
1679,CUST0418,2025-03-14,Electronics,Bluetooth Speaker,3283.61,2,,Credit Card,,,,6567.22
1567,CUST0029,2025-01-23,Fashion,Running Shoes,4608.46,3,North,UPI,35.0,2.0,2.0,13825.38
3896,CUST0096,2024-11-06,Home & Kitchen,LED Desk Lamp,813.24,5,North,Cash on Delivery,32.0,4.0,4.0,4066.2
1461,CUST0014,2024-01-01,Sports,Resistance Bands,478.55,1,Central,Credit Card,20.0,2.0,4.0,478.55
2933,CUST0015,2025-12-14,Fashion,Leather Wallet,4355.62,1,west,UPI,32.0,1.0,5.0,4355.62
2156,CUST0853,2025-06-15,Beauty,Sunscreen SPF50,1677.59,1,East,Cash on Delivery,30.0,3.0,5.0,1677.59
1040,CUST0880,2025-01-03,Fashion,Sunglasses,4127.09,2,North,Credit Card,31.0,2.0,4.0,8254.18
3483,CUST0453,2024-06-28,Electronics,Phone Case,1006.34,1,north,Cash on Delivery,32.0,4.0,4.0,1006.34
1974,CUST0076,2024-03-26,Beauty,Face Serum,842.32,5,South,Debit Card,23.0,5.0,4.0,4211.6
2787,CUST0519,2024-09-18,Sports,Dumbbell Set,2274.67,2,West,Credit Card,48.0,1.0,5.0,4549.34
2499,CUST0118,2024-05-25,Electronics,Power Bank,1402.58,1,Central,UPI,23.0,2.0,4.0,1402.58
3505,CUST0636,2024-08-12,Electronics,Power Bank,4121.73,2,east,Net Banking,40.0,3.0,2.0,8243.46
2836,CUST0239,2025-01-04,Beauty,Makeup Kit,1645.52,1,south,Credit Card,18.0,4.0,3.0,1645.52
3309,CUST0739,2024-12-28,Electronics,Smartwatch,2841.74,1,South,Net Banking,16.0,3.0,5.0,2841.74
2841,CUST0844,2024-01-11,Electronics,Wireless Earbuds,3692.19,1,North,Cash on Delivery,21.0,5.0,5.0,3692.19
3084,CUST0858,2025-09-10,Sports,Resistance Bands,3430.26,1,North,UPI,28.0,2.0,5.0,3430.26
1828,CUST0371,2024-07-10,Home & Kitchen,Storage Boxes,1855.18,1,east,Debit Card,23.0,7.0,5.0,1855.18
2936,CUST0826,2024-07-02,Fashion,Running Shoes,1725.15,1,North,Credit Card,25.0,7.0,4.0,1725.15
3045,CUST0711,2024-11-26,Sports,Yoga Mat,2530.68,2,Central,UPI,29.0,3.0,5.0,5061.36
1310,CUST0549,2025-03-20,Beauty,Sunscreen SPF50,5261.28,1,South,Debit Card,53.0,5.0,4.0,5261.28
1277,CUST0451,2025-05-26,Beauty,Hair Dryer,3379.14,2,East,UPI,32.0,5.0,4.0,6758.28
1637,CUST0787,2024-09-23,Home & Kitchen,LED Desk Lamp,3937.99,3,,UPI,,,,11813.97
1655,CUST0606,2025-07-15,Beauty,Face Serum,2671.01,1,East,UPI,16.0,3.0,4.0,2671.01
1623,CUST0253,2025-11-19,Home & Kitchen,LED Desk Lamp,369.76,2,North,UPI,38.0,2.0,5.0,739.52
2860,CUST0608,2024-02-06,Fashion,Cotton T-Shirt,4348.13,1,central,Credit Card,45.0,7.0,4.0,4348.13
1845,CUST0820,2025-04-08,Fashion,Denim Jacket,542.5,1,Central,Debit Card,37.0,2.0,5.0,542.5
1394,CUST0692,2024-01-30,Fashion,Denim Jacket,2442.68,1,,UPI,,,,2442.68
3156,CUST0828,2025-01-14,Beauty,Lip Balm Set,4204.7,1,Central,Net Banking,18.0,3.0,4.0,4204.7
1350,CUST0399,2025-03-14,Fashion,Cotton T-Shirt,483.33,1,South,Debit Card,22.0,3.0,5.0,483.33
3573,CUST0136,2024-04-10,Electronics,Wireless Earbuds,5876.95,1,North,Credit Card,50.0,4.0,5.0,5876.95
1785,CUST0510,2024-04-04,Sports,Dumbbell Set,5014.71,1,central,UPI,25.0,3.0,4.0,5014.71
1048,CUST0330,2024-10-31,Home & Kitchen,Non-stick Pan,4220.13,1,North,Cash on Delivery,40.0,4.0,4.0,4220.13
2979,CUST0596,2024-10-04,Beauty,Face Serum,1675.15,2,East,Credit Card,41.0,4.0,5.0,3350.3
3252,CUST0213,2024-06-29,Home & Kitchen,Storage Boxes,1016.38,1,East,Debit Card,30.0,7.0,5.0,1016.38
2656,CUST0434,2024-09-29,Electronics,Power Bank,2220.38,2,South,Net Banking,44.0,3.0,5.0,4440.76
3070,CUST0346,2024-10-15,Home & Kitchen,Non-stick Pan,749.45,1,North,Cash on Delivery,35.0,1.0,5.0,749.45
1403,CUST0569,2025-05-19,Electronics,Bluetooth Speaker,1662.76,1,East,Debit Card,22.0,3.0,3.0,1662.76
2108,CUST0223,2025-03-12,Beauty,Sunscreen SPF50,5033.94,1,south,Credit Card,30.0,1.0,2.0,5033.94
2155,CUST0805,2025-06-16,Fashion,Leather Wallet,5693.47,1,North,UPI,32.0,3.0,5.0,5693.47
2440,CUST0441,2024-07-25,Home & Kitchen,Coffee Maker,5034.93,3,East,UPI,20.0,10.0,4.0,15104.79
2835,CUST0627,2025-12-06,Electronics,Bluetooth Speaker,749.12,1,North,CREDIT CARD,41.0,5.0,3.0,749.12
3002,CUST0271,2025-02-10,Home & Kitchen,Wall Clock,2517.64,2,south,UPI,33.0,4.0,5.0,5035.28
1990,CUST0302,2025-09-05,Sports,Yoga Mat,3916.63,2,West,Credit Card,27.0,5.0,5.0,7833.26
2866,CUST0876,2024-03-30,Sports,Resistance Bands,3460.46,1,East,Credit Card,37.0,3.0,3.0,3460.46
3790,CUST0311,2025-07-25,Electronics,Bluetooth Speaker,1275.05,2,East,Cash on Delivery,26.0,2.0,2.0,2550.1
2311,CUST0457,2024-01-31,Home & Kitchen,Non-stick Pan,1603.17,1,South,UPI,33.0,10.0,4.0,1603.17
1034,CUST0341,2024-03-09,Fashion,Leather Wallet,700.82,1,South,Net Banking,27.0,10.0,3.0,700.82
1788,CUST0690,2024-03-01,Beauty,Lip Balm Set,4784.31,2,West,Debit Card,43.0,4.0,3.0,9568.62
2044,CUST0223,2025-08-21,Electronics,Phone Case,3562.81,2,South,UPI,38.0,3.0,3.0,7125.62
1482,CUST0889,2025-03-04,Electronics,Wireless Earbuds,3341.12,1,North,UPI,30.0,3.0,4.0,3341.12
2244,CUST0057,2024-06-19,Home & Kitchen,Wall Clock,1517.09,1,South,UPI,28.0,3.0,3.0,1517.09
3628,CUST0084,2024-08-01,Fashion,Cotton T-Shirt,4696.98,1,Central,UPI,24.0,4.0,5.0,4696.98
3530,CUST0215,2024-11-30,Home & Kitchen,Wall Clock,655.83,1,North,Net Banking,30.0,7.0,3.0,655.83
1932,CUST0389,2024-09-25,Home & Kitchen,Non-stick Pan,5702.12,2,South,UPI,37.0,2.0,5.0,11404.24
3405,CUST0169,2025-08-11,Fashion,Leather Wallet,2196.3,1,South,UPI,37.0,3.0,3.0,2196.3
2686,CUST0133,2024-02-03,Electronics,Phone Case,538.15,1,Central,UPI,34.0,5.0,5.0,538.15
2249,CUST0313,2025-03-01,Beauty,Face Serum,5865.68,1,south,Credit Card,39.0,1.0,4.0,5865.68
1760,CUST0842,2025-04-22,Home & Kitchen,Storage Boxes,3293.67,2,West,UPI,22.0,1.0,4.0,6587.34
1093,CUST0287,2024-12-21,Home & Kitchen,LED Desk Lamp,3063.83,1,Central,UPI,31.0,4.0,3.0,3063.83
2176,CUST0075,2024-10-01,Beauty,Lip Balm Set,4712.78,1,West,Net Banking,35.0,3.0,1.0,4712.78
2416,CUST0008,2025-05-12,Fashion,Denim Jacket,923.86,1,North,UPI,30.0,2.0,4.0,923.86
2342,CUST0681,2025-05-09,Home & Kitchen,Wall Clock,2626.24,2,West,CASH ON DELIVERY,48.0,10.0,4.0,5252.48
2473,CUST0595,2024-03-15,Fashion,Leather Wallet,893.26,1,West,Net Banking,16.0,1.0,5.0,893.26
3852,CUST0096,2025-08-13,Home & Kitchen,Non-stick Pan,2464.86,3,North,Debit Card,20.0,5.0,5.0,7394.58
3794,CUST0637,2025-07-12,Beauty,Makeup Kit,1566.97,1,South,UPI,25.0,2.0,5.0,1566.97
3328,CUST0637,2024-12-01,Home & Kitchen,Storage Boxes,1396.68,1,South,Cash on Delivery,36.0,2.0,4.0,1396.68
2608,CUST0880,2024-04-20,Electronics,Bluetooth Speaker,4906.35,2,,UPI,,,,9812.7
1765,CUST0569,2024-06-22,Electronics,Power Bank,1682.9,2,East,Debit Card,30.0,4.0,3.0,3365.8
3653,CUST0847,2025-02-18,Fashion,Leather Wallet,4047.36,1,South,UPI,25.0,3.0,5.0,4047.36
2374,CUST0388,2024-03-05,Home & Kitchen,LED Desk Lamp,5115.11,1,East,Credit Card,33.0,4.0,5.0,5115.11
2952,CUST0780,2024-01-17,Home & Kitchen,Coffee Maker,1243.25,1,East,Debit Card,35.0,4.0,5.0,1243.25
3449,CUST0509,2024-10-19,Beauty,Makeup Kit,4656.38,1,North,Credit Card,24.0,1.0,4.0,4656.38
2729,CUST0082,2024-01-05,Fashion,Sunglasses,1783.91,1,West,Debit Card,20.0,1.0,3.0,1783.91
1258,CUST0723,2024-04-10,Beauty,Makeup Kit,5801.38,2,North,UPI,30.0,7.0,5.0,11602.76
1945,CUST0314,2025-04-19,Electronics,Wireless Earbuds,4440.16,1,central,Net Banking,41.0,2.0,4.0,4440.16
2220,CUST0711,2024-06-17,Electronics,Power Bank,452.93,2,North,UPI,28.0,6.0,3.0,905.86
2162,CUST0145,2024-12-30,Sports,Yoga Mat,585.23,2,North,Debit Card,28.0,6.0,5.0,1170.46
3543,CUST0473,2025-11-05,Electronics,Phone Case,1029.55,1,East,UPI,42.0,4.0,3.0,1029.55
1773,CUST0717,2024-03-26,Home & Kitchen,Coffee Maker,4197.4,1,South,Debit Card,33.0,3.0,2.0,4197.4
3599,CUST0539,2024-02-06,Sports,Football,5111.24,5,North,Debit Card,16.0,4.0,5.0,25556.2
2487,CUST0658,2025-06-28,Beauty,Makeup Kit,3763.78,1,west,UPI,36.0,1.0,5.0,3763.78
3250,CUST0392,2025-03-09,Beauty,Lip Balm Set,4408.08,1,East,Credit Card,22.0,3.0,5.0,4408.08
1313,CUST0544,2025-03-19,Electronics,Phone Case,2743.34,1,central,UPI,39.0,1.0,5.0,2743.34
1291,CUST0175,2025-09-29,Electronics,Power Bank,2165.93,1,north,Debit Card,37.0,2.0,3.0,2165.93
1764,CUST0806,2024-07-07,Electronics,Phone Case,1920.45,1,North,NET BANKING,34.0,2.0,5.0,1920.45
3998,CUST0429,2024-10-09,Electronics,Power Bank,1084.82,1,North,NET BANKING,21.0,2.0,3.0,1084.82
1184,CUST0019,2025-02-10,Sports,Cricket Bat,5068.11,2,East,UPI,16.0,3.0,4.0,10136.22
2177,CUST0388,2024-04-17,Electronics,Bluetooth Speaker,821.56,1,central,UPI,18.0,4.0,5.0,821.56
2350,CUST0498,2025-02-10,Sports,Dumbbell Set,572.8,2,North,UPI,28.0,5.0,5.0,1145.6
3299,CUST0376,2024-09-29,Electronics,Phone Case,3328.34,5,West,UPI,28.0,4.0,3.0,16641.7
3872,CUST0191,2024-11-10,Beauty,Hair Dryer,4017.82,1,east,Credit Card,20.0,1.0,5.0,4017.82
2100,CUST0006,2024-03-16,Beauty,Face Serum,2770.46,2,East,Cash on Delivery,37.0,5.0,4.0,5540.92
3989,CUST0278,2024-06-10,Electronics,Bluetooth Speaker,2652.89,1,Central,Credit Card,23.0,3.0,4.0,2652.89
1392,CUST0797,2025-09-04,Electronics,Phone Case,638.62,1,West,Net Banking,22.0,5.0,2.0,638.62
2920,CUST0040,2025-02-24,Home & Kitchen,Coffee Maker,4140.71,1,east,UPI,26.0,10.0,5.0,4140.71
2457,CUST0895,2025-12-06,Home & Kitchen,Wall Clock,531.74,2,North,UPI,31.0,3.0,5.0,1063.48
2093,CUST0351,2025-06-13,Fashion,Cotton T-Shirt,4534.26,1,South,Debit Card,21.0,3.0,4.0,4534.26
3023,CUST0636,2024-09-16,Electronics,Phone Case,2713.63,2,Central,Net Banking,47.0,2.0,4.0,5427.26
1905,CUST0365,2025-03-29,Fashion,Cotton T-Shirt,3881.89,2,east,UPI,35.0,5.0,5.0,7763.78
3779,CUST0239,2024-07-20,Electronics,Phone Case,1848.79,1,Central,UPI,32.0,2.0,5.0,1848.79
3603,CUST0347,2025-07-20,Home & Kitchen,Storage Boxes,4941.76,1,South,Debit Card,32.0,4.0,4.0,4941.76
1367,CUST0460,2024-03-13,Electronics,Bluetooth Speaker,4544.39,2,North,UPI,39.0,5.0,,9088.78
1346,CUST0783,2024-03-11,Fashion,Denim Jacket,1383.14,1,South,UPI,30.0,3.0,4.0,1383.14
3584,CUST0211,2024-11-14,Fashion,Sunglasses,2075.01,1,North,Net Banking,31.0,7.0,4.0,2075.01
2373,CUST0256,2025-07-12,Electronics,Bluetooth Speaker,1086.44,1,East,Cash on Delivery,48.0,4.0,4.0,1086.44
2640,CUST0812,2025-07-04,Home & Kitchen,Non-stick Pan,5992.09,1,North,Credit Card,30.0,3.0,4.0,5992.09
1920,CUST0810,2024-10-04,Electronics,Phone Case,1113.69,1,East,Credit Card,27.0,2.0,4.0,1113.69
1212,CUST0454,2024-10-15,Beauty,Lip Balm Set,888.65,1,West,Debit Card,29.0,3.0,5.0,888.65
2604,CUST0043,2024-06-18,Fashion,Sunglasses,4434.92,1,Central,UPI,46.0,4.0,1.0,4434.92
3551,CUST0388,2025-12-23,Sports,Yoga Mat,2906.63,1,south,Credit Card,26.0,5.0,4.0,2906.63
1538,CUST0728,2024-06-19,Electronics,Phone Case,5217.46,1,west,Credit Card,36.0,2.0,5.0,5217.46
2221,CUST0015,2024-10-14,Fashion,Denim Jacket,4772.76,1,North,Debit Card,28.0,2.0,4.0,4772.76
1176,CUST0449,2025-12-26,Home & Kitchen,LED Desk Lamp,3874.52,1,East,UPI,28.0,1.0,4.0,3874.52
